cell_line_a,cell_line_b,cosine_similarity,lineage_a,lineage_b,same_lineage
CVCL_0001,CVCL_2481,0.9525808691978455,blood,blood,True
CVCL_0001,CVCL_0216,0.8330242037773132,blood,blood,True
CVCL_0001,CVCL_0217,0.797366738319397,blood,blood,True
CVCL_0001,CVCL_0379,0.7714685797691345,blood,blood,True
CVCL_0001,CVCL_2187,0.7704748511314392,blood,blood,True
CVCL_0001,CVCL_2037,0.7466956377029419,blood,blood,True
CVCL_0001,CVCL_0559,0.7460195422172546,blood,blood,True
CVCL_0001,CVCL_2079,0.7378717660903931,blood,blood,True
CVCL_0001,CVCL_2106,0.7193131446838379,blood,blood,True
CVCL_0001,CVCL_0388,0.706109881401062,blood,blood,True
CVCL_0001,CVCL_2120,0.6902487874031067,blood,blood,True
CVCL_0001,CVCL_0425,0.6630964875221252,blood,blood,True
CVCL_0001,CVCL_3043,0.6589223742485046,blood,blood,True
CVCL_0001,CVCL_2150,0.6324008107185364,blood,blood,True
CVCL_0001,CVCL_2149,0.6163576245307922,blood,blood,True
CVCL_0002,CVCL_1196,0.8057198524475098,blood,blood,True
CVCL_0002,CVCL_2162,0.7660751342773438,blood,blood,True
CVCL_0002,CVCL_2161,0.7381929159164429,blood,blood,True
CVCL_0002,CVCL_0098,0.7381883263587952,blood,blood,True
CVCL_0002,CVCL_1071,0.7308030724525452,blood,blood,True
CVCL_0002,CVCL_2119,0.7215797901153564,blood,blood,True
CVCL_0002,CVCL_0005,0.7211098074913025,blood,blood,True
CVCL_0002,CVCL_7916,0.7173659801483154,blood,blood,True
CVCL_0002,CVCL_1632,0.7102038264274597,blood,blood,True
CVCL_0002,CVCL_1694,0.7045485377311707,blood,blood,True
CVCL_0002,CVCL_2130,0.6935834288597107,blood,blood,True
CVCL_0002,CVCL_1425,0.6934890747070312,blood,blood,True
CVCL_0002,CVCL_1609,0.6744555234909058,blood,blood,True
CVCL_0002,CVCL_0064,0.6689281463623047,blood,blood,True
CVCL_0002,CVCL_0007,0.6667072772979736,blood,blood,True
CVCL_0004,CVCL_L434,0.8602743148803711,blood,blood,True
CVCL_0004,CVCL_2095,0.6609957218170166,blood,blood,True
CVCL_0004,CVCL_2149,0.5910355448722839,blood,blood,True
CVCL_0004,CVCL_0388,0.584666907787323,blood,blood,True
CVCL_0004,CVCL_0425,0.554241418838501,blood,blood,True
CVCL_0004,CVCL_2037,0.538021981716156,blood,blood,True
CVCL_0004,CVCL_3043,0.5286879539489746,blood,blood,True
CVCL_0004,CVCL_2120,0.5249509215354919,blood,blood,True
CVCL_0004,CVCL_2106,0.5220549702644348,blood,blood,True
CVCL_0004,CVCL_0379,0.5173463225364685,blood,blood,True
CVCL_0004,CVCL_2079,0.5147358775138855,blood,blood,True
CVCL_0004,CVCL_0559,0.5016887784004211,blood,blood,True
CVCL_0004,CVCL_2150,0.4945289194583893,blood,blood,True
CVCL_0004,CVCL_2187,0.4932018220424652,blood,blood,True
CVCL_0004,CVCL_2481,0.48742979764938354,blood,blood,True
CVCL_0005,CVCL_1196,0.7281085848808289,blood,blood,True
CVCL_0005,CVCL_2162,0.7166038155555725,blood,blood,True
CVCL_0005,CVCL_1694,0.693963348865509,blood,blood,True
CVCL_0005,CVCL_2119,0.6901559233665466,blood,blood,True
CVCL_0005,CVCL_2191,0.6898891925811768,blood,blood,True
CVCL_0005,CVCL_0007,0.6751641631126404,blood,blood,True
CVCL_0005,CVCL_1426,0.6657412052154541,blood,blood,True
CVCL_0005,CVCL_7916,0.6656051874160767,blood,blood,True
CVCL_0005,CVCL_2161,0.6616610884666443,blood,blood,True
CVCL_0005,CVCL_1632,0.6572230458259583,blood,blood,True
CVCL_0005,CVCL_1071,0.6542049050331116,blood,blood,True
CVCL_0005,CVCL_0098,0.6514983773231506,blood,blood,True
CVCL_0005,CVCL_0614,0.6487428545951843,blood,blood,True
CVCL_0005,CVCL_0589,0.6462674736976624,blood,blood,True
CVCL_0006,CVCL_1619,0.7772015929222107,blood,blood,True
CVCL_0006,CVCL_1425,0.7577604055404663,blood,blood,True
CVCL_0006,CVCL_2119,0.7502666711807251,blood,blood,True
CVCL_0006,CVCL_1609,0.7309774160385132,blood,blood,True
CVCL_0006,CVCL_0064,0.7289482951164246,blood,blood,True
CVCL_0006,CVCL_2161,0.7213134169578552,blood,blood,True
CVCL_0006,CVCL_1632,0.7177243232727051,blood,blood,True
CVCL_0006,CVCL_0098,0.7131630778312683,blood,blood,True
CVCL_0006,CVCL_1426,0.7128032445907593,blood,blood,True
CVCL_0006,CVCL_1620,0.7093762159347534,blood,blood,True
CVCL_0006,CVCL_7916,0.7073588967323303,blood,blood,True
CVCL_0006,CVCL_0007,0.6941323280334473,blood,blood,True
CVCL_0006,CVCL_1694,0.6629728674888611,blood,blood,True
CVCL_0006,CVCL_1844,0.660866379737854,blood,blood,True
CVCL_0006,CVCL_0002,0.6414340138435364,blood,blood,True
CVCL_0007,CVCL_2161,0.8003391623497009,blood,blood,True
CVCL_0007,CVCL_1694,0.7676671743392944,blood,blood,True
CVCL_0007,CVCL_1425,0.7638422250747681,blood,blood,True
CVCL_0007,CVCL_1632,0.7630943655967712,blood,blood,True
CVCL_0007,CVCL_1426,0.7460516095161438,blood,blood,True
CVCL_0007,CVCL_1071,0.7250615358352661,blood,blood,True
CVCL_0007,CVCL_2162,0.7246583700180054,blood,blood,True
CVCL_0007,CVCL_2119,0.7146424055099487,blood,blood,True
CVCL_0007,CVCL_1609,0.7145304083824158,blood,blood,True
CVCL_0007,CVCL_7916,0.7007133960723877,blood,blood,True
CVCL_0007,CVCL_1619,0.6991218328475952,blood,blood,True
CVCL_0007,CVCL_1844,0.6979034543037415,blood,blood,True
CVCL_0007,CVCL_1196,0.6964214444160461,blood,blood,True
CVCL_0007,CVCL_2191,0.6891400218009949,blood,blood,True
CVCL_0008,CVCL_0539,0.7762337923049927,lymphocyte,lymphocyte,True
CVCL_0008,CVCL_2027,0.7590122222900391,lymphocyte,lymphocyte,True
CVCL_0008,CVCL_1179,0.751502513885498,lymphocyte,lymphocyte,True
CVCL_0008,CVCL_1087,0.7512784004211426,lymphocyte,lymphocyte,True
CVCL_0008,CVCL_1222,0.7501906156539917,lymphocyte,lymphocyte,True
CVCL_0008,CVCL_1088,0.745053231716156,lymphocyte,lymphocyte,True
CVCL_0008,CVCL_1186,0.743755042552948,lymphocyte,lymphocyte,True
CVCL_0008,CVCL_0511,0.7428857088088989,lymphocyte,lymphocyte,True
CVCL_0008,CVCL_2676,0.731033444404602,lymphocyte,lymphocyte,True
CVCL_0008,CVCL_1889,0.6990029215812683,lymphocyte,lymphocyte,True
CVCL_0008,CVCL_B371,0.6949549317359924,lymphocyte,lymphocyte,True
CVCL_0008,CVCL_1101,0.6942599415779114,lymphocyte,lymphocyte,True
CVCL_0008,CVCL_1902,0.6940258145332336,lymphocyte,lymphocyte,True
CVCL_0008,CVCL_1399,0.6937154531478882,lymphocyte,lymphocyte,True
CVCL_0008,CVCL_1967,0.6791824102401733,lymphocyte,lymphocyte,True
CVCL_0009,CVCL_H637,0.6310372352600098,lymphocyte,lymphocyte,True
CVCL_0009,CVCL_3526,0.58169025182724,lymphocyte,lymphocyte,True
CVCL_0009,CVCL_1414,0.5804016590118408,lymphocyte,lymphocyte,True
CVCL_0009,CVCL_1362,0.5631055235862732,lymphocyte,lymphocyte,True
CVCL_0009,CVCL_1319,0.5219514966011047,lymphocyte,lymphocyte,True
CVCL_0009,CVCL_RL84,0.5048675537109375,lymphocyte,lymphocyte,True
CVCL_0009,CVCL_2096,0.502829372882843,lymphocyte,lymphocyte,True
CVCL_0009,CVCL_1099,0.4909868836402893,lymphocyte,lymphocyte,True
CVCL_0009,CVCL_H614,0.4908120334148407,lymphocyte,lymphocyte,True
CVCL_0009,CVCL_1870,0.48853904008865356,lymphocyte,blood,False
CVCL_0009,CVCL_8796,0.4861382842063904,lymphocyte,lymphocyte,True
CVCL_0009,CVCL_2526,0.47781166434288025,lymphocyte,plasma_cell,False
CVCL_0009,CVCL_3032,0.47195813059806824,lymphocyte,lymphocyte,True
CVCL_0009,CVCL_2889,0.47040000557899475,lymphocyte,lymphocyte,True
CVCL_0009,CVCL_1324,0.46932095289230347,lymphocyte,lymphocyte,True
CVCL_0012,CVCL_2992,0.718040406703949,plasma_cell,plasma_cell,True
CVCL_0012,CVCL_E332,0.6693795323371887,plasma_cell,plasma_cell,True
CVCL_0012,CVCL_2996,0.6648821830749512,plasma_cell,plasma_cell,True
CVCL_0012,CVCL_1625,0.6547380089759827,plasma_cell,plasma_cell,True
CVCL_0012,CVCL_1806,0.6359599828720093,plasma_cell,plasma_cell,True
CVCL_0012,CVCL_8792,0.624127984046936,plasma_cell,plasma_cell,True
CVCL_0012,CVCL_2994,0.613037109375,plasma_cell,plasma_cell,True
CVCL_0012,CVCL_5210,0.6048457026481628,plasma_cell,plasma_cell,True
CVCL_0012,CVCL_1357,0.6043974757194519,plasma_cell,plasma_cell,True
CVCL_0012,CVCL_2030,0.6014195084571838,plasma_cell,plasma_cell,True
CVCL_0012,CVCL_2123,0.5944158434867859,plasma_cell,plasma_cell,True
CVCL_0012,CVCL_1600,0.5916925072669983,plasma_cell,plasma_cell,True
CVCL_0012,CVCL_2993,0.5733316540718079,plasma_cell,plasma_cell,True
CVCL_0012,CVCL_0566,0.5590863823890686,plasma_cell,plasma_cell,True
CVCL_0012,CVCL_2989,0.5530523657798767,plasma_cell,plasma_cell,True
CVCL_0014,CVCL_8792,0.5403066873550415,plasma_cell,plasma_cell,True
CVCL_0014,CVCL_E332,0.5273063778877258,plasma_cell,plasma_cell,True
CVCL_0014,CVCL_2991,0.4883551001548767,plasma_cell,plasma_cell,True
CVCL_0014,CVCL_1806,0.46815580129623413,plasma_cell,plasma_cell,True
CVCL_0014,CVCL_1823,0.4635609984397888,plasma_cell,plasma_cell,True
CVCL_0014,CVCL_2030,0.4629376232624054,plasma_cell,plasma_cell,True
CVCL_0014,CVCL_2992,0.4605086147785187,plasma_cell,plasma_cell,True
CVCL_0014,CVCL_2123,0.4564225971698761,plasma_cell,plasma_cell,True
CVCL_0014,CVCL_2078,0.44461962580680847,plasma_cell,plasma_cell,True
CVCL_0014,CVCL_1600,0.44120192527770996,plasma_cell,plasma_cell,True
CVCL_0014,CVCL_2996,0.43092113733291626,plasma_cell,plasma_cell,True
CVCL_0014,CVCL_0012,0.42705363035202026,plasma_cell,plasma_cell,True
CVCL_0014,CVCL_0566,0.42409446835517883,plasma_cell,plasma_cell,True
CVCL_0014,CVCL_1818,0.4204857349395752,plasma_cell,lymphocyte,False
CVCL_0014,CVCL_1320,0.39761701226234436,plasma_cell,blood,False
CVCL_0018,CVCL_1155,0.7538546919822693,central_nervous_system,central_nervous_system,True
CVCL_0018,CVCL_1893,0.6506232023239136,central_nervous_system,eye,False
CVCL_0018,CVCL_1132,0.6218779683113098,central_nervous_system,uterus,False
CVCL_0018,CVCL_1161,0.6175791621208191,central_nervous_system,central_nervous_system,True
CVCL_0018,CVCL_1591,0.6130159497261047,central_nervous_system,lung,False
CVCL_0018,CVCL_1792,0.597861111164093,central_nervous_system,eye,False
CVCL_0018,CVCL_1275,0.5957827568054199,central_nervous_system,central_nervous_system,True
CVCL_0018,CVCL_VU79,0.5684329271316528,central_nervous_system,central_nervous_system,True
CVCL_0018,CVCL_1568,0.5480474829673767,central_nervous_system,lung,False
CVCL_0018,CVCL_0346,0.532896876335144,central_nervous_system,peripheral_nervous_system,False
CVCL_0018,CVCL_1124,0.5299869179725647,central_nervous_system,peripheral_nervous_system,False
CVCL_0018,CVCL_1412,0.5276532173156738,central_nervous_system,peripheral_nervous_system,False
CVCL_0018,CVCL_2141,0.5177480578422546,central_nervous_system,peripheral_nervous_system,False
CVCL_0018,CVCL_1123,0.49993661046028137,central_nervous_system,peripheral_nervous_system,False
CVCL_0018,CVCL_5627,0.498582124710083,central_nervous_system,peripheral_nervous_system,False
CVCL_0019,CVCL_6594,0.8312442302703857,peripheral_nervous_system,peripheral_nervous_system,True
CVCL_0019,CVCL_0531,0.808987021446228,peripheral_nervous_system,peripheral_nervous_system,True
CVCL_0019,CVCL_1605,0.8078487515449524,peripheral_nervous_system,peripheral_nervous_system,True
CVCL_0019,CVCL_1341,0.784441351890564,peripheral_nervous_system,peripheral_nervous_system,True
CVCL_0019,CVCL_0528,0.7767316102981567,peripheral_nervous_system,peripheral_nervous_system,True
CVCL_0019,CVCL_5627,0.7759262323379517,peripheral_nervous_system,peripheral_nervous_system,True
CVCL_0019,CVCL_1606,0.7725469470024109,peripheral_nervous_system,peripheral_nervous_system,True
CVCL_0019,CVCL_1412,0.7708930373191833,peripheral_nervous_system,peripheral_nervous_system,True
CVCL_0019,CVCL_2092,0.7674839496612549,peripheral_nervous_system,peripheral_nervous_system,True
CVCL_0019,CVCL_1339,0.7665563821792603,peripheral_nervous_system,peripheral_nervous_system,True
CVCL_0019,CVCL_1123,0.7277006506919861,peripheral_nervous_system,peripheral_nervous_system,True
CVCL_0019,CVCL_AX49,0.7212576866149902,peripheral_nervous_system,peripheral_nervous_system,True
CVCL_0019,CVCL_AX42,0.6941441297531128,peripheral_nervous_system,peripheral_nervous_system,True
CVCL_0019,CVCL_1695,0.6937500834465027,peripheral_nervous_system,peripheral_nervous_system,True
CVCL_0019,CVCL_2143,0.684938371181488,peripheral_nervous_system,peripheral_nervous_system,True
CVCL_0021,CVCL_5033,0.6651033759117126,central_nervous_system,central_nervous_system,True
CVCL_0021,CVCL_3955,0.6374229192733765,central_nervous_system,central_nervous_system,True
CVCL_0021,CVCL_2050,0.5862636566162109,central_nervous_system,central_nervous_system,True
CVCL_0021,CVCL_1169,0.5745692849159241,central_nervous_system,central_nervous_system,True
CVCL_0021,CVCL_1R14,0.548900306224823,central_nervous_system,central_nervous_system,True
CVCL_0021,CVCL_0378,0.5372954607009888,central_nervous_system,central_nervous_system,True
CVCL_0021,CVCL_2799,0.5345773696899414,central_nervous_system,central_nervous_system,True
CVCL_0021,CVCL_3958,0.5271244049072266,central_nervous_system,central_nervous_system,True
CVCL_0021,CVCL_8585,0.4875873029232025,central_nervous_system,central_nervous_system,True
CVCL_0021,CVCL_3957,0.48682162165641785,central_nervous_system,central_nervous_system,True
CVCL_0021,CVCL_5080,0.4793708324432373,central_nervous_system,central_nervous_system,True
CVCL_0021,CVCL_4773,0.4789104163646698,central_nervous_system,central_nervous_system,True
CVCL_0021,CVCL_1608,0.47827646136283875,central_nervous_system,central_nervous_system,True
CVCL_0021,CVCL_1227,0.4745083749294281,central_nervous_system,central_nervous_system,True
CVCL_0021,CVCL_1706,0.4569036364555359,central_nervous_system,central_nervous_system,True
CVCL_0022,CVCL_5069,0.5609018206596375,central_nervous_system,central_nervous_system,True
CVCL_0022,CVCL_5010,0.549704372882843,central_nervous_system,central_nervous_system,True
CVCL_0022,CVCL_0844,0.5250540971755981,central_nervous_system,central_nervous_system,True
CVCL_0022,CVCL_1117,0.49930864572525024,central_nervous_system,central_nervous_system,True
CVCL_0022,CVCL_0633,0.48134052753448486,central_nervous_system,central_nervous_system,True
CVCL_0022,CVCL_1722,0.4761314392089844,central_nervous_system,central_nervous_system,True
CVCL_0022,CVCL_3955,0.45791611075401306,central_nervous_system,central_nervous_system,True
CVCL_0022,CVCL_1715,0.45115789771080017,central_nervous_system,central_nervous_system,True
CVCL_0022,CVCL_1R16,0.4380932152271271,central_nervous_system,central_nervous_system,True
CVCL_0022,CVCL_3960,0.43708327412605286,central_nervous_system,central_nervous_system,True
CVCL_0022,CVCL_1226,0.4327041208744049,central_nervous_system,central_nervous_system,True
CVCL_0022,CVCL_5723,0.43175846338272095,central_nervous_system,central_nervous_system,True
CVCL_0022,CVCL_1169,0.430200457572937,central_nervous_system,central_nervous_system,True
CVCL_0022,CVCL_A758,0.43012747168540955,central_nervous_system,central_nervous_system,True
CVCL_0022,CVCL_WU66,0.4289504587650299,central_nervous_system,bone,False
CVCL_0023,CVCL_1515,0.593052089214325,lung,lung,True
CVCL_0023,CVCL_1508,0.5622057318687439,lung,lung,True
CVCL_0023,CVCL_2214,0.5323641896247864,lung,bile_duct,False
CVCL_0023,CVCL_1195,0.5059077143669128,lung,lung,True
CVCL_0023,CVCL_1655,0.5012776255607605,lung,lung,True
CVCL_0023,CVCL_5136,0.4838915467262268,lung,lung,True
CVCL_0023,CVCL_1517,0.48205897212028503,lung,lung,True
CVCL_0023,CVCL_5008,0.449325293302536,lung,bile_duct,False
CVCL_0023,CVCL_1475,0.4443994164466858,lung,lung,True
CVCL_0023,CVCL_0459,0.44265052676200867,lung,lung,True
CVCL_0023,CVCL_1464,0.4307722747325897,lung,lung,True
CVCL_0023,CVCL_1484,0.4287392497062683,lung,lung,True
CVCL_0023,CVCL_1472,0.42744284868240356,lung,lung,True
CVCL_0023,CVCL_5102,0.3596210777759552,lung,liver,False
CVCL_0023,CVCL_2956,0.3593541979789734,lung,liver,False
CVCL_0024,CVCL_2186,0.8717426657676697,lung,lung,True
CVCL_0024,CVCL_1536,0.7512484192848206,lung,lung,True
CVCL_0024,CVCL_1140,0.7359386086463928,lung,lung,True
CVCL_0024,CVCL_1454,0.7358418703079224,lung,lung,True
CVCL_0024,CVCL_1568,0.727366030216217,lung,lung,True
CVCL_0024,CVCL_1510,0.7009448409080505,lung,lung,True
CVCL_0024,CVCL_1522,0.6985812187194824,lung,lung,True
CVCL_0024,CVCL_1389,0.6936113238334656,lung,lung,True
CVCL_0024,CVCL_1489,0.6872745156288147,lung,lung,True
CVCL_0024,CVCL_2415,0.6795152425765991,lung,lung,True
CVCL_0024,CVCL_1391,0.6740258932113647,lung,lung,True
CVCL_0024,CVCL_1456,0.6642505526542664,lung,lung,True
CVCL_0024,CVCL_2409,0.662305474281311,lung,lung,True
CVCL_0024,CVCL_1124,0.644943118095398,lung,peripheral_nervous_system,False
CVCL_0024,CVCL_1525,0.6434571743011475,lung,lung,True
CVCL_0025,CVCL_1096,0.8775683641433716,colorectal,colorectal,True
CVCL_0025,CVCL_4381,0.5004872679710388,colorectal,liver,False
CVCL_0025,CVCL_2749,0.49893733859062195,colorectal,urinary_tract,False
CVCL_0025,CVCL_9980,0.4975210428237915,colorectal,colorectal,True
CVCL_0025,CVCL_0336,0.4959903061389923,colorectal,liver,False
CVCL_0025,CVCL_1979,0.4904228448867798,colorectal,colorectal,True
CVCL_0025,CVCL_0364,0.4876740574836731,colorectal,liver,False
CVCL_0025,CVCL_2805,0.4857661724090576,colorectal,liver,False
CVCL_0025,CVCL_8764,0.47181764245033264,colorectal,colorectal,True
CVCL_0025,CVCL_0326,0.45561936497688293,colorectal,liver,False
CVCL_0025,CVCL_3088,0.4532805383205414,colorectal,colorectal,True
CVCL_0025,CVCL_5250,0.44323599338531494,colorectal,colorectal,True
CVCL_0025,CVCL_5078,0.4389065206050873,colorectal,colorectal,True
CVCL_0025,CVCL_2908,0.4367598295211792,colorectal,gastric,False
CVCL_0025,CVCL_5002,0.43045300245285034,colorectal,colorectal,True
CVCL_0026,CVCL_S507,0.6137780547142029,pancreas,pancreas,True
CVCL_0026,CVCL_M466,0.5815750360488892,pancreas,pancreas,True
CVCL_0026,CVCL_1119,0.563821017742157,pancreas,pancreas,True
CVCL_0026,CVCL_0237,0.562728762626648,pancreas,pancreas,True
CVCL_0026,CVCL_1633,0.5407474637031555,pancreas,pancreas,True
CVCL_0026,CVCL_1636,0.5351918339729309,pancreas,pancreas,True
CVCL_0026,CVCL_A1UH,0.5324018597602844,pancreas,pancreas,True
CVCL_0026,CVCL_1639,0.5295618772506714,pancreas,pancreas,True
CVCL_0026,CVCL_3517,0.5292943120002747,pancreas,pancreas,True
CVCL_0026,CVCL_1849,0.528072714805603,pancreas,pancreas,True
CVCL_0026,CVCL_1603,0.5261052846908569,pancreas,gastric,False
CVCL_0026,CVCL_A1VG,0.5174530148506165,pancreas,bile_duct,False
CVCL_0026,CVCL_1638,0.5165550708770752,pancreas,pancreas,True
CVCL_0026,CVCL_5034,0.5092615485191345,pancreas,pancreas,True
CVCL_0026,CVCL_2090,0.5019425749778748,pancreas,pancreas,True
CVCL_0027,CVCL_0336,0.7052072882652283,liver,liver,True
CVCL_0027,CVCL_0326,0.7013635039329529,liver,liver,True
CVCL_0027,CVCL_2805,0.683810830116272,liver,liver,True
CVCL_0027,CVCL_0364,0.6511297821998596,liver,liver,True
CVCL_0027,CVCL_4381,0.6077457070350647,liver,liver,True
CVCL_0027,CVCL_2908,0.5981515645980835,liver,gastric,False
CVCL_0027,CVCL_2956,0.5553519129753113,liver,liver,True
CVCL_0027,CVCL_0485,0.46081602573394775,liver,liver,True
CVCL_0027,CVCL_A1VD,0.4577285349369049,liver,bile_duct,False
CVCL_0027,CVCL_5102,0.4275314211845398,liver,liver,True
CVCL_0027,CVCL_5089,0.39103031158447266,liver,liver,True
CVCL_0027,CVCL_0025,0.377401739358902,liver,colorectal,False
CVCL_0027,CVCL_1850,0.3746779263019562,liver,pancreas,False
CVCL_0027,CVCL_1096,0.3727923333644867,liver,colorectal,False
CVCL_0027,CVCL_3840,0.34235402941703796,liver,liver,True
CVCL_0028,CVCL_1479,0.36360830068588257,uterus,lung,False
CVCL_0028,CVCL_1406,0.3394840657711029,uterus,uterus,True
CVCL_0028,CVCL_4656,0.3311426043510437,uterus,uterus,True
CVCL_0028,CVCL_8007,0.29749438166618347,uterus,soft_tissue,False
CVCL_0028,CVCL_1755,0.29699522256851196,uterus,soft_tissue,False
CVCL_0028,CVCL_0542,0.2956025004386902,uterus,adrenal_cortex,False
CVCL_0028,CVCL_U760,0.2922353744506836,uterus,soft_tissue,False
CVCL_0028,CVCL_1301,0.2897200882434845,uterus,gastric,False
CVCL_0028,CVCL_1989,0.2749585211277008,uterus,colorectal,False
CVCL_0028,CVCL_1567,0.27388817071914673,uterus,lung,False
CVCL_0028,CVCL_1174,0.26887139678001404,uterus,lung,False
CVCL_0028,CVCL_0077,0.26701879501342773,uterus,liver,False
CVCL_0028,CVCL_6C44,0.26335012912750244,uterus,soft_tissue,False
CVCL_0028,CVCL_1664,0.2618475556373596,uterus,upper_aerodigestive,False
CVCL_0028,CVCL_1595,0.2609492242336273,uterus,lung,False
CVCL_0029,CVCL_2927,0.524595320224762,ovary,uterus,False
CVCL_0029,CVCL_1627,0.519586980342865,ovary,ovary,True
CVCL_0029,CVCL_4658,0.5106119513511658,ovary,uterus,False
CVCL_0029,CVCL_3116,0.5091698169708252,ovary,ovary,True
CVCL_0029,CVCL_E063,0.5081225633621216,ovary,uterus,False
CVCL_0029,CVCL_0532,0.5051313042640686,ovary,ovary,True
CVCL_0029,CVCL_1615,0.49361008405685425,ovary,ovary,True
CVCL_0029,CVCL_2930,0.484977662563324,ovary,uterus,False
CVCL_0029,CVCL_2785,0.48130449652671814,ovary,liver,False
CVCL_0029,CVCL_1304,0.4723273515701294,ovary,ovary,True
CVCL_0029,CVCL_5007,0.4701510965824127,ovary,uterus,False
CVCL_0029,CVCL_DH06,0.4681910574436188,ovary,ovary,True
CVCL_0029,CVCL_2420,0.46348780393600464,ovary,ovary,True
CVCL_0029,CVCL_4649,0.46169835329055786,ovary,ovary,True
CVCL_0029,CVCL_5014,0.46143603324890137,ovary,ovary,True
CVCL_0030,CVCL_1537,0.4007498621940613,cervix,lung,False
CVCL_0030,CVCL_2193,0.3906012773513794,cervix,cervix,True
CVCL_0030,CVCL_1481,0.3617607653141022,cervix,lung,False
CVCL_0030,CVCL_2060,0.3167579472064972,cervix,lung,False
CVCL_0030,CVCL_0032,0.3136471211910248,cervix,cervix,True
CVCL_0030,CVCL_5081,0.31342387199401855,cervix,gastric,False
CVCL_0030,CVCL_1121,0.3108614385128021,cervix,lung,False
CVCL_0030,CVCL_2793,0.30380746722221375,cervix,uterus,False
CVCL_0030,CVCL_0201,0.2995794713497162,cervix,ovary,False
CVCL_0030,CVCL_4644,0.2991759479045868,cervix,ovary,False
CVCL_0030,CVCL_4996,0.29438602924346924,cervix,cervix,True
CVCL_0030,CVCL_1464,0.286959707736969,cervix,lung,False
CVCL_0030,CVCL_1195,0.2848144471645355,cervix,lung,False
CVCL_0030,CVCL_0459,0.28471308946609497,cervix,lung,False
CVCL_0030,CVCL_5100,0.28432556986808777,cervix,ovary,False
CVCL_0031,CVCL_2094,0.745901346206665,breast,breast,True
CVCL_0031,CVCL_2319,0.42583954334259033,breast,breast,True
CVCL_0031,CVCL_0179,0.4164535701274872,breast,breast,True
CVCL_0031,CVCL_0620,0.39854854345321655,breast,breast,True
CVCL_0031,CVCL_3424,0.3962583541870117,breast,breast,True
CVCL_0031,CVCL_1254,0.39380982518196106,breast,breast,True
CVCL_0031,CVCL_1812,0.3933527171611786,breast,breast,True
CVCL_0031,CVCL_1115,0.38215282559394836,breast,breast,True
CVCL_0031,CVCL_1782,0.3734157979488373,breast,breast,True
CVCL_0031,CVCL_1781,0.36831289529800415,breast,breast,True
CVCL_0031,CVCL_0588,0.36156412959098816,breast,breast,True
CVCL_0031,CVCL_1400,0.3599536120891571,breast,breast,True
CVCL_0031,CVCL_0553,0.35523146390914917,breast,breast,True
CVCL_0031,CVCL_1252,0.3537725806236267,breast,breast,True
CVCL_0031,CVCL_1263,0.33456146717071533,breast,breast,True
CVCL_0032,CVCL_1704,0.4072236120700836,cervix,cervix,True
CVCL_0032,CVCL_1537,0.35008999705314636,cervix,lung,False
CVCL_0032,CVCL_L079,0.34963199496269226,cervix,upper_aerodigestive,False
CVCL_0032,CVCL_1547,0.34558191895484924,cervix,lung,False
CVCL_0032,CVCL_1192,0.3374722898006439,cervix,ovary,False
CVCL_0032,CVCL_1089,0.3372111916542053,cervix,cervix,True
CVCL_0032,CVCL_1759,0.33602142333984375,cervix,esophagus,False
CVCL_0032,CVCL_1475,0.3232835531234741,cervix,lung,False
CVCL_0032,CVCL_1131,0.3218308091163635,cervix,esophagus,False
CVCL_0032,CVCL_2918,0.3212393522262573,cervix,cervix,True
CVCL_0032,CVCL_2794,0.3205876648426056,cervix,uterus,False
CVCL_0032,CVCL_1511,0.3186275362968445,cervix,lung,False
CVCL_0032,CVCL_1427,0.3167843818664551,cervix,lung,False
CVCL_0032,CVCL_4996,0.315322607755661,cervix,cervix,True
CVCL_0033,CVCL_1074,0.7989785671234131,breast,breast,True
CVCL_0033,CVCL_1812,0.6286508440971375,breast,breast,True
CVCL_0033,CVCL_1782,0.5595966577529907,breast,breast,True
CVCL_0033,CVCL_1400,0.5148839950561523,breast,breast,True
CVCL_0033,CVCL_0419,0.4800182282924652,breast,breast,True
CVCL_0033,CVCL_0588,0.4791378378868103,breast,breast,True
CVCL_0033,CVCL_2062,0.470536470413208,breast,breast,True
CVCL_0033,CVCL_2319,0.45526450872421265,breast,breast,True
CVCL_0033,CVCL_0178,0.4552428126335144,breast,breast,True
CVCL_0033,CVCL_1654,0.45117756724357605,breast,lung,False
CVCL_0033,CVCL_1532,0.443300724029541,breast,lung,False
CVCL_0033,CVCL_0621,0.4405488967895508,breast,breast,True
CVCL_0033,CVCL_1661,0.4323708713054657,breast,breast,True
CVCL_0033,CVCL_1781,0.4310387372970581,breast,breast,True
CVCL_0033,CVCL_0179,0.4303673505783081,breast,breast,True
CVCL_0035,CVCL_0126,0.3814673125743866,prostate,urinary_tract,False
CVCL_0035,CVCL_5126,0.3767733573913574,prostate,lung,False
CVCL_0035,CVCL_LM83,0.37236759066581726,prostate,gastric,False
CVCL_0035,CVCL_M466,0.3696063458919525,prostate,pancreas,False
CVCL_0035,CVCL_A1VC,0.33827799558639526,prostate,bile_duct,False
CVCL_0035,CVCL_1552,0.33221954107284546,prostate,lung,False
CVCL_0035,CVCL_1634,0.3310702443122864,prostate,pancreas,False
CVCL_0035,CVCL_1114,0.3300618827342987,prostate,breast,False
CVCL_0035,CVCL_1652,0.3268924057483673,prostate,lung,False
CVCL_0035,CVCL_M469,0.3261786699295044,prostate,pancreas,False
CVCL_0035,CVCL_5034,0.3213638663291931,prostate,pancreas,False
CVCL_0035,CVCL_V613,0.3212030231952667,prostate,central_nervous_system,False
CVCL_0035,CVCL_0334,0.31703802943229675,prostate,pancreas,False
CVCL_0035,CVCL_1670,0.31688329577445984,prostate,urinary_tract,False
CVCL_0035,CVCL_1849,0.316194623708725,prostate,pancreas,False
CVCL_0036,CVCL_1728,0.5782942771911621,urinary_tract,urinary_tract,True
CVCL_0036,CVCL_2714,0.5718538761138916,urinary_tract,urinary_tract,True
CVCL_0036,CVCL_1670,0.5616363286972046,urinary_tract,urinary_tract,True
CVCL_0036,CVCL_2743,0.5234628915786743,urinary_tract,urinary_tract,True
CVCL_0036,CVCL_2977,0.5179385542869568,urinary_tract,urinary_tract,True
CVCL_0036,CVCL_2747,0.5040819644927979,urinary_tract,urinary_tract,True
CVCL_0036,CVCL_2752,0.48107168078422546,urinary_tract,urinary_tract,True
CVCL_0036,CVCL_2753,0.46875545382499695,urinary_tract,urinary_tract,True
CVCL_0036,CVCL_4718,0.4452550411224365,urinary_tract,pancreas,False
CVCL_0036,CVCL_1482,0.4434250295162201,urinary_tract,lung,False
CVCL_0036,CVCL_1808,0.43739330768585205,urinary_tract,urinary_tract,True
CVCL_0036,CVCL_1400,0.42929595708847046,urinary_tract,breast,False
CVCL_0036,CVCL_2748,0.40647080540657043,urinary_tract,urinary_tract,True
CVCL_0036,CVCL_1764,0.39348748326301575,urinary_tract,esophagus,False
CVCL_0036,CVCL_5005,0.3756507933139801,urinary_tract,upper_aerodigestive,False
CVCL_0037,CVCL_2222,0.7609339952468872,skin,upper_aerodigestive,False
CVCL_0037,CVCL_1063,0.7555245161056519,skin,epidermoid_carcinoma,False
CVCL_0037,CVCL_2679,0.746493399143219,skin,upper_aerodigestive,False
CVCL_0037,CVCL_2229,0.733318030834198,skin,upper_aerodigestive,False
CVCL_0037,CVCL_1107,0.7196756601333618,skin,upper_aerodigestive,False
CVCL_0037,CVCL_2221,0.712919294834137,skin,upper_aerodigestive,False
CVCL_0037,CVCL_2313,0.699547529220581,skin,upper_aerodigestive,False
CVCL_0037,CVCL_1102,0.6990084648132324,skin,upper_aerodigestive,False
CVCL_0037,CVCL_1761,0.6952733397483826,skin,esophagus,False
CVCL_0037,CVCL_2661,0.6932393312454224,skin,esophagus,False
CVCL_0037,CVCL_1682,0.6909068822860718,skin,upper_aerodigestive,False
CVCL_0037,CVCL_2681,0.684828519821167,skin,upper_aerodigestive,False
CVCL_0037,CVCL_1732,0.6845763921737671,skin,cervix,False
CVCL_0037,CVCL_3599,0.6839786171913147,skin,urinary_tract,False
CVCL_0037,CVCL_2678,0.6806368231773376,skin,upper_aerodigestive,False
CVCL_0039,CVCL_1779,0.8105314373970032,skin,skin,True
CVCL_0039,CVCL_1692,0.8030514717102051,skin,skin,True
CVCL_0039,CVCL_2075,0.801060140132904,skin,skin,True
CVCL_0039,CVCL_1303,0.794529914855957,skin,skin,True
CVCL_0039,CVCL_0445,0.7883892059326172,skin,skin,True
CVCL_0039,CVCL_0526,0.7731780409812927,skin,skin,True
CVCL_0039,CVCL_1672,0.7598386406898499,skin,skin,True
CVCL_0039,CVCL_2610,0.7462281584739685,skin,skin,True
CVCL_0039,CVCL_5951,0.7457267642021179,skin,skin,True
CVCL_0039,CVCL_1134,0.74202960729599,skin,skin,True
CVCL_0039,CVCL_2950,0.7417699098587036,skin,skin,True
CVCL_0039,CVCL_1307,0.7317290902137756,skin,skin,True
CVCL_0039,CVCL_3962,0.7316476106643677,skin,central_nervous_system,False
CVCL_0039,CVCL_6809,0.7312243580818176,skin,skin,True
CVCL_0039,CVCL_1033,0.7277243733406067,skin,skin,True
CVCL_0040,CVCL_0599,0.7218912243843079,skin,skin,True
CVCL_0040,CVCL_0600,0.7104009985923767,skin,skin,True
CVCL_0040,CVCL_0318,0.7082401514053345,skin,skin,True
CVCL_0040,CVCL_A1VJ,0.701850950717926,skin,skin,True
CVCL_0040,CVCL_0331,0.6969019174575806,skin,skin,True
CVCL_0040,CVCL_A1VK,0.693827748298645,skin,skin,True
CVCL_0040,CVCL_A1UE,0.6800556182861328,skin,skin,True
CVCL_0040,CVCL_2408,0.6762182712554932,skin,skin,True
CVCL_0040,CVCL_2606,0.6648592948913574,skin,skin,True
CVCL_0040,CVCL_1135,0.657470166683197,skin,skin,True
CVCL_0040,CVCL_1057,0.6531594395637512,skin,skin,True
CVCL_0040,CVCL_2765,0.6520236730575562,skin,skin,True
CVCL_0040,CVCL_0393,0.6496356725692749,skin,central_nervous_system,False
CVCL_0040,CVCL_1036,0.635221004486084,skin,skin,True
CVCL_0040,CVCL_8787,0.6184462904930115,skin,skin,True
CVCL_0041,CVCL_L510,0.6963377594947815,soft_tissue,soft_tissue,True
CVCL_0041,CVCL_2176,0.6567522287368774,soft_tissue,soft_tissue,True
CVCL_0041,CVCL_V415,0.6426181793212891,soft_tissue,soft_tissue,True
CVCL_0041,CVCL_N820,0.6313988566398621,soft_tissue,soft_tissue,True
CVCL_0041,CVCL_A770,0.6095257997512817,soft_tissue,soft_tissue,True
CVCL_0041,CVCL_RT33,0.6003999710083008,soft_tissue,soft_tissue,True
CVCL_0041,CVCL_1649,0.5964839458465576,soft_tissue,soft_tissue,True
CVCL_0041,CVCL_VU81,0.5919321775436401,soft_tissue,soft_tissue,True
CVCL_0041,CVCL_M599,0.5737172961235046,soft_tissue,soft_tissue,True
CVCL_0041,CVCL_5916,0.5542079210281372,soft_tissue,soft_tissue,True
CVCL_0041,CVCL_A667,0.534034013748169,soft_tissue,soft_tissue,True
CVCL_0041,CVCL_1659,0.5000535249710083,soft_tissue,soft_tissue,True
CVCL_0041,CVCL_8752,0.47801297903060913,soft_tissue,soft_tissue,True
CVCL_0041,CVCL_B255,0.44621512293815613,soft_tissue,soft_tissue,True
CVCL_0041,CVCL_A1UY,0.3341951072216034,soft_tissue,soft_tissue,True
CVCL_0042,CVCL_1167,0.48543688654899597,bone,central_nervous_system,False
CVCL_0042,CVCL_2798,0.44403311610221863,bone,central_nervous_system,False
CVCL_0042,CVCL_2584,0.4420936703681946,bone,skin,False
CVCL_0042,CVCL_0543,0.43776795268058777,bone,bone,True
CVCL_0042,CVCL_0090,0.4315631687641144,bone,liver,False
CVCL_0042,CVCL_2585,0.42606279253959656,bone,skin,False
CVCL_0042,CVCL_0392,0.4074972867965698,bone,central_nervous_system,False
CVCL_0042,CVCL_0851,0.3982074558734894,bone,skin,False
CVCL_0042,CVCL_2955,0.3905484080314636,bone,bile_duct,False
CVCL_0042,CVCL_2799,0.38751187920570374,bone,central_nervous_system,False
CVCL_0042,CVCL_3954,0.3861301839351654,bone,central_nervous_system,False
CVCL_0042,CVCL_2734,0.3854779005050659,bone,ovary,False
CVCL_0042,CVCL_1052,0.3839097023010254,bone,central_nervous_system,False
CVCL_0042,CVCL_1239,0.38053348660469055,bone,central_nervous_system,False
CVCL_0042,CVCL_0153,0.3801784813404083,bone,thyroid,False
CVCL_0060,CVCL_1679,0.5640820860862732,lung,lung,True
CVCL_0060,CVCL_1595,0.5390902757644653,lung,lung,True
CVCL_0060,CVCL_0542,0.4562624394893646,lung,adrenal_cortex,False
CVCL_0060,CVCL_1492,0.45085591077804565,lung,lung,True
CVCL_0060,CVCL_1488,0.44750770926475525,lung,lung,True
CVCL_0060,CVCL_2059,0.44678762555122375,lung,lung,True
CVCL_0060,CVCL_1229,0.4204348027706146,lung,soft_tissue,False
CVCL_0060,CVCL_1490,0.4132678806781769,lung,lung,True
CVCL_0060,CVCL_5167,0.37438616156578064,lung,gastric,False
CVCL_0060,CVCL_5158,0.3743389844894409,lung,lung,True
CVCL_0060,CVCL_2291,0.3719277083873749,lung,ovary,False
CVCL_0060,CVCL_2045,0.3673589527606964,lung,esophagus,False
CVCL_0060,CVCL_1629,0.3624109923839569,lung,ovary,False
CVCL_0060,CVCL_1507,0.3618994951248169,lung,lung,True
CVCL_0060,CVCL_1594,0.36096683144569397,lung,lung,True
CVCL_0062,CVCL_0608,0.36526116728782654,breast,lung,False
CVCL_0062,CVCL_5135,0.32341498136520386,breast,lung,False
CVCL_0062,CVCL_5134,0.318150132894516,breast,lung,False
CVCL_0062,CVCL_1286,0.315964937210083,breast,lung,False
CVCL_0062,CVCL_4402,0.30160272121429443,breast,lung,False
CVCL_0062,CVCL_1465,0.2991326153278351,breast,lung,False
CVCL_0062,CVCL_1552,0.28809675574302673,breast,lung,False
CVCL_0062,CVCL_2788,0.2871081531047821,breast,liver,False
CVCL_0062,CVCL_5059,0.28029927611351013,breast,pancreas,False
CVCL_0062,CVCL_1731,0.2784208655357361,breast,lung,False
CVCL_0062,CVCL_5131,0.27804604172706604,breast,lung,False
CVCL_0062,CVCL_1285,0.2761451303958893,breast,lung,False
CVCL_0062,CVCL_0366,0.27582597732543945,breast,liver,False
CVCL_0062,CVCL_1226,0.27433261275291443,breast,central_nervous_system,False
CVCL_0062,CVCL_1394,0.26747915148735046,breast,lung,False
CVCL_0064,CVCL_2119,0.8433771133422852,blood,blood,True
CVCL_0064,CVCL_0258,0.824767529964447,blood,blood,True
CVCL_0064,CVCL_7916,0.788288950920105,blood,blood,True
CVCL_0064,CVCL_1425,0.772259533405304,blood,blood,True
CVCL_0064,CVCL_1619,0.7562621235847473,blood,blood,True
CVCL_0064,CVCL_1426,0.7190709710121155,blood,blood,True
CVCL_0064,CVCL_1620,0.7136915326118469,blood,blood,True
CVCL_0064,CVCL_2161,0.7081277966499329,blood,blood,True
CVCL_0064,CVCL_1609,0.690301775932312,blood,blood,True
CVCL_0064,CVCL_0614,0.6862567663192749,blood,blood,True
CVCL_0064,CVCL_1632,0.6854403018951416,blood,blood,True
CVCL_0064,CVCL_1844,0.6788785457611084,blood,blood,True
CVCL_0064,CVCL_0098,0.6787258386611938,blood,blood,True
CVCL_0064,CVCL_1694,0.6767082810401917,blood,blood,True
CVCL_0065,CVCL_1641,0.8060644268989563,blood,blood,True
CVCL_0065,CVCL_0624,0.7513918876647949,blood,blood,True
CVCL_0065,CVCL_1327,0.7206016778945923,blood,blood,True
CVCL_0065,CVCL_1630,0.6676084995269775,blood,blood,True
CVCL_0065,CVCL_2022,0.6452557444572449,blood,blood,True
CVCL_0065,CVCL_1714,0.6435654759407043,blood,blood,True
CVCL_0065,CVCL_1913,0.6424919366836548,blood,blood,True
CVCL_0065,CVCL_1126,0.6302747130393982,blood,blood,True
CVCL_0065,CVCL_1667,0.6284551024436951,blood,blood,True
CVCL_0065,CVCL_1150,0.6203942894935608,blood,blood,True
CVCL_0065,CVCL_1736,0.609652578830719,blood,blood,True
CVCL_0065,CVCL_1820,0.6095927953720093,blood,blood,True
CVCL_0065,CVCL_1424,0.5955138206481934,blood,blood,True
CVCL_0065,CVCL_1805,0.5772653818130493,blood,blood,True
CVCL_0065,CVCL_1380,0.4710356295108795,blood,blood,True
CVCL_0067,CVCL_X504,0.7914085984230042,lymphocyte,lymphocyte,True
CVCL_0067,CVCL_1101,0.7653703093528748,lymphocyte,lymphocyte,True
CVCL_0067,CVCL_1877,0.7611371278762817,lymphocyte,lymphocyte,True
CVCL_0067,CVCL_2027,0.7474156618118286,lymphocyte,lymphocyte,True
CVCL_0067,CVCL_1186,0.745042622089386,lymphocyte,lymphocyte,True
CVCL_0067,CVCL_1222,0.7435145974159241,lymphocyte,lymphocyte,True
CVCL_0067,CVCL_0511,0.7380362153053284,lymphocyte,lymphocyte,True
CVCL_0067,CVCL_B371,0.7288157343864441,lymphocyte,lymphocyte,True
CVCL_0067,CVCL_1861,0.7278988361358643,lymphocyte,lymphocyte,True
CVCL_0067,CVCL_1087,0.7159592509269714,lymphocyte,lymphocyte,True
CVCL_0067,CVCL_0823,0.707549512386322,lymphocyte,lymphocyte,True
CVCL_0067,CVCL_1865,0.6970507502555847,lymphocyte,lymphocyte,True
CVCL_0067,CVCL_1819,0.6946998238563538,lymphocyte,lymphocyte,True
CVCL_0067,CVCL_1660,0.6874974966049194,lymphocyte,lymphocyte,True
CVCL_0067,CVCL_2539,0.6859970688819885,lymphocyte,lymphocyte,True
CVCL_0068,CVCL_A341,0.625873863697052,skin,skin,True
CVCL_0068,CVCL_1033,0.5994499921798706,skin,skin,True
CVCL_0068,CVCL_3962,0.5969198346138,skin,central_nervous_system,False
CVCL_0068,CVCL_2765,0.5953857898712158,skin,skin,True
CVCL_0068,CVCL_0039,0.5883174538612366,skin,skin,True
CVCL_0068,CVCL_1438,0.5846620202064514,skin,skin,True
CVCL_0068,CVCL_5951,0.5845595002174377,skin,skin,True
CVCL_0068,CVCL_1672,0.5818243026733398,skin,skin,True
CVCL_0068,CVCL_2950,0.5791633725166321,skin,skin,True
CVCL_0068,CVCL_D828,0.5747610926628113,skin,skin,True
CVCL_0068,CVCL_1134,0.5728453397750854,skin,skin,True
CVCL_0068,CVCL_1137,0.565362811088562,skin,skin,True
CVCL_0068,CVCL_2610,0.5651764273643494,skin,skin,True
CVCL_0068,CVCL_2608,0.5632044672966003,skin,skin,True
CVCL_0068,CVCL_1997,0.5613536834716797,skin,skin,True
CVCL_0069,CVCL_1040,0.639257550239563,skin,skin,True
CVCL_0069,CVCL_2609,0.6380277872085571,skin,skin,True
CVCL_0069,CVCL_1303,0.6167056560516357,skin,skin,True
CVCL_0069,CVCL_1036,0.6067119240760803,skin,skin,True
CVCL_0069,CVCL_2604,0.5983428955078125,skin,skin,True
CVCL_0069,CVCL_D828,0.5970500707626343,skin,skin,True
CVCL_0069,CVCL_2610,0.5931316018104553,skin,skin,True
CVCL_0069,CVCL_A341,0.5909820795059204,skin,skin,True
CVCL_0069,CVCL_2608,0.5882540345191956,skin,skin,True
CVCL_0069,CVCL_1057,0.5842301249504089,skin,skin,True
CVCL_0069,CVCL_0526,0.5828864574432373,skin,skin,True
CVCL_0069,CVCL_1307,0.5732631087303162,skin,skin,True
CVCL_0069,CVCL_1780,0.571382462978363,skin,skin,True
CVCL_0069,CVCL_A1VN,0.5681958198547363,skin,skin,True
CVCL_0069,CVCL_0331,0.5669015645980835,skin,skin,True
CVCL_0076,CVCL_4645,0.6774718761444092,gastric,ovary,False
CVCL_0076,CVCL_5078,0.6713606715202332,gastric,colorectal,False
CVCL_0076,CVCL_5044,0.6556863784790039,gastric,colorectal,False
CVCL_0076,CVCL_1980,0.6487656831741333,gastric,colorectal,False
CVCL_0076,CVCL_8877,0.6409866809844971,gastric,gastric,True
CVCL_0076,CVCL_1982,0.6345641613006592,gastric,colorectal,False
CVCL_0076,CVCL_5111,0.6224378347396851,gastric,colorectal,False
CVCL_0076,CVCL_2520,0.6209675669670105,gastric,colorectal,False
CVCL_0076,CVCL_5250,0.6119145750999451,gastric,colorectal,False
CVCL_0076,CVCL_0626,0.6083518862724304,gastric,colorectal,False
CVCL_0076,CVCL_0397,0.6067439317703247,gastric,colorectal,False
CVCL_0076,CVCL_4846,0.603281557559967,gastric,gastric,True
CVCL_0076,CVCL_1386,0.5968362092971802,gastric,colorectal,False
CVCL_0076,CVCL_1708,0.5938026309013367,gastric,colorectal,False
CVCL_0076,CVCL_5038,0.585943877696991,gastric,bile_duct,False
CVCL_0077,CVCL_1479,0.5547113418579102,liver,lung,False
CVCL_0077,CVCL_3612,0.47814416885375977,liver,ovary,False
CVCL_0077,CVCL_VU69,0.4764566123485565,liver,ovary,False
CVCL_0077,CVCL_1174,0.4313700795173645,liver,lung,False
CVCL_0077,CVCL_0542,0.4246087968349457,liver,adrenal_cortex,False
CVCL_0077,CVCL_1Y70,0.42240023612976074,liver,peripheral_nervous_system,False
CVCL_0077,CVCL_1577,0.420449435710907,liver,lung,False
CVCL_0077,CVCL_7146,0.41912269592285156,liver,soft_tissue,False
CVCL_0077,CVCL_0134,0.4059866666793823,liver,ovary,False
CVCL_0077,CVCL_1595,0.3981865346431732,liver,lung,False
CVCL_0077,CVCL_1755,0.39501893520355225,liver,soft_tissue,False
CVCL_0077,CVCL_1301,0.3904721736907959,liver,gastric,False
CVCL_0077,CVCL_1279,0.37768176198005676,liver,gastric,False
CVCL_0077,CVCL_6C44,0.3686509430408478,liver,soft_tissue,False
CVCL_0077,CVCL_1456,0.36858808994293213,liver,lung,False
CVCL_0078,CVCL_0152,0.627769410610199,gastric,pancreas,False
CVCL_0078,CVCL_3178,0.568378746509552,gastric,pancreas,False
CVCL_0078,CVCL_0313,0.48233655095100403,gastric,pancreas,False
CVCL_0078,CVCL_3172,0.47788316011428833,gastric,pancreas,False
CVCL_0078,CVCL_6899,0.45839259028434753,gastric,bile_duct,False
CVCL_0078,CVCL_5250,0.43111008405685425,gastric,colorectal,False
CVCL_0078,CVCL_9980,0.4286486506462097,gastric,colorectal,False
CVCL_0078,CVCL_1718,0.4212813079357147,gastric,colorectal,False
CVCL_0078,CVCL_5038,0.41167864203453064,gastric,bile_duct,False
CVCL_0078,CVCL_0544,0.4078414738178253,gastric,colorectal,False
CVCL_0078,CVCL_1846,0.4052269756793976,gastric,pancreas,False
CVCL_0078,CVCL_0555,0.4038027226924896,gastric,colorectal,False
CVCL_0078,CVCL_4645,0.40339553356170654,gastric,ovary,False
CVCL_0078,CVCL_0545,0.39831024408340454,gastric,colorectal,False
CVCL_0078,CVCL_2520,0.3960530757904053,gastric,colorectal,False
CVCL_0079,CVCL_1851,0.8081182837486267,blood,blood,True
CVCL_0079,CVCL_0089,0.7631309628486633,blood,blood,True
CVCL_0079,CVCL_0590,0.7523054480552673,blood,blood,True
CVCL_0079,CVCL_1835,0.7033113241195679,blood,blood,True
CVCL_0079,CVCL_0091,0.6872676014900208,blood,blood,True
CVCL_0079,CVCL_1650,0.6769711375236511,blood,blood,True
CVCL_0079,CVCL_0103,0.6634522676467896,blood,blood,True
CVCL_0079,CVCL_1834,0.6483021378517151,blood,blood,True
CVCL_0079,CVCL_0092,0.6460874676704407,blood,blood,True
CVCL_0079,CVCL_1409,0.6290473341941833,blood,blood,True
CVCL_0079,CVCL_1631,0.6224163770675659,blood,blood,True
CVCL_0079,CVCL_0093,0.6046167016029358,blood,blood,True
CVCL_0079,CVCL_0181,0.6041934490203857,blood,blood,True
CVCL_0079,CVCL_1410,0.6019613146781921,blood,blood,True
CVCL_0079,CVCL_8227,0.5843781232833862,blood,blood,True
CVCL_0080,CVCL_F531,0.7623895406723022,bone,bone,True
CVCL_0080,CVCL_1411,0.7623257040977478,bone,bone,True
CVCL_0080,CVCL_2169,0.7570590972900391,bone,bone,True
CVCL_0080,CVCL_0B50,0.751374363899231,bone,bone,True
CVCL_0080,CVCL_S740,0.7455914616584778,bone,bone,True
CVCL_0080,CVCL_6583,0.7373810410499573,bone,bone,True
CVCL_0080,CVCL_0627,0.7281640768051147,bone,bone,True
CVCL_0080,CVCL_2213,0.721552848815918,bone,bone,True
CVCL_0080,CVCL_V618,0.7134426236152649,bone,bone,True
CVCL_0080,CVCL_0631,0.7126326560974121,bone,bone,True
CVCL_0080,CVCL_0B48,0.7072998285293579,bone,bone,True
CVCL_0080,CVCL_X981,0.6927946209907532,bone,bone,True
CVCL_0080,CVCL_3177,0.6899393200874329,bone,peripheral_nervous_system,False
CVCL_0080,CVCL_M150,0.6835232973098755,bone,bone,True
CVCL_0080,CVCL_0530,0.679847776889801,bone,bone,True
CVCL_0089,CVCL_0590,0.8805304169654846,blood,blood,True
CVCL_0089,CVCL_1851,0.8451011776924133,blood,blood,True
CVCL_0089,CVCL_0091,0.7853054404258728,blood,blood,True
CVCL_0089,CVCL_1409,0.7196065187454224,blood,blood,True
CVCL_0089,CVCL_0103,0.7177644968032837,blood,blood,True
CVCL_0089,CVCL_1835,0.7155085802078247,blood,blood,True
CVCL_0089,CVCL_1410,0.6922407746315002,blood,blood,True
CVCL_0089,CVCL_1834,0.6776881217956543,blood,blood,True
CVCL_0089,CVCL_0092,0.6495816707611084,blood,blood,True
CVCL_0089,CVCL_0093,0.646390974521637,blood,blood,True
CVCL_0089,CVCL_1873,0.6314236521720886,blood,blood,True
CVCL_0089,CVCL_0181,0.6307991147041321,blood,blood,True
CVCL_0089,CVCL_1650,0.6249521970748901,blood,blood,True
CVCL_0089,CVCL_1878,0.6096764206886292,blood,lymphocyte,False
CVCL_0090,CVCL_2591,0.5201013088226318,liver,lung,False
CVCL_0090,CVCL_2585,0.4932102859020233,liver,skin,False
CVCL_0090,CVCL_2584,0.46819591522216797,liver,skin,False
CVCL_0090,CVCL_1340,0.4506107568740845,liver,peripheral_nervous_system,False
CVCL_0090,CVCL_YU13,0.44794702529907227,liver,peripheral_nervous_system,False
CVCL_0090,CVCL_6C44,0.42984429001808167,liver,soft_tissue,False
CVCL_0090,CVCL_1427,0.4034464955329895,liver,lung,False
CVCL_0090,CVCL_2596,0.3970271348953247,liver,lung,False
CVCL_0090,CVCL_B255,0.39373889565467834,liver,soft_tissue,False
CVCL_0090,CVCL_N588,0.3918921649456024,liver,soft_tissue,False
CVCL_0090,CVCL_3407,0.3839855194091797,liver,embryo,False
CVCL_0090,CVCL_0844,0.38240697979927063,liver,central_nervous_system,False
CVCL_0090,CVCL_2799,0.3781561851501465,liver,central_nervous_system,False
CVCL_0090,CVCL_0871,0.37815314531326294,liver,soft_tissue,False
CVCL_0091,CVCL_1410,0.8532441258430481,blood,blood,True
CVCL_0091,CVCL_0103,0.8483954668045044,blood,blood,True
CVCL_0091,CVCL_0181,0.7857781648635864,blood,blood,True
CVCL_0091,CVCL_1409,0.7832370400428772,blood,blood,True
CVCL_0091,CVCL_1835,0.7574195861816406,blood,blood,True
CVCL_0091,CVCL_0590,0.7440454363822937,blood,blood,True
CVCL_0091,CVCL_1834,0.7416319251060486,blood,blood,True
CVCL_0091,CVCL_1873,0.720388650894165,blood,blood,True
CVCL_0091,CVCL_1851,0.7170559763908386,blood,blood,True
CVCL_0091,CVCL_0093,0.7108502388000488,blood,blood,True
CVCL_0091,CVCL_8227,0.7071080803871155,blood,blood,True
CVCL_0091,CVCL_1650,0.7063161134719849,blood,blood,True
CVCL_0091,CVCL_1878,0.6848055720329285,blood,lymphocyte,False
CVCL_0092,CVCL_0103,0.7074959874153137,blood,blood,True
CVCL_0092,CVCL_0590,0.7030680775642395,blood,blood,True
CVCL_0092,CVCL_1410,0.6739009618759155,blood,blood,True
CVCL_0092,CVCL_0091,0.6720775961875916,blood,blood,True
CVCL_0092,CVCL_1835,0.6577572226524353,blood,blood,True
CVCL_0092,CVCL_1851,0.6503841876983643,blood,blood,True
CVCL_0092,CVCL_1409,0.6317152976989746,blood,blood,True
CVCL_0092,CVCL_1834,0.6014938354492188,blood,blood,True
CVCL_0092,CVCL_0181,0.6001488566398621,blood,blood,True
CVCL_0092,CVCL_1650,0.599041759967804,blood,blood,True
CVCL_0092,CVCL_1878,0.5917859077453613,blood,lymphocyte,False
CVCL_0092,CVCL_8227,0.5889332294464111,blood,blood,True
CVCL_0092,CVCL_1873,0.584083616733551,blood,blood,True
CVCL_0093,CVCL_1835,0.8014360666275024,blood,blood,True
CVCL_0093,CVCL_8227,0.7605299353599548,blood,blood,True
CVCL_0093,CVCL_S906,0.7596679329872131,blood,blood,True
CVCL_0093,CVCL_0095,0.7467579245567322,blood,blood,True
CVCL_0093,CVCL_1409,0.7326427698135376,blood,blood,True
CVCL_0093,CVCL_1834,0.6966909170150757,blood,blood,True
CVCL_0093,CVCL_0103,0.6685865521430969,blood,blood,True
CVCL_0093,CVCL_1410,0.6637101173400879,blood,blood,True
CVCL_0093,CVCL_0590,0.6437081694602966,blood,blood,True
CVCL_0093,CVCL_0181,0.6410584449768066,blood,blood,True
CVCL_0093,CVCL_1650,0.6377112865447998,blood,blood,True
CVCL_0093,CVCL_1866,0.6329261064529419,blood,blood,True
CVCL_0093,CVCL_1878,0.6254702210426331,blood,lymphocyte,False
CVCL_0095,CVCL_S906,0.9369012117385864,blood,blood,True
CVCL_0095,CVCL_1409,0.6779559254646301,blood,blood,True
CVCL_0095,CVCL_1835,0.6608847379684448,blood,blood,True
CVCL_0095,CVCL_1866,0.6546580791473389,blood,blood,True
CVCL_0095,CVCL_0091,0.6534071564674377,blood,blood,True
CVCL_0095,CVCL_8227,0.6415078043937683,blood,blood,True
CVCL_0095,CVCL_0103,0.6116968989372253,blood,blood,True
CVCL_0095,CVCL_1410,0.6101969480514526,blood,blood,True
CVCL_0095,CVCL_1834,0.6058107018470764,blood,blood,True
CVCL_0095,CVCL_1426,0.5851829051971436,blood,blood,True
CVCL_0095,CVCL_0181,0.5818759202957153,blood,blood,True
CVCL_0095,CVCL_0089,0.5788389444351196,blood,blood,True
CVCL_0095,CVCL_0064,0.569561243057251,blood,blood,True
CVCL_0095,CVCL_2119,0.5676913261413574,blood,blood,True
CVCL_0098,CVCL_2161,0.7356008291244507,blood,blood,True
CVCL_0098,CVCL_1196,0.7243598103523254,blood,blood,True
CVCL_0098,CVCL_1425,0.7147297263145447,blood,blood,True
CVCL_0098,CVCL_1620,0.7110635638237,blood,blood,True
CVCL_0098,CVCL_1632,0.7063544392585754,blood,blood,True
CVCL_0098,CVCL_2119,0.7044565081596375,blood,blood,True
CVCL_0098,CVCL_1619,0.6964582204818726,blood,blood,True
CVCL_0098,CVCL_1694,0.695844292640686,blood,blood,True
CVCL_0098,CVCL_1609,0.6950086355209351,blood,blood,True
CVCL_0098,CVCL_2162,0.6934756636619568,blood,blood,True
CVCL_0098,CVCL_7916,0.6886464357376099,blood,blood,True
CVCL_0098,CVCL_1426,0.659714937210083,blood,blood,True
CVCL_0099,CVCL_0101,0.22547940909862518,gastric,gastric,True
CVCL_0099,CVCL_1040,0.19462299346923828,gastric,skin,False
CVCL_0099,CVCL_1170,0.1903582066297531,gastric,lymphocyte,False
CVCL_0099,CVCL_1776,0.18992769718170166,gastric,ovary,False
CVCL_0099,CVCL_1768,0.18796953558921814,gastric,gastric,True
CVCL_0099,CVCL_1430,0.18618907034397125,gastric,lung,False
CVCL_0099,CVCL_2784,0.18506871163845062,gastric,upper_aerodigestive,False
CVCL_0099,CVCL_0102,0.183454230427742,gastric,gastric,True
CVCL_0099,CVCL_2076,0.1744532436132431,gastric,skin,False
CVCL_0099,CVCL_0538,0.17344103753566742,gastric,lymphocyte,False
CVCL_0099,CVCL_1490,0.1723756641149521,gastric,lung,False
CVCL_0099,CVCL_2093,0.1715012490749359,gastric,lymphocyte,False
CVCL_0099,CVCL_0426,0.1708431839942932,gastric,bone,False
CVCL_0099,CVCL_1553,0.17064429819583893,gastric,lung,False
CVCL_0099,CVCL_1239,0.16834188997745514,gastric,central_nervous_system,False
CVCL_0101,CVCL_0371,0.6333971619606018,gastric,gastric,True
CVCL_0101,CVCL_1622,0.594796359539032,gastric,esophagus,False
CVCL_0101,CVCL_4846,0.5625672936439514,gastric,gastric,True
CVCL_0101,CVCL_0626,0.5546340942382812,gastric,colorectal,False
CVCL_0101,CVCL_M465,0.5382498502731323,gastric,pancreas,False
CVCL_0101,CVCL_1299,0.5319616198539734,gastric,pancreas,False
CVCL_0101,CVCL_1846,0.5317434072494507,gastric,pancreas,False
CVCL_0101,CVCL_A1UH,0.5277567505836487,gastric,pancreas,False
CVCL_0101,CVCL_0237,0.525388777256012,gastric,pancreas,False
CVCL_0101,CVCL_0320,0.5195596218109131,gastric,colorectal,False
CVCL_0101,CVCL_EG22,0.5193207859992981,gastric,colorectal,False
CVCL_0101,CVCL_LM84,0.5176739692687988,gastric,pancreas,False
CVCL_0101,CVCL_5072,0.5110459327697754,gastric,gastric,True
CVCL_0101,CVCL_5079,0.5031154751777649,gastric,gastric,True
CVCL_0101,CVCL_1386,0.5026591420173645,gastric,colorectal,False
CVCL_0102,CVCL_5112,0.29700374603271484,gastric,colorectal,False
CVCL_0102,CVCL_0291,0.2933030128479004,gastric,colorectal,False
CVCL_0102,CVCL_1768,0.28689002990722656,gastric,gastric,True
CVCL_0102,CVCL_A1UI,0.2707630395889282,gastric,bile_duct,False
CVCL_0102,CVCL_0101,0.2680361568927765,gastric,gastric,True
CVCL_0102,CVCL_0324,0.26706987619400024,gastric,bile_duct,False
CVCL_0102,CVCL_1603,0.26681220531463623,gastric,gastric,True
CVCL_0102,CVCL_5034,0.2656874656677246,gastric,pancreas,False
CVCL_0102,CVCL_1193,0.2592408061027527,gastric,bile_duct,False
CVCL_0102,CVCL_1587,0.2580575942993164,gastric,colorectal,False
CVCL_0102,CVCL_0248,0.25403130054473877,gastric,colorectal,False
CVCL_0102,CVCL_1299,0.24746230244636536,gastric,pancreas,False
CVCL_0102,CVCL_A1UH,0.2428167164325714,gastric,pancreas,False
CVCL_0102,CVCL_1724,0.24007874727249146,gastric,colorectal,False
CVCL_0102,CVCL_0292,0.23632948100566864,gastric,colorectal,False
CVCL_0103,CVCL_1410,0.8533151149749756,blood,blood,True
CVCL_0103,CVCL_1409,0.7568790316581726,blood,blood,True
CVCL_0103,CVCL_0181,0.7436878085136414,blood,blood,True
CVCL_0103,CVCL_0590,0.728045642375946,blood,blood,True
CVCL_0103,CVCL_1873,0.7256398797035217,blood,blood,True
CVCL_0103,CVCL_1835,0.7227734327316284,blood,blood,True
CVCL_0103,CVCL_1851,0.6783357262611389,blood,blood,True
CVCL_0103,CVCL_1834,0.6684685349464417,blood,blood,True
CVCL_0103,CVCL_1650,0.6622998118400574,blood,blood,True
CVCL_0103,CVCL_1878,0.6597272753715515,blood,lymphocyte,False
CVCL_0107,CVCL_1064,0.3997255265712738,lymphocyte,lymphocyte,True
CVCL_0107,CVCL_1062,0.381929874420166,lymphocyte,lymphocyte,True
CVCL_0107,CVCL_1823,0.36987391114234924,lymphocyte,plasma_cell,False
CVCL_0107,CVCL_5209,0.3681403696537018,lymphocyte,plasma_cell,False
CVCL_0107,CVCL_2991,0.3566690683364868,lymphocyte,plasma_cell,False
CVCL_0107,CVCL_0317,0.35414889454841614,lymphocyte,soft_tissue,False
CVCL_0107,CVCL_E333,0.34510985016822815,lymphocyte,plasma_cell,False
CVCL_0107,CVCL_2981,0.34137341380119324,lymphocyte,plasma_cell,False
CVCL_0107,CVCL_1806,0.33909299969673157,lymphocyte,plasma_cell,False
CVCL_0107,CVCL_1594,0.3273952603340149,lymphocyte,lung,False
CVCL_0107,CVCL_0566,0.3267476260662079,lymphocyte,plasma_cell,False
CVCL_0107,CVCL_2124,0.32512354850769043,lymphocyte,plasma_cell,False
CVCL_0107,CVCL_2972,0.30873382091522217,lymphocyte,plasma_cell,False
CVCL_0107,CVCL_1334,0.3000131845474243,lymphocyte,plasma_cell,False
CVCL_0107,CVCL_1052,0.2970082461833954,lymphocyte,central_nervous_system,False
CVCL_0126,CVCL_1652,0.5286643505096436,urinary_tract,lung,False
CVCL_0126,CVCL_8064,0.5271947383880615,urinary_tract,thyroid,False
CVCL_0126,CVCL_1288,0.5155617594718933,urinary_tract,upper_aerodigestive,False
CVCL_0126,CVCL_1634,0.48035186529159546,urinary_tract,pancreas,False
CVCL_0126,CVCL_3086,0.46992579102516174,urinary_tract,upper_aerodigestive,False
CVCL_0126,CVCL_1681,0.45904311537742615,urinary_tract,upper_aerodigestive,False
CVCL_0126,CVCL_1197,0.45809346437454224,urinary_tract,lung,False
CVCL_0126,CVCL_IZ34,0.44458481669425964,urinary_tract,breast,False
CVCL_0126,CVCL_WS60,0.4401504695415497,urinary_tract,lung,False
CVCL_0126,CVCL_1091,0.43811896443367004,urinary_tract,prostate,False
CVCL_0126,CVCL_5126,0.43476641178131104,urinary_tract,lung,False
CVCL_0126,CVCL_2723,0.4270443618297577,urinary_tract,prostate,False
CVCL_0126,CVCL_L083,0.423238068819046,urinary_tract,upper_aerodigestive,False
CVCL_0126,CVCL_1684,0.4231463372707367,urinary_tract,upper_aerodigestive,False
CVCL_0126,CVCL_1482,0.41938042640686035,urinary_tract,lung,False
CVCL_0131,CVCL_2218,0.4194783866405487,central_nervous_system,thyroid,False
CVCL_0131,CVCL_2799,0.3978293240070343,central_nervous_system,central_nervous_system,True
CVCL_0131,CVCL_0844,0.39672932028770447,central_nervous_system,central_nervous_system,True
CVCL_0131,CVCL_1689,0.3926653265953064,central_nervous_system,central_nervous_system,True
CVCL_0131,CVCL_1093,0.39008522033691406,central_nervous_system,central_nervous_system,True
CVCL_0131,CVCL_4773,0.38852113485336304,central_nervous_system,central_nervous_system,True
CVCL_0131,CVCL_2971,0.3786614239215851,central_nervous_system,central_nervous_system,True
CVCL_0131,CVCL_1R16,0.37735429406166077,central_nervous_system,central_nervous_system,True
CVCL_0131,CVCL_1738,0.3759100139141083,central_nervous_system,urinary_tract,False
CVCL_0131,CVCL_0556,0.3733660578727722,central_nervous_system,central_nervous_system,True
CVCL_0131,CVCL_2080,0.3687840402126312,central_nervous_system,lung,False
CVCL_0131,CVCL_5010,0.3663099408149719,central_nervous_system,central_nervous_system,True
CVCL_0131,CVCL_5033,0.36230483651161194,central_nervous_system,central_nervous_system,True
CVCL_0131,CVCL_3955,0.3589552342891693,central_nervous_system,central_nervous_system,True
CVCL_0131,CVCL_2601,0.3587344288825989,central_nervous_system,skin,False
CVCL_0132,CVCL_B3PJ,0.9022876024246216,skin,skin,True
CVCL_0132,CVCL_A1VP,0.8935800194740295,skin,skin,True
CVCL_0132,CVCL_0318,0.6345160603523254,skin,skin,True
CVCL_0132,CVCL_A1VJ,0.6315310001373291,skin,skin,True
CVCL_0132,CVCL_A1VK,0.6146115660667419,skin,skin,True
CVCL_0132,CVCL_2606,0.605493426322937,skin,skin,True
CVCL_0132,CVCL_1780,0.6026210188865662,skin,skin,True
CVCL_0132,CVCL_1057,0.594107985496521,skin,skin,True
CVCL_0132,CVCL_0331,0.5734239220619202,skin,skin,True
CVCL_0132,CVCL_6805,0.5708304643630981,skin,skin,True
CVCL_0132,CVCL_1097,0.565475344657898,skin,skin,True
CVCL_0132,CVCL_1036,0.5625361204147339,skin,skin,True
CVCL_0132,CVCL_3162,0.5599587559700012,skin,skin,True
CVCL_0132,CVCL_0040,0.557125985622406,skin,skin,True
CVCL_0132,CVCL_0600,0.5565828680992126,skin,skin,True
CVCL_0134,CVCL_1479,0.4628560245037079,ovary,lung,False
CVCL_0134,CVCL_V616,0.3820979595184326,ovary,central_nervous_system,False
CVCL_0134,CVCL_0270,0.3802490234375,ovary,kidney,False
CVCL_0134,CVCL_1301,0.3699674904346466,ovary,gastric,False
CVCL_0134,CVCL_6C44,0.36220869421958923,ovary,soft_tissue,False
CVCL_0134,CVCL_8007,0.35994264483451843,ovary,soft_tissue,False
CVCL_0134,CVCL_1Y70,0.35803765058517456,ovary,peripheral_nervous_system,False
CVCL_0134,CVCL_VU69,0.3560660481452942,ovary,ovary,True
CVCL_0134,CVCL_1755,0.3533376455307007,ovary,soft_tissue,False
CVCL_0134,CVCL_U760,0.3531858026981354,ovary,soft_tissue,False
CVCL_0134,CVCL_8005,0.33835092186927795,ovary,soft_tissue,False
CVCL_0134,CVCL_1598,0.33485648036003113,ovary,lung,False
CVCL_0134,CVCL_0542,0.3334682285785675,ovary,adrenal_cortex,False
CVCL_0134,CVCL_3612,0.3299250900745392,ovary,ovary,True
CVCL_0139,CVCL_0101,0.3796592056751251,gastric,gastric,True
CVCL_0139,CVCL_0025,0.3773629665374756,gastric,colorectal,False
CVCL_0139,CVCL_1846,0.3681415319442749,gastric,pancreas,False
CVCL_0139,CVCL_1622,0.3520326316356659,gastric,esophagus,False
CVCL_0139,CVCL_3385,0.3390943706035614,gastric,gastric,True
CVCL_0139,CVCL_1096,0.3386305570602417,gastric,colorectal,False
CVCL_0139,CVCL_5079,0.33678948879241943,gastric,gastric,True
CVCL_0139,CVCL_1729,0.3318027853965759,gastric,colorectal,False
CVCL_0139,CVCL_3088,0.32132822275161743,gastric,colorectal,False
CVCL_0139,CVCL_1979,0.31930625438690186,gastric,colorectal,False
CVCL_0139,CVCL_5086,0.30143848061561584,gastric,gastric,True
CVCL_0139,CVCL_0434,0.2965681552886963,gastric,gastric,True
CVCL_0139,CVCL_1385,0.2939335107803345,gastric,colorectal,False
CVCL_0139,CVCL_0248,0.29292240738868713,gastric,colorectal,False
CVCL_0139,CVCL_0320,0.2860449254512787,gastric,colorectal,False
CVCL_0152,CVCL_0313,0.6588074564933777,pancreas,pancreas,True
CVCL_0152,CVCL_3178,0.6111583709716797,pancreas,pancreas,True
CVCL_0152,CVCL_1846,0.5446462631225586,pancreas,pancreas,True
CVCL_0152,CVCL_4645,0.5410433411598206,pancreas,ovary,False
CVCL_0152,CVCL_0544,0.5289031863212585,pancreas,colorectal,False
CVCL_0152,CVCL_3172,0.5279894471168518,pancreas,pancreas,True
CVCL_0152,CVCL_5078,0.5230045914649963,pancreas,colorectal,False
CVCL_0152,CVCL_5250,0.5217975378036499,pancreas,colorectal,False
CVCL_0152,CVCL_5038,0.5214583873748779,pancreas,bile_duct,False
CVCL_0152,CVCL_3084,0.5174840092658997,pancreas,gastric,False
CVCL_0152,CVCL_1648,0.5089278817176819,pancreas,colorectal,False
CVCL_0152,CVCL_9980,0.5053961873054504,pancreas,colorectal,False
CVCL_0152,CVCL_2520,0.4998473823070526,pancreas,colorectal,False
CVCL_0152,CVCL_5098,0.4918767809867859,pancreas,colorectal,False
CVCL_0153,CVCL_1229,0.5012830495834351,thyroid,soft_tissue,False
CVCL_0153,CVCL_1053,0.47673317790031433,thyroid,thyroid,True
CVCL_0153,CVCL_WU66,0.46360647678375244,thyroid,bone,False
CVCL_0153,CVCL_U613,0.4498049020767212,thyroid,soft_tissue,False
CVCL_0153,CVCL_5723,0.44371163845062256,thyroid,central_nervous_system,False
CVCL_0153,CVCL_2447,0.4377216100692749,thyroid,thyroid,True
CVCL_0153,CVCL_4849,0.434641569852829,thyroid,gastric,False
CVCL_0153,CVCL_1054,0.42888152599334717,thyroid,thyroid,True
CVCL_0153,CVCL_1734,0.4274449646472931,thyroid,soft_tissue,False
CVCL_0153,CVCL_YU13,0.4174216389656067,thyroid,peripheral_nervous_system,False
CVCL_0153,CVCL_0582,0.4164237678050995,thyroid,thyroid,True
CVCL_0153,CVCL_0317,0.41484710574150085,thyroid,soft_tissue,False
CVCL_0153,CVCL_1052,0.4110666513442993,thyroid,central_nervous_system,False
CVCL_0153,CVCL_1219,0.40969207882881165,thyroid,thyroid,True
CVCL_0153,CVCL_2955,0.4095097780227661,thyroid,bile_duct,False
CVCL_0178,CVCL_0419,0.464104026556015,breast,breast,True
CVCL_0178,CVCL_3158,0.4570668637752533,breast,ovary,False
CVCL_0178,CVCL_2077,0.4461953938007355,breast,breast,True
CVCL_0178,CVCL_B260,0.4290071129798889,breast,lung,False
CVCL_0178,CVCL_VV27,0.42231929302215576,breast,bile_duct,False
CVCL_0178,CVCL_1074,0.41330665349960327,breast,breast,True
CVCL_0178,CVCL_1759,0.40966343879699707,breast,esophagus,False
CVCL_0178,CVCL_0290,0.4062538743019104,breast,breast,True
CVCL_0178,CVCL_2754,0.40267470479011536,breast,breast,True
CVCL_0178,CVCL_1782,0.3962671160697937,breast,breast,True
CVCL_0178,CVCL_2465,0.3946601450443268,breast,upper_aerodigestive,False
CVCL_0178,CVCL_3629,0.3855210244655609,breast,bile_duct,False
CVCL_0178,CVCL_0505,0.3849177658557892,breast,uterus,False
CVCL_0178,CVCL_1259,0.375085711479187,breast,breast,True
CVCL_0179,CVCL_0620,0.7013823986053467,breast,breast,True
CVCL_0179,CVCL_1251,0.5989181399345398,breast,breast,True
CVCL_0179,CVCL_1812,0.5733907222747803,breast,breast,True
CVCL_0179,CVCL_2319,0.5649223923683167,breast,breast,True
CVCL_0179,CVCL_0621,0.5640785694122314,breast,breast,True
CVCL_0179,CVCL_0588,0.5559702515602112,breast,breast,True
CVCL_0179,CVCL_1115,0.5492274761199951,breast,breast,True
CVCL_0179,CVCL_1781,0.5436775088310242,breast,breast,True
CVCL_0179,CVCL_1263,0.5277591347694397,breast,breast,True
CVCL_0179,CVCL_1400,0.5257167816162109,breast,breast,True
CVCL_0179,CVCL_1661,0.5201582312583923,breast,breast,True
CVCL_0179,CVCL_2062,0.5164555311203003,breast,breast,True
CVCL_0179,CVCL_1408,0.5113551616668701,breast,breast,True
CVCL_0179,CVCL_1782,0.4971066117286682,breast,breast,True
CVCL_0179,CVCL_5591,0.4823765754699707,breast,breast,True
CVCL_0181,CVCL_1410,0.7339596748352051,blood,blood,True
CVCL_0181,CVCL_8227,0.6680041551589966,blood,blood,True
CVCL_0181,CVCL_1835,0.6672103404998779,blood,blood,True
CVCL_0181,CVCL_1409,0.666469156742096,blood,blood,True
CVCL_0181,CVCL_1650,0.6495012640953064,blood,blood,True
CVCL_0181,CVCL_1878,0.646056592464447,blood,lymphocyte,False
CVCL_0181,CVCL_1873,0.6425634622573853,blood,blood,True
CVCL_0181,CVCL_1834,0.6184308528900146,blood,blood,True
CVCL_0181,CVCL_0590,0.614018976688385,blood,blood,True
CVCL_0181,CVCL_1631,0.6037092208862305,blood,blood,True
CVCL_0186,CVCL_4056,0.710523784160614,pancreas,pancreas,True
CVCL_0186,CVCL_E329,0.6316417455673218,pancreas,bile_duct,False
CVCL_0186,CVCL_A1VE,0.6254824995994568,pancreas,bile_duct,False
CVCL_0186,CVCL_1083,0.6039080619812012,pancreas,urinary_tract,False
CVCL_0186,CVCL_1086,0.5984539985656738,pancreas,upper_aerodigestive,False
CVCL_0186,CVCL_2229,0.5941384434700012,pancreas,upper_aerodigestive,False
CVCL_0186,CVCL_1767,0.578750491142273,pancreas,esophagus,False
CVCL_0186,CVCL_5105,0.5727791786193848,pancreas,upper_aerodigestive,False
CVCL_0186,CVCL_1684,0.5595155954360962,pancreas,upper_aerodigestive,False
CVCL_0186,CVCL_1091,0.5567705631256104,pancreas,prostate,False
CVCL_0186,CVCL_1681,0.5546289086341858,pancreas,upper_aerodigestive,False
CVCL_0186,CVCL_1063,0.5493314266204834,pancreas,epidermoid_carcinoma,False
CVCL_0186,CVCL_1670,0.5476871728897095,pancreas,urinary_tract,False
CVCL_0186,CVCL_2310,0.5468270182609558,pancreas,upper_aerodigestive,False
CVCL_0186,CVCL_1107,0.5451804995536804,pancreas,upper_aerodigestive,False
CVCL_0201,CVCL_1131,0.5014854669570923,ovary,esophagus,False
CVCL_0201,CVCL_5014,0.46369293332099915,ovary,ovary,True
CVCL_0201,CVCL_B079,0.4598688781261444,ovary,ovary,True
CVCL_0201,CVCL_1350,0.4546869993209839,ovary,esophagus,False
CVCL_0201,CVCL_1121,0.4486459493637085,ovary,lung,False
CVCL_0201,CVCL_6543,0.4420803487300873,ovary,uterus,False
CVCL_0201,CVCL_4647,0.4348176419734955,ovary,ovary,True
CVCL_0201,CVCL_0202,0.4327085614204407,ovary,ovary,True
CVCL_0201,CVCL_2422,0.4242022633552551,ovary,ovary,True
CVCL_0201,CVCL_1759,0.42031413316726685,ovary,esophagus,False
CVCL_0201,CVCL_2425,0.41694340109825134,ovary,ovary,True
CVCL_0201,CVCL_4649,0.4145286977291107,ovary,ovary,True
CVCL_0201,CVCL_1627,0.4143805205821991,ovary,ovary,True
CVCL_0201,CVCL_8705,0.40740928053855896,ovary,cervix,False
CVCL_0201,CVCL_1476,0.39965003728866577,ovary,lung,False
CVCL_0202,CVCL_1345,0.6703811883926392,ovary,ovary,True
CVCL_0202,CVCL_2422,0.6380316615104675,ovary,ovary,True
CVCL_0202,CVCL_3110,0.6361173391342163,ovary,ovary,True
CVCL_0202,CVCL_0465,0.6149836182594299,ovary,ovary,True
CVCL_0202,CVCL_1329,0.6098765730857849,ovary,uterus,False
CVCL_0202,CVCL_3114,0.6083580851554871,ovary,ovary,True
CVCL_0202,CVCL_1882,0.6030460000038147,ovary,ovary,True
CVCL_0202,CVCL_5014,0.6020060181617737,ovary,ovary,True
CVCL_0202,CVCL_1614,0.5943979620933533,ovary,ovary,True
CVCL_0202,CVCL_1627,0.5882735252380371,ovary,ovary,True
CVCL_0202,CVCL_4649,0.571849524974823,ovary,ovary,True
CVCL_0202,CVCL_4647,0.5630077123641968,ovary,ovary,True
CVCL_0202,CVCL_2420,0.5525183081626892,ovary,ovary,True
CVCL_0202,CVCL_2672,0.5438264012336731,ovary,ovary,True
CVCL_0202,CVCL_2419,0.5330952405929565,ovary,ovary,True
CVCL_0205,CVCL_1679,0.3834306597709656,bile_duct,lung,False
CVCL_0205,CVCL_1595,0.3723963499069214,bile_duct,lung,False
CVCL_0205,CVCL_2949,0.34105807542800903,bile_duct,breast,False
CVCL_0205,CVCL_0060,0.3273750841617584,bile_duct,lung,False
CVCL_0205,CVCL_0542,0.32499879598617554,bile_duct,adrenal_cortex,False
CVCL_0205,CVCL_2010,0.30778613686561584,bile_duct,ovary,False
CVCL_0205,CVCL_1301,0.2804807126522064,bile_duct,gastric,False
CVCL_0205,CVCL_8007,0.2711702585220337,bile_duct,soft_tissue,False
CVCL_0205,CVCL_1755,0.2618350386619568,bile_duct,soft_tissue,False
CVCL_0205,CVCL_1113,0.2616061270236969,bile_duct,bone,False
CVCL_0205,CVCL_1174,0.25927552580833435,bile_duct,lung,False
CVCL_0205,CVCL_2291,0.2591859698295593,bile_duct,ovary,False
CVCL_0205,CVCL_1842,0.25445088744163513,bile_duct,esophagus,False
CVCL_0205,CVCL_1577,0.25235554575920105,bile_duct,lung,False
CVCL_0205,CVCL_1338,0.25009968876838684,bile_duct,pancreas,False
CVCL_0216,CVCL_0217,0.9503941535949707,blood,blood,True
CVCL_0216,CVCL_2481,0.8284262418746948,blood,blood,True
CVCL_0216,CVCL_0379,0.8241480588912964,blood,blood,True
CVCL_0216,CVCL_2187,0.8203275799751282,blood,blood,True
CVCL_0216,CVCL_0559,0.7945234179496765,blood,blood,True
CVCL_0216,CVCL_0388,0.7556525468826294,blood,blood,True
CVCL_0216,CVCL_2079,0.7502779960632324,blood,blood,True
CVCL_0216,CVCL_2106,0.7495180368423462,blood,blood,True
CVCL_0216,CVCL_2037,0.7486791610717773,blood,blood,True
CVCL_0216,CVCL_2120,0.7390264868736267,blood,blood,True
CVCL_0216,CVCL_0425,0.6861891150474548,blood,blood,True
CVCL_0216,CVCL_3043,0.6835514307022095,blood,blood,True
CVCL_0216,CVCL_2150,0.6599223017692566,blood,blood,True
CVCL_0216,CVCL_2149,0.6427707672119141,blood,blood,True
CVCL_0217,CVCL_2481,0.8118900656700134,blood,blood,True
CVCL_0217,CVCL_0379,0.8028693199157715,blood,blood,True
CVCL_0217,CVCL_2187,0.7904534339904785,blood,blood,True
CVCL_0217,CVCL_0559,0.7881778478622437,blood,blood,True
CVCL_0217,CVCL_0388,0.7368887066841125,blood,blood,True
CVCL_0217,CVCL_2106,0.731755793094635,blood,blood,True
CVCL_0217,CVCL_2037,0.7317431569099426,blood,blood,True
CVCL_0217,CVCL_2120,0.7306525707244873,blood,blood,True
CVCL_0217,CVCL_2079,0.7217369675636292,blood,blood,True
CVCL_0217,CVCL_3043,0.6836546063423157,blood,blood,True
CVCL_0217,CVCL_0425,0.6659464836120605,blood,blood,True
CVCL_0217,CVCL_2150,0.6531026363372803,blood,blood,True
CVCL_0217,CVCL_2149,0.6389744877815247,blood,blood,True
CVCL_0234,CVCL_1056,0.5856979489326477,kidney,kidney,True
CVCL_0234,CVCL_V607,0.5451599359512329,kidney,kidney,True
CVCL_0234,CVCL_1050,0.544947624206543,kidney,kidney,True
CVCL_0234,CVCL_1721,0.5319725871086121,kidney,urinary_tract,False
CVCL_0234,CVCL_1111,0.5229615569114685,kidney,kidney,True
CVCL_0234,CVCL_E115,0.5218387842178345,kidney,uterus,False
CVCL_0234,CVCL_5957,0.5135088562965393,kidney,kidney,True
CVCL_0234,CVCL_0235,0.5111616849899292,kidney,kidney,True
CVCL_0234,CVCL_1911,0.5028281807899475,kidney,kidney,True
CVCL_0234,CVCL_B076,0.501372754573822,kidney,kidney,True
CVCL_0234,CVCL_1719,0.4983879327774048,kidney,kidney,True
CVCL_0234,CVCL_2986,0.4946746826171875,kidney,kidney,True
CVCL_0234,CVCL_2984,0.4935861825942993,kidney,kidney,True
CVCL_0234,CVCL_7935,0.49324923753738403,kidney,urinary_tract,False
CVCL_0234,CVCL_8788,0.4915323257446289,kidney,kidney,True
CVCL_0235,CVCL_1555,0.6097846627235413,kidney,lung,False
CVCL_0235,CVCL_2986,0.5962405204772949,kidney,kidney,True
CVCL_0235,CVCL_V607,0.5707707405090332,kidney,kidney,True
CVCL_0235,CVCL_1111,0.5679748058319092,kidney,kidney,True
CVCL_0235,CVCL_1056,0.5522886514663696,kidney,kidney,True
CVCL_0235,CVCL_0294,0.5511837601661682,kidney,uterus,False
CVCL_0235,CVCL_1721,0.546844482421875,kidney,urinary_tract,False
CVCL_0235,CVCL_V612,0.5466711521148682,kidney,kidney,True
CVCL_0235,CVCL_5953,0.545664370059967,kidney,kidney,True
CVCL_0235,CVCL_1050,0.5431965589523315,kidney,kidney,True
CVCL_0235,CVCL_1791,0.5369672775268555,kidney,kidney,True
CVCL_0235,CVCL_E115,0.528297483921051,kidney,uterus,False
CVCL_0235,CVCL_5957,0.5279120206832886,kidney,kidney,True
CVCL_0235,CVCL_2929,0.5270739793777466,kidney,uterus,False
CVCL_0235,CVCL_2984,0.5247421860694885,kidney,kidney,True
CVCL_0236,CVCL_1644,0.35669663548469543,lung,pancreas,False
CVCL_0236,CVCL_1581,0.3260241150856018,lung,colorectal,False
CVCL_0236,CVCL_YU13,0.31740710139274597,lung,peripheral_nervous_system,False
CVCL_0236,CVCL_0392,0.30297115445137024,lung,central_nervous_system,False
CVCL_0236,CVCL_1584,0.29329144954681396,lung,lung,True
CVCL_0236,CVCL_1738,0.2922174632549286,lung,urinary_tract,False
CVCL_0236,CVCL_5063,0.27931806445121765,lung,upper_aerodigestive,False
CVCL_0236,CVCL_0042,0.273673951625824,lung,bone,False
CVCL_0236,CVCL_1085,0.27082085609436035,lung,thyroid,False
CVCL_0236,CVCL_VU79,0.27022966742515564,lung,central_nervous_system,False
CVCL_0236,CVCL_1774,0.2658368945121765,lung,thyroid,False
CVCL_0236,CVCL_5159,0.26571929454803467,lung,lung,True
CVCL_0236,CVCL_A1UG,0.26273876428604126,lung,skin,False
CVCL_0236,CVCL_1140,0.2576526403427124,lung,lung,True
CVCL_0236,CVCL_6748,0.2562333941459656,lung,pancreas,False
CVCL_0237,CVCL_5079,0.6166568398475647,pancreas,gastric,False
CVCL_0237,CVCL_A1UH,0.5846553444862366,pancreas,pancreas,True
CVCL_0237,CVCL_0609,0.5812895894050598,pancreas,lung,False
CVCL_0237,CVCL_LM84,0.566153883934021,pancreas,pancreas,True
CVCL_0237,CVCL_3881,0.5590016841888428,pancreas,pancreas,True
CVCL_0237,CVCL_1119,0.5435338616371155,pancreas,pancreas,True
CVCL_0237,CVCL_4846,0.5406132936477661,pancreas,gastric,False
CVCL_0237,CVCL_2090,0.5354289412498474,pancreas,pancreas,True
CVCL_0237,CVCL_S507,0.5323904752731323,pancreas,pancreas,True
CVCL_0237,CVCL_1628,0.5299373865127563,pancreas,ovary,False
CVCL_0237,CVCL_1638,0.5228267908096313,pancreas,pancreas,True
CVCL_0237,CVCL_5101,0.5220659375190735,pancreas,bile_duct,False
CVCL_0237,CVCL_0320,0.5077217817306519,pancreas,colorectal,False
CVCL_0243,CVCL_0186,0.5071602463722229,pancreas,pancreas,True
CVCL_0243,CVCL_1634,0.44976529479026794,pancreas,pancreas,True
CVCL_0243,CVCL_4717,0.44212082028388977,pancreas,pancreas,True
CVCL_0243,CVCL_4056,0.4392663538455963,pancreas,pancreas,True
CVCL_0243,CVCL_1083,0.4135613441467285,pancreas,urinary_tract,False
CVCL_0243,CVCL_M261,0.4101678133010864,pancreas,bile_duct,False
CVCL_0243,CVCL_0334,0.4100320637226105,pancreas,pancreas,True
CVCL_0243,CVCL_1086,0.39744001626968384,pancreas,upper_aerodigestive,False
CVCL_0243,CVCL_1482,0.3935578763484955,pancreas,lung,False
CVCL_0243,CVCL_0126,0.38424837589263916,pancreas,urinary_tract,False
CVCL_0243,CVCL_L083,0.37400907278060913,pancreas,upper_aerodigestive,False
CVCL_0243,CVCL_3086,0.3655024766921997,pancreas,upper_aerodigestive,False
CVCL_0243,CVCL_1638,0.3619653880596161,pancreas,pancreas,True
CVCL_0243,CVCL_A1VC,0.3609279692173004,pancreas,bile_duct,False
CVCL_0243,CVCL_WS60,0.3598151206970215,pancreas,lung,False
CVCL_0248,CVCL_0292,0.7369449138641357,colorectal,colorectal,True
CVCL_0248,CVCL_1386,0.5188161730766296,colorectal,colorectal,True
CVCL_0248,CVCL_1978,0.4988529682159424,colorectal,colorectal,True
CVCL_0248,CVCL_0101,0.4855906665325165,colorectal,gastric,False
CVCL_0248,CVCL_0626,0.4710523784160614,colorectal,colorectal,True
CVCL_0248,CVCL_1648,0.4615932106971741,colorectal,colorectal,True
CVCL_0248,CVCL_1982,0.44367077946662903,colorectal,colorectal,True
CVCL_0248,CVCL_1382,0.44310131669044495,colorectal,colorectal,True
CVCL_0248,CVCL_1603,0.439557820558548,colorectal,gastric,False
CVCL_0248,CVCL_0544,0.4325033724308014,colorectal,colorectal,True
CVCL_0248,CVCL_5078,0.42624953389167786,colorectal,colorectal,True
CVCL_0248,CVCL_1294,0.4260987937450409,colorectal,colorectal,True
CVCL_0248,CVCL_1708,0.42608994245529175,colorectal,colorectal,True
CVCL_0248,CVCL_1979,0.42249277234077454,colorectal,colorectal,True
CVCL_0248,CVCL_5058,0.4199252724647522,colorectal,colorectal,True
CVCL_0250,CVCL_4902,0.40059956908226013,liver,bile_duct,False
CVCL_0250,CVCL_L079,0.39658570289611816,liver,upper_aerodigestive,False
CVCL_0250,CVCL_5103,0.39132559299468994,liver,liver,True
CVCL_0250,CVCL_1722,0.38016554713249207,liver,central_nervous_system,False
CVCL_0250,CVCL_1286,0.36339235305786133,liver,lung,False
CVCL_0250,CVCL_2955,0.35965168476104736,liver,bile_duct,False
CVCL_0250,CVCL_WU66,0.3547993302345276,liver,bone,False
CVCL_0250,CVCL_1715,0.35059916973114014,liver,central_nervous_system,False
CVCL_0250,CVCL_0366,0.34083980321884155,liver,liver,True
CVCL_0250,CVCL_5010,0.34081506729125977,liver,central_nervous_system,False
CVCL_0250,CVCL_2788,0.33940041065216064,liver,liver,True
CVCL_0250,CVCL_5069,0.33683648705482483,liver,central_nervous_system,False
CVCL_0250,CVCL_2786,0.3361215591430664,liver,liver,True
CVCL_0250,CVCL_0863,0.32893818616867065,liver,fibroblast,False
CVCL_0250,CVCL_0844,0.32483625411987305,liver,central_nervous_system,False
CVCL_0253,CVCL_1812,0.5356147885322571,breast,breast,True
CVCL_0253,CVCL_2319,0.5268701314926147,breast,breast,True
CVCL_0253,CVCL_1781,0.5072571039199829,breast,breast,True
CVCL_0253,CVCL_0553,0.48494988679885864,breast,breast,True
CVCL_0253,CVCL_0621,0.47089290618896484,breast,breast,True
CVCL_0253,CVCL_0179,0.4700155556201935,breast,breast,True
CVCL_0253,CVCL_1400,0.46266254782676697,breast,breast,True
CVCL_0253,CVCL_1661,0.4624977111816406,breast,breast,True
CVCL_0253,CVCL_0588,0.45632684230804443,breast,breast,True
CVCL_0253,CVCL_0620,0.4342266619205475,breast,breast,True
CVCL_0253,CVCL_1251,0.4316891133785248,breast,breast,True
CVCL_0253,CVCL_1782,0.4044342339038849,breast,breast,True
CVCL_0253,CVCL_1115,0.40050458908081055,breast,breast,True
CVCL_0253,CVCL_2062,0.38922491669654846,breast,breast,True
CVCL_0253,CVCL_0033,0.3852614760398865,breast,breast,True
CVCL_0258,CVCL_2119,0.7501181960105896,blood,blood,True
CVCL_0258,CVCL_1619,0.7066132426261902,blood,blood,True
CVCL_0258,CVCL_1425,0.7035614848136902,blood,blood,True
CVCL_0258,CVCL_1620,0.686985433101654,blood,blood,True
CVCL_0258,CVCL_7916,0.6863025426864624,blood,blood,True
CVCL_0258,CVCL_0614,0.6692440509796143,blood,blood,True
CVCL_0258,CVCL_2161,0.6391577124595642,blood,blood,True
CVCL_0258,CVCL_1426,0.6360770463943481,blood,blood,True
CVCL_0258,CVCL_1609,0.6259570717811584,blood,blood,True
CVCL_0258,CVCL_1694,0.6241248250007629,blood,blood,True
CVCL_0258,CVCL_0098,0.6074872612953186,blood,blood,True
CVCL_0258,CVCL_1632,0.5997151136398315,blood,blood,True
CVCL_0258,CVCL_2122,0.5971128344535828,blood,blood,True
CVCL_0258,CVCL_0007,0.5946484804153442,blood,blood,True
CVCL_0270,CVCL_3407,0.39529913663864136,kidney,embryo,False
CVCL_0270,CVCL_U760,0.39399540424346924,kidney,soft_tissue,False
CVCL_0270,CVCL_1479,0.37343302369117737,kidney,lung,False
CVCL_0270,CVCL_8005,0.36753690242767334,kidney,soft_tissue,False
CVCL_0270,CVCL_L280,0.3486813008785248,kidney,embryo,False
CVCL_0270,CVCL_1301,0.3352229595184326,kidney,gastric,False
CVCL_0270,CVCL_1577,0.33410030603408813,kidney,lung,False
CVCL_0270,CVCL_1451,0.3188518285751343,kidney,embryo,False
CVCL_0270,CVCL_0479,0.3161170184612274,kidney,ovary,False
CVCL_0270,CVCL_M149,0.3129643201828003,kidney,soft_tissue,False
CVCL_0270,CVCL_8007,0.2887338101863861,kidney,soft_tissue,False
CVCL_0270,CVCL_0090,0.28593361377716064,kidney,liver,False
CVCL_0270,CVCL_3612,0.2833825945854187,kidney,ovary,False
CVCL_0270,CVCL_1595,0.28312182426452637,kidney,lung,False
CVCL_0290,CVCL_0419,0.607448160648346,breast,breast,True
CVCL_0290,CVCL_VV27,0.5941202044487,breast,bile_duct,False
CVCL_0290,CVCL_2754,0.556861937046051,breast,breast,True
CVCL_0290,CVCL_2465,0.49605047702789307,breast,upper_aerodigestive,False
CVCL_0290,CVCL_1482,0.4953876733779907,breast,lung,False
CVCL_0290,CVCL_1131,0.4941386282444,breast,esophagus,False
CVCL_0290,CVCL_5005,0.49036023020744324,breast,upper_aerodigestive,False
CVCL_0290,CVCL_2678,0.4833616614341736,breast,upper_aerodigestive,False
CVCL_0290,CVCL_B260,0.47321808338165283,breast,lung,False
CVCL_0290,CVCL_1259,0.47119396924972534,breast,breast,True
CVCL_0290,CVCL_1095,0.47086238861083984,breast,cervix,False
CVCL_0290,CVCL_1114,0.46945053339004517,breast,breast,True
CVCL_0290,CVCL_1652,0.4691624045372009,breast,lung,False
CVCL_0290,CVCL_1483,0.46237391233444214,breast,lung,False
CVCL_0290,CVCL_3158,0.46229806542396545,breast,ovary,False
CVCL_0291,CVCL_1350,0.292471319437027,colorectal,esophagus,False
CVCL_0291,CVCL_1612,0.2830105721950531,colorectal,gastric,False
CVCL_0291,CVCL_0201,0.27801230549812317,colorectal,ovary,False
CVCL_0291,CVCL_5112,0.2702183723449707,colorectal,colorectal,True
CVCL_0291,CVCL_EG34,0.270159512758255,colorectal,colorectal,True
CVCL_0291,CVCL_A1UI,0.26463583111763,colorectal,bile_duct,False
CVCL_0291,CVCL_1192,0.2604696452617645,colorectal,ovary,False
CVCL_0291,CVCL_1575,0.25520360469818115,colorectal,lung,False
CVCL_0291,CVCL_1766,0.2529917359352112,colorectal,esophagus,False
CVCL_0291,CVCL_1139,0.25017714500427246,colorectal,lung,False
CVCL_0291,CVCL_0248,0.24828225374221802,colorectal,colorectal,True
CVCL_0291,CVCL_1291,0.24793504178524017,colorectal,urinary_tract,False
CVCL_0291,CVCL_2914,0.24712537229061127,colorectal,lung,False
CVCL_0291,CVCL_3004,0.24433067440986633,colorectal,pancreas,False
CVCL_0292,CVCL_0101,0.4115332365036011,colorectal,gastric,False
CVCL_0292,CVCL_1603,0.4085291922092438,colorectal,gastric,False
CVCL_0292,CVCL_1978,0.40030038356781006,colorectal,colorectal,True
CVCL_0292,CVCL_2035,0.38366106152534485,colorectal,esophagus,False
CVCL_0292,CVCL_1386,0.38355758786201477,colorectal,colorectal,True
CVCL_0292,CVCL_5111,0.37674859166145325,colorectal,colorectal,True
CVCL_0292,CVCL_5058,0.37404578924179077,colorectal,colorectal,True
CVCL_0292,CVCL_1587,0.35759395360946655,colorectal,colorectal,True
CVCL_0292,CVCL_1151,0.3536476194858551,colorectal,colorectal,True
CVCL_0292,CVCL_0555,0.3378709554672241,colorectal,colorectal,True
CVCL_0292,CVCL_1648,0.33554455637931824,colorectal,colorectal,True
CVCL_0292,CVCL_0544,0.33391502499580383,colorectal,colorectal,True
CVCL_0292,CVCL_1708,0.3247792720794678,colorectal,colorectal,True
CVCL_0292,CVCL_1979,0.32286736369132996,colorectal,colorectal,True
CVCL_0293,CVCL_0294,0.6309975385665894,uterus,uterus,True
CVCL_0293,CVCL_1274,0.5615272521972656,uterus,uterus,True
CVCL_0293,CVCL_1304,0.5242038369178772,uterus,ovary,False
CVCL_0293,CVCL_1707,0.5227572917938232,uterus,uterus,True
CVCL_0293,CVCL_3116,0.522567093372345,uterus,ovary,False
CVCL_0293,CVCL_3867,0.5070247054100037,uterus,uterus,True
CVCL_0293,CVCL_E063,0.4891411364078522,uterus,uterus,True
CVCL_0293,CVCL_1615,0.47526881098747253,uterus,ovary,False
CVCL_0293,CVCL_3117,0.47498345375061035,uterus,ovary,False
CVCL_0293,CVCL_4658,0.4749046266078949,uterus,uterus,True
CVCL_0293,CVCL_0235,0.4709126651287079,uterus,kidney,False
CVCL_0293,CVCL_DH06,0.4653027653694153,uterus,ovary,False
CVCL_0293,CVCL_IW56,0.45952075719833374,uterus,ovary,False
CVCL_0293,CVCL_V607,0.4573976993560791,uterus,kidney,False
CVCL_0293,CVCL_2927,0.4528530240058899,uterus,uterus,True
CVCL_0294,CVCL_1274,0.6163877248764038,uterus,uterus,True
CVCL_0294,CVCL_V607,0.5933495163917542,uterus,kidney,False
CVCL_0294,CVCL_1111,0.5479812622070312,uterus,kidney,False
CVCL_0294,CVCL_2924,0.5386879444122314,uterus,uterus,True
CVCL_0294,CVCL_2047,0.5371239185333252,uterus,ovary,False
CVCL_0294,CVCL_1707,0.5326680541038513,uterus,uterus,True
CVCL_0294,CVCL_1050,0.525068998336792,uterus,kidney,False
CVCL_0294,CVCL_2929,0.5214452147483826,uterus,uterus,True
CVCL_0294,CVCL_E115,0.514195442199707,uterus,uterus,True
CVCL_0294,CVCL_3613,0.5048887133598328,uterus,ovary,False
CVCL_0294,CVCL_1721,0.49533769488334656,uterus,urinary_tract,False
CVCL_0294,CVCL_2673,0.492798388004303,uterus,ovary,False
CVCL_0294,CVCL_3866,0.491709440946579,uterus,uterus,True
CVCL_0312,CVCL_2270,0.5754252672195435,bone,bone,True
CVCL_0312,CVCL_2585,0.4167995750904083,bone,skin,False
CVCL_0312,CVCL_0426,0.4151158034801483,bone,bone,True
CVCL_0312,CVCL_1697,0.4112131893634796,bone,bone,True
CVCL_0312,CVCL_0871,0.4075334072113037,bone,soft_tissue,False
CVCL_0312,CVCL_2584,0.40658801794052124,bone,skin,False
CVCL_0312,CVCL_1311,0.38052430748939514,bone,lung,False
CVCL_0312,CVCL_2291,0.37927740812301636,bone,ovary,False
CVCL_0312,CVCL_1167,0.36813271045684814,bone,central_nervous_system,False
CVCL_0312,CVCL_0618,0.3430102467536926,bone,breast,False
CVCL_0312,CVCL_0090,0.33933645486831665,bone,liver,False
CVCL_0312,CVCL_1689,0.33812493085861206,bone,central_nervous_system,False
CVCL_0312,CVCL_3603,0.33399835228919983,bone,thyroid,False
CVCL_0312,CVCL_1285,0.3308623135089874,bone,lung,False
CVCL_0312,CVCL_1174,0.3303315341472626,bone,lung,False
CVCL_0313,CVCL_0434,0.5483658313751221,pancreas,gastric,False
CVCL_0313,CVCL_1119,0.5447397828102112,pancreas,pancreas,True
CVCL_0313,CVCL_M469,0.5440875887870789,pancreas,pancreas,True
CVCL_0313,CVCL_1648,0.5357518196105957,pancreas,colorectal,False
CVCL_0313,CVCL_9980,0.534628689289093,pancreas,colorectal,False
CVCL_0313,CVCL_A1UH,0.531548261642456,pancreas,pancreas,True
CVCL_0313,CVCL_1846,0.5268385410308838,pancreas,pancreas,True
CVCL_0313,CVCL_1982,0.5212552547454834,pancreas,colorectal,False
CVCL_0313,CVCL_5078,0.5206936001777649,pancreas,colorectal,False
CVCL_0313,CVCL_3084,0.5205393433570862,pancreas,gastric,False
CVCL_0313,CVCL_0320,0.5142847299575806,pancreas,colorectal,False
CVCL_0313,CVCL_4645,0.5142194628715515,pancreas,ovary,False
CVCL_0313,CVCL_3178,0.5125276446342468,pancreas,pancreas,True
CVCL_0313,CVCL_0237,0.5065056085586548,pancreas,pancreas,True
CVCL_0314,CVCL_5006,0.6391628384590149,skin,upper_aerodigestive,False
CVCL_0314,CVCL_1808,0.5218325853347778,skin,urinary_tract,False
CVCL_0314,CVCL_2678,0.5147589445114136,skin,upper_aerodigestive,False
CVCL_0314,CVCL_5005,0.5130780339241028,skin,upper_aerodigestive,False
CVCL_0314,CVCL_1131,0.4941062033176422,skin,esophagus,False
CVCL_0314,CVCL_2232,0.49193713068962097,skin,upper_aerodigestive,False
CVCL_0314,CVCL_1108,0.4841885566711426,skin,upper_aerodigestive,False
CVCL_0314,CVCL_2807,0.467911958694458,skin,skin,True
CVCL_0314,CVCL_2312,0.4652213156223297,skin,upper_aerodigestive,False
CVCL_0314,CVCL_1258,0.45897337794303894,skin,breast,False
CVCL_0314,CVCL_2229,0.45323169231414795,skin,upper_aerodigestive,False
CVCL_0314,CVCL_1611,0.4525832533836365,skin,gastric,False
CVCL_0314,CVCL_2226,0.4340822696685791,skin,upper_aerodigestive,False
CVCL_0314,CVCL_2221,0.4310639202594757,skin,upper_aerodigestive,False
CVCL_0314,CVCL_2457,0.4304579198360443,skin,upper_aerodigestive,False
CVCL_0317,CVCL_1070,0.5493570566177368,soft_tissue,central_nervous_system,False
CVCL_0317,CVCL_1229,0.517686128616333,soft_tissue,soft_tissue,True
CVCL_0317,CVCL_1375,0.49554383754730225,soft_tissue,lung,False
CVCL_0317,CVCL_2960,0.489795982837677,soft_tissue,thyroid,False
CVCL_0317,CVCL_1594,0.46774715185165405,soft_tissue,lung,False
CVCL_0317,CVCL_1040,0.42274853587150574,soft_tissue,skin,False
CVCL_0317,CVCL_4849,0.419067919254303,soft_tissue,gastric,False
CVCL_0317,CVCL_1734,0.4174639582633972,soft_tissue,soft_tissue,True
CVCL_0317,CVCL_2947,0.4022664725780487,soft_tissue,liver,False
CVCL_0317,CVCL_2447,0.39815428853034973,soft_tissue,thyroid,False
CVCL_0317,CVCL_0463,0.39142197370529175,soft_tissue,lung,False
CVCL_0317,CVCL_1052,0.3899488151073456,soft_tissue,central_nervous_system,False
CVCL_0317,CVCL_1295,0.3749820590019226,soft_tissue,thyroid,False
CVCL_0317,CVCL_0069,0.37259170413017273,soft_tissue,skin,False
CVCL_0318,CVCL_A1VJ,0.8563029170036316,skin,skin,True
CVCL_0318,CVCL_A1VK,0.8424181342124939,skin,skin,True
CVCL_0318,CVCL_2408,0.7606772780418396,skin,skin,True
CVCL_0318,CVCL_A341,0.7548753023147583,skin,skin,True
CVCL_0318,CVCL_0331,0.7471719980239868,skin,skin,True
CVCL_0318,CVCL_1057,0.7457636594772339,skin,skin,True
CVCL_0318,CVCL_1036,0.7132859230041504,skin,skin,True
CVCL_0318,CVCL_1672,0.7088465094566345,skin,skin,True
CVCL_0318,CVCL_1135,0.7087512016296387,skin,skin,True
CVCL_0318,CVCL_0599,0.7083601951599121,skin,skin,True
CVCL_0318,CVCL_6805,0.704088568687439,skin,skin,True
CVCL_0318,CVCL_2606,0.7035679817199707,skin,skin,True
CVCL_0318,CVCL_0600,0.7011051774024963,skin,skin,True
CVCL_0318,CVCL_2765,0.6834797263145447,skin,skin,True
CVCL_0320,CVCL_EG22,0.6850228309631348,colorectal,colorectal,True
CVCL_0320,CVCL_4846,0.6371352076530457,colorectal,gastric,False
CVCL_0320,CVCL_1846,0.6181464791297913,colorectal,pancreas,False
CVCL_0320,CVCL_1982,0.6162357330322266,colorectal,colorectal,True
CVCL_0320,CVCL_1980,0.6102941036224365,colorectal,colorectal,True
CVCL_0320,CVCL_8877,0.5969865918159485,colorectal,gastric,False
CVCL_0320,CVCL_5072,0.5953918099403381,colorectal,gastric,False
CVCL_0320,CVCL_5078,0.5934378504753113,colorectal,colorectal,True
CVCL_0320,CVCL_4645,0.5915644764900208,colorectal,ovary,False
CVCL_0320,CVCL_0626,0.5883146524429321,colorectal,colorectal,True
CVCL_0320,CVCL_1622,0.5783692002296448,colorectal,esophagus,False
CVCL_0320,CVCL_0397,0.572297990322113,colorectal,colorectal,True
CVCL_0320,CVCL_1386,0.5713072419166565,colorectal,colorectal,True
CVCL_0320,CVCL_0434,0.5693026185035706,colorectal,gastric,False
CVCL_0320,CVCL_5111,0.5689935088157654,colorectal,colorectal,True
CVCL_0324,CVCL_M465,0.5329415798187256,bile_duct,pancreas,False
CVCL_0324,CVCL_1635,0.47749844193458557,bile_duct,pancreas,False
CVCL_0324,CVCL_3020,0.46774664521217346,bile_duct,ovary,False
CVCL_0324,CVCL_1119,0.46310529112815857,bile_duct,pancreas,False
CVCL_0324,CVCL_5034,0.45782801508903503,bile_duct,pancreas,False
CVCL_0324,CVCL_1193,0.4383258521556854,bile_duct,bile_duct,True
CVCL_0324,CVCL_A1VG,0.4357098340988159,bile_duct,bile_duct,True
CVCL_0324,CVCL_S507,0.4155314266681671,bile_duct,pancreas,False
CVCL_0324,CVCL_A1UI,0.4143598675727844,bile_duct,bile_duct,True
CVCL_0324,CVCL_0026,0.40933990478515625,bile_duct,pancreas,False
CVCL_0324,CVCL_A1VH,0.3996964693069458,bile_duct,bile_duct,True
CVCL_0324,CVCL_1639,0.395833283662796,bile_duct,pancreas,False
CVCL_0324,CVCL_A1UH,0.39479073882102966,bile_duct,pancreas,False
CVCL_0324,CVCL_1299,0.3890824317932129,bile_duct,pancreas,False
CVCL_0324,CVCL_1849,0.3883730471134186,bile_duct,pancreas,False
CVCL_0326,CVCL_0336,0.7725298404693604,liver,liver,True
CVCL_0326,CVCL_2805,0.732596218585968,liver,liver,True
CVCL_0326,CVCL_0364,0.6968284845352173,liver,liver,True
CVCL_0326,CVCL_2908,0.5988852381706238,liver,gastric,False
CVCL_0326,CVCL_0485,0.5920393466949463,liver,liver,True
CVCL_0326,CVCL_2956,0.5674712657928467,liver,liver,True
CVCL_0326,CVCL_A1VD,0.5660160779953003,liver,bile_duct,False
CVCL_0326,CVCL_5089,0.5323178172111511,liver,liver,True
CVCL_0326,CVCL_A1UZ,0.49130287766456604,liver,bile_duct,False
CVCL_0326,CVCL_5102,0.4764571189880371,liver,liver,True
CVCL_0326,CVCL_4381,0.46803876757621765,liver,liver,True
CVCL_0326,CVCL_3840,0.4632716774940491,liver,liver,True
CVCL_0326,CVCL_1850,0.4368077218532562,liver,pancreas,False
CVCL_0331,CVCL_1057,0.9000820517539978,skin,skin,True
CVCL_0331,CVCL_0599,0.7215515375137329,skin,skin,True
CVCL_0331,CVCL_A1VJ,0.6852999329566956,skin,skin,True
CVCL_0331,CVCL_0600,0.6669957637786865,skin,skin,True
CVCL_0331,CVCL_A1VK,0.657891035079956,skin,skin,True
CVCL_0331,CVCL_1036,0.6544375419616699,skin,skin,True
CVCL_0331,CVCL_6805,0.6534215211868286,skin,skin,True
CVCL_0331,CVCL_2408,0.6472977995872498,skin,skin,True
CVCL_0331,CVCL_A341,0.6363157629966736,skin,skin,True
CVCL_0331,CVCL_1040,0.6315315961837769,skin,skin,True
CVCL_0331,CVCL_1135,0.6286500692367554,skin,skin,True
CVCL_0331,CVCL_2765,0.6190530061721802,skin,skin,True
CVCL_0331,CVCL_A1UE,0.6177108883857727,skin,skin,True
CVCL_0332,CVCL_0932,0.6090179085731506,breast,fibroblast,False
CVCL_0332,CVCL_3605,0.5891135334968567,breast,fibroblast,False
CVCL_0332,CVCL_0878,0.5808950066566467,breast,fibroblast,False
CVCL_0332,CVCL_0891,0.5783918499946594,breast,fibroblast,False
CVCL_0332,CVCL_1743,0.5709073543548584,breast,fibroblast,False
CVCL_0332,CVCL_1038,0.5643954873085022,breast,fibroblast,False
CVCL_0332,CVCL_0846,0.5633301734924316,breast,fibroblast,False
CVCL_0332,CVCL_0941,0.5594178438186646,breast,fibroblast,False
CVCL_0332,CVCL_0882,0.5592860579490662,breast,fibroblast,False
CVCL_0332,CVCL_0928,0.5512282252311707,breast,fibroblast,False
CVCL_0332,CVCL_1031,0.5500270128250122,breast,fibroblast,False
CVCL_0332,CVCL_3806,0.5486869215965271,breast,fibroblast,False
CVCL_0332,CVCL_3603,0.5443282723426819,breast,thyroid,False
CVCL_0332,CVCL_0715,0.5432037115097046,breast,fibroblast,False
CVCL_0332,CVCL_0825,0.5402601361274719,breast,fibroblast,False
CVCL_0333,CVCL_0366,0.40340250730514526,gastric,liver,False
CVCL_0333,CVCL_0608,0.3727753758430481,gastric,lung,False
CVCL_0333,CVCL_1505,0.365634560585022,gastric,lung,False
CVCL_0333,CVCL_1302,0.35633522272109985,gastric,lung,False
CVCL_0333,CVCL_2063,0.3528413474559784,gastric,lung,False
CVCL_0333,CVCL_1715,0.3505871295928955,gastric,central_nervous_system,False
CVCL_0333,CVCL_0633,0.34346073865890503,gastric,central_nervous_system,False
CVCL_0333,CVCL_2061,0.3386836349964142,gastric,lung,False
CVCL_0333,CVCL_5135,0.33367684483528137,gastric,lung,False
CVCL_0333,CVCL_5134,0.3311968743801117,gastric,lung,False
CVCL_0333,CVCL_0022,0.3265214264392853,gastric,central_nervous_system,False
CVCL_0333,CVCL_5010,0.32565343379974365,gastric,central_nervous_system,False
CVCL_0333,CVCL_5069,0.3235913813114166,gastric,central_nervous_system,False
CVCL_0333,CVCL_1R15,0.3174325227737427,gastric,central_nervous_system,False
CVCL_0333,CVCL_1546,0.31716078519821167,gastric,lung,False
CVCL_0334,CVCL_1723,0.3966197669506073,pancreas,pancreas,True
CVCL_0334,CVCL_0186,0.3649462163448334,pancreas,pancreas,True
CVCL_0334,CVCL_1776,0.34211111068725586,pancreas,ovary,False
CVCL_0334,CVCL_H695,0.3327525854110718,pancreas,bile_duct,False
CVCL_0334,CVCL_M469,0.32600367069244385,pancreas,pancreas,True
CVCL_0334,CVCL_0026,0.3126033544540405,pancreas,pancreas,True
CVCL_0334,CVCL_2424,0.3084735870361328,pancreas,ovary,False
CVCL_0334,CVCL_1958,0.3047052323818207,pancreas,urinary_tract,False
CVCL_0334,CVCL_6748,0.2892262935638428,pancreas,pancreas,True
CVCL_0334,CVCL_1635,0.28604236245155334,pancreas,pancreas,True
CVCL_0334,CVCL_4897,0.28468436002731323,pancreas,pancreas,True
CVCL_0334,CVCL_A1VG,0.27919092774391174,pancreas,bile_duct,False
CVCL_0334,CVCL_1634,0.2763497233390808,pancreas,pancreas,True
CVCL_0336,CVCL_2805,0.7431053519248962,liver,liver,True
CVCL_0336,CVCL_0364,0.7018627524375916,liver,liver,True
CVCL_0336,CVCL_2908,0.649418294429779,liver,gastric,False
CVCL_0336,CVCL_2956,0.6158990859985352,liver,liver,True
CVCL_0336,CVCL_0485,0.5669538974761963,liver,liver,True
CVCL_0336,CVCL_5089,0.5205017924308777,liver,liver,True
CVCL_0336,CVCL_A1VD,0.5137839913368225,liver,bile_duct,False
CVCL_0336,CVCL_4381,0.5036287903785706,liver,liver,True
CVCL_0336,CVCL_5102,0.49216407537460327,liver,liver,True
CVCL_0336,CVCL_3840,0.48176172375679016,liver,liver,True
CVCL_0336,CVCL_1096,0.4778372645378113,liver,colorectal,False
CVCL_0336,CVCL_A1UZ,0.4432109296321869,liver,bile_duct,False
CVCL_0337,CVCL_2016,0.6466791033744812,lymphocyte,lymphocyte,True
CVCL_0337,CVCL_2889,0.6307884454727173,lymphocyte,lymphocyte,True
CVCL_0337,CVCL_1126,0.6285600662231445,lymphocyte,blood,False
CVCL_0337,CVCL_1424,0.611957311630249,lymphocyte,blood,False
CVCL_0337,CVCL_3032,0.5981506705284119,lymphocyte,lymphocyte,True
CVCL_0337,CVCL_3526,0.5950186848640442,lymphocyte,lymphocyte,True
CVCL_0337,CVCL_2976,0.5851659178733826,lymphocyte,lymphocyte,True
CVCL_0337,CVCL_1380,0.5563023686408997,lymphocyte,blood,False
CVCL_0337,CVCL_2541,0.5546528697013855,lymphocyte,lymphocyte,True
CVCL_0337,CVCL_1414,0.5446093678474426,lymphocyte,lymphocyte,True
CVCL_0337,CVCL_1327,0.5404168367385864,lymphocyte,blood,False
CVCL_0337,CVCL_1630,0.5348045229911804,lymphocyte,blood,False
CVCL_0337,CVCL_8796,0.5170217752456665,lymphocyte,lymphocyte,True
CVCL_0337,CVCL_1805,0.5125933289527893,lymphocyte,blood,False
CVCL_0337,CVCL_1150,0.5055628418922424,lymphocyte,blood,False
CVCL_0346,CVCL_1124,0.8087455034255981,peripheral_nervous_system,peripheral_nervous_system,True
CVCL_0346,CVCL_2141,0.7731322050094604,peripheral_nervous_system,peripheral_nervous_system,True
CVCL_0346,CVCL_1341,0.7550203204154968,peripheral_nervous_system,peripheral_nervous_system,True
CVCL_0346,CVCL_5627,0.7414318323135376,peripheral_nervous_system,peripheral_nervous_system,True
CVCL_0346,CVCL_1123,0.7380178570747375,peripheral_nervous_system,peripheral_nervous_system,True
CVCL_0346,CVCL_1701,0.7319309711456299,peripheral_nervous_system,peripheral_nervous_system,True
CVCL_0346,CVCL_AX42,0.719045102596283,peripheral_nervous_system,peripheral_nervous_system,True
CVCL_0346,CVCL_1339,0.7143129110336304,peripheral_nervous_system,peripheral_nervous_system,True
CVCL_0346,CVCL_1606,0.7125840783119202,peripheral_nervous_system,peripheral_nervous_system,True
CVCL_0346,CVCL_2143,0.7090904712677002,peripheral_nervous_system,peripheral_nervous_system,True
CVCL_0346,CVCL_1605,0.7065684795379639,peripheral_nervous_system,peripheral_nervous_system,True
CVCL_0346,CVCL_2092,0.703342616558075,peripheral_nervous_system,peripheral_nervous_system,True
CVCL_0346,CVCL_0528,0.6999839544296265,peripheral_nervous_system,peripheral_nervous_system,True
CVCL_0346,CVCL_1234,0.696160614490509,peripheral_nervous_system,peripheral_nervous_system,True
CVCL_0346,CVCL_6594,0.6874980330467224,peripheral_nervous_system,peripheral_nervous_system,True
CVCL_0359,CVCL_1427,0.5721095204353333,urinary_tract,lung,False
CVCL_0359,CVCL_2592,0.502797544002533,urinary_tract,lung,False
CVCL_0359,CVCL_2593,0.45223942399024963,urinary_tract,lung,False
CVCL_0359,CVCL_VU89,0.45103809237480164,urinary_tract,kidney,False
CVCL_0359,CVCL_2597,0.435428649187088,urinary_tract,lung,False
CVCL_0359,CVCL_1311,0.43202659487724304,urinary_tract,lung,False
CVCL_0359,CVCL_2080,0.4281984865665436,urinary_tract,lung,False
CVCL_0359,CVCL_0366,0.4234943687915802,urinary_tract,liver,False
CVCL_0359,CVCL_2595,0.415584534406662,urinary_tract,lung,False
CVCL_0359,CVCL_2590,0.41320738196372986,urinary_tract,lung,False
CVCL_0359,CVCL_2591,0.3893936574459076,urinary_tract,lung,False
CVCL_0359,CVCL_2671,0.38677701354026794,urinary_tract,lung,False
CVCL_0359,CVCL_1104,0.3827042877674103,urinary_tract,breast,False
CVCL_0359,CVCL_A1VM,0.37248578667640686,urinary_tract,skin,False
CVCL_0359,CVCL_2581,0.3716203272342682,urinary_tract,lung,False
CVCL_0360,CVCL_0363,0.8268522620201111,uterus,uterus,True
CVCL_0360,CVCL_8065,0.7896062731742859,uterus,uterus,True
CVCL_0360,CVCL_3088,0.538387656211853,uterus,colorectal,False
CVCL_0360,CVCL_1291,0.4443840980529785,uterus,urinary_tract,False
CVCL_0360,CVCL_1523,0.41835370659828186,uterus,lung,False
CVCL_0360,CVCL_L280,0.38735395669937134,uterus,embryo,False
CVCL_0360,CVCL_1549,0.37457334995269775,uterus,lung,False
CVCL_0360,CVCL_0025,0.36910831928253174,uterus,colorectal,False
CVCL_0360,CVCL_3152,0.36617225408554077,uterus,gastric,False
CVCL_0360,CVCL_3158,0.36192259192466736,uterus,ovary,False
CVCL_0360,CVCL_3055,0.34771013259887695,uterus,gastric,False
CVCL_0360,CVCL_1292,0.34729430079460144,uterus,urinary_tract,False
CVCL_0360,CVCL_1451,0.33430662751197815,uterus,embryo,False
CVCL_0360,CVCL_3407,0.32768335938453674,uterus,embryo,False
CVCL_0360,CVCL_4381,0.3155346214771271,uterus,liver,False
CVCL_0363,CVCL_8065,0.828184187412262,uterus,uterus,True
CVCL_0363,CVCL_3088,0.562706470489502,uterus,colorectal,False
CVCL_0363,CVCL_1523,0.4607052505016327,uterus,lung,False
CVCL_0363,CVCL_1291,0.46029171347618103,uterus,urinary_tract,False
CVCL_0363,CVCL_L280,0.4015459716320038,uterus,embryo,False
CVCL_0363,CVCL_1549,0.3856571614742279,uterus,lung,False
CVCL_0363,CVCL_3152,0.3813839256763458,uterus,gastric,False
CVCL_0363,CVCL_3055,0.3541782796382904,uterus,gastric,False
CVCL_0363,CVCL_0025,0.3532602787017822,uterus,colorectal,False
CVCL_0363,CVCL_3158,0.3526608347892761,uterus,ovary,False
CVCL_0363,CVCL_1292,0.3440663814544678,uterus,urinary_tract,False
CVCL_0363,CVCL_1451,0.3424631655216217,uterus,embryo,False
CVCL_0363,CVCL_3407,0.3333760201931,uterus,embryo,False
CVCL_0363,CVCL_4381,0.33154550194740295,uterus,liver,False
CVCL_0364,CVCL_2805,0.7407311201095581,liver,liver,True
CVCL_0364,CVCL_2956,0.69477778673172,liver,liver,True
CVCL_0364,CVCL_A1VD,0.6317315697669983,liver,bile_duct,False
CVCL_0364,CVCL_2908,0.5508413314819336,liver,gastric,False
CVCL_0364,CVCL_3840,0.5422443151473999,liver,liver,True
CVCL_0364,CVCL_5102,0.5412944555282593,liver,liver,True
CVCL_0364,CVCL_1850,0.5223193168640137,liver,pancreas,False
CVCL_0364,CVCL_0485,0.508691132068634,liver,liver,True
CVCL_0364,CVCL_5089,0.5032159090042114,liver,liver,True
CVCL_0364,CVCL_1096,0.4928065538406372,liver,colorectal,False
CVCL_0364,CVCL_4381,0.492729127407074,liver,liver,True
CVCL_0366,CVCL_2593,0.47184479236602783,liver,lung,False
CVCL_0366,CVCL_0543,0.4411475360393524,liver,bone,False
CVCL_0366,CVCL_0608,0.4386504292488098,liver,lung,False
CVCL_0366,CVCL_5069,0.4372585713863373,liver,central_nervous_system,False
CVCL_0366,CVCL_1427,0.4238249957561493,liver,lung,False
CVCL_0366,CVCL_WU66,0.41863733530044556,liver,bone,False
CVCL_0366,CVCL_VU89,0.4137306809425354,liver,kidney,False
CVCL_0366,CVCL_2786,0.41113123297691345,liver,liver,True
CVCL_0366,CVCL_1715,0.4073232114315033,liver,central_nervous_system,False
CVCL_0366,CVCL_0633,0.4071456789970398,liver,central_nervous_system,False
CVCL_0366,CVCL_5103,0.4062528908252716,liver,liver,True
CVCL_0366,CVCL_1656,0.40605446696281433,liver,lung,False
CVCL_0366,CVCL_8721,0.4015103578567505,liver,uterus,False
CVCL_0371,CVCL_4846,0.5628839731216431,gastric,gastric,True
CVCL_0371,CVCL_M469,0.5224197506904602,gastric,pancreas,False
CVCL_0371,CVCL_3082,0.5141341686248779,gastric,gastric,True
CVCL_0371,CVCL_A1UH,0.5102835893630981,gastric,pancreas,False
CVCL_0371,CVCL_5098,0.5097776651382446,gastric,colorectal,False
CVCL_0371,CVCL_1622,0.5086938738822937,gastric,esophagus,False
CVCL_0371,CVCL_0237,0.5073329210281372,gastric,pancreas,False
CVCL_0371,CVCL_0626,0.5063567757606506,gastric,colorectal,False
CVCL_0371,CVCL_1648,0.5036503076553345,gastric,colorectal,False
CVCL_0371,CVCL_8234,0.5029322504997253,gastric,ovary,False
CVCL_0371,CVCL_5101,0.5025641918182373,gastric,bile_duct,False
CVCL_0371,CVCL_2961,0.5016454458236694,gastric,gastric,True
CVCL_0371,CVCL_0397,0.48694953322410583,gastric,colorectal,False
CVCL_0371,CVCL_0313,0.48639729619026184,gastric,pancreas,False
CVCL_0374,CVCL_2122,0.7700212001800537,blood,blood,True
CVCL_0374,CVCL_1321,0.7503176331520081,blood,blood,True
CVCL_0374,CVCL_2071,0.7310410141944885,blood,blood,True
CVCL_0374,CVCL_0614,0.7286565899848938,blood,blood,True
CVCL_0374,CVCL_1230,0.6689470410346985,blood,blood,True
CVCL_0374,CVCL_2130,0.6641149520874023,blood,blood,True
CVCL_0374,CVCL_2118,0.6579275727272034,blood,blood,True
CVCL_0374,CVCL_5224,0.6535292267799377,blood,blood,True
CVCL_0374,CVCL_2110,0.6489386558532715,blood,blood,True
CVCL_0374,CVCL_1433,0.6217076778411865,blood,blood,True
CVCL_0374,CVCL_1071,0.5957353115081787,blood,blood,True
CVCL_0374,CVCL_2191,0.5919198989868164,blood,blood,True
CVCL_0374,CVCL_2196,0.5905654430389404,blood,blood,True
CVCL_0374,CVCL_0216,0.5887941718101501,blood,blood,True
CVCL_0374,CVCL_1380,0.5865980982780457,blood,blood,True
CVCL_0378,CVCL_3958,0.6226958632469177,central_nervous_system,central_nervous_system,True
CVCL_0378,CVCL_2799,0.5330105423927307,central_nervous_system,central_nervous_system,True
CVCL_0378,CVCL_2050,0.5194889307022095,central_nervous_system,central_nervous_system,True
CVCL_0378,CVCL_5033,0.5160948634147644,central_nervous_system,central_nervous_system,True
CVCL_0378,CVCL_5080,0.5108940601348877,central_nervous_system,central_nervous_system,True
CVCL_0378,CVCL_1169,0.4730306565761566,central_nervous_system,central_nervous_system,True
CVCL_0378,CVCL_1R14,0.4462484121322632,central_nervous_system,central_nervous_system,True
CVCL_0378,CVCL_1608,0.4265756607055664,central_nervous_system,central_nervous_system,True
CVCL_0378,CVCL_3075,0.39872127771377563,central_nervous_system,central_nervous_system,True
CVCL_0378,CVCL_6735,0.39381787180900574,central_nervous_system,central_nervous_system,True
CVCL_0378,CVCL_1706,0.3865736126899719,central_nervous_system,central_nervous_system,True
CVCL_0378,CVCL_1227,0.38198137283325195,central_nervous_system,central_nervous_system,True
CVCL_0378,CVCL_1323,0.37604594230651855,central_nervous_system,central_nervous_system,True
CVCL_0378,CVCL_1796,0.36970093846321106,central_nervous_system,central_nervous_system,True
CVCL_0379,CVCL_2079,0.8256908655166626,blood,blood,True
CVCL_0379,CVCL_2187,0.8052167296409607,blood,blood,True
CVCL_0379,CVCL_2481,0.7852655649185181,blood,blood,True
CVCL_0379,CVCL_2106,0.7850556373596191,blood,blood,True
CVCL_0379,CVCL_0425,0.7772823572158813,blood,blood,True
CVCL_0379,CVCL_2120,0.7771221399307251,blood,blood,True
CVCL_0379,CVCL_0559,0.7753903865814209,blood,blood,True
CVCL_0379,CVCL_0388,0.7630485892295837,blood,blood,True
CVCL_0379,CVCL_2037,0.7526153922080994,blood,blood,True
CVCL_0379,CVCL_3043,0.7161879539489746,blood,blood,True
CVCL_0379,CVCL_2150,0.6593097448348999,blood,blood,True
CVCL_0379,CVCL_2149,0.6267944574356079,blood,blood,True
CVCL_0388,CVCL_0425,0.7690746188163757,blood,blood,True
CVCL_0388,CVCL_2187,0.7469186186790466,blood,blood,True
CVCL_0388,CVCL_2106,0.7436883449554443,blood,blood,True
CVCL_0388,CVCL_2481,0.7244124412536621,blood,blood,True
CVCL_0388,CVCL_2037,0.7053571343421936,blood,blood,True
CVCL_0388,CVCL_0559,0.7035341858863831,blood,blood,True
CVCL_0388,CVCL_2120,0.6915895342826843,blood,blood,True
CVCL_0388,CVCL_3043,0.681461751461029,blood,blood,True
CVCL_0388,CVCL_2079,0.668674111366272,blood,blood,True
CVCL_0388,CVCL_2149,0.6305562257766724,blood,blood,True
CVCL_0388,CVCL_2086,0.6134611368179321,blood,blood,True
CVCL_0392,CVCL_0556,0.5544833540916443,central_nervous_system,central_nervous_system,True
CVCL_0392,CVCL_0844,0.5303906202316284,central_nervous_system,central_nervous_system,True
CVCL_0392,CVCL_1239,0.5078345537185669,central_nervous_system,central_nervous_system,True
CVCL_0392,CVCL_4W67,0.4497789740562439,central_nervous_system,central_nervous_system,True
CVCL_0392,CVCL_1690,0.44375041127204895,central_nervous_system,central_nervous_system,True
CVCL_0392,CVCL_3954,0.4107474088668823,central_nervous_system,central_nervous_system,True
CVCL_0392,CVCL_3956,0.40785157680511475,central_nervous_system,central_nervous_system,True
CVCL_0392,CVCL_0497,0.404904305934906,central_nervous_system,liver,False
CVCL_0392,CVCL_1715,0.40364736318588257,central_nervous_system,central_nervous_system,True
CVCL_0392,CVCL_1052,0.38882923126220703,central_nervous_system,central_nervous_system,True
CVCL_0392,CVCL_2947,0.38882583379745483,central_nervous_system,liver,False
CVCL_0392,CVCL_1070,0.38859230279922485,central_nervous_system,central_nervous_system,True
CVCL_0392,CVCL_8708,0.3849099576473236,central_nervous_system,thyroid,False
CVCL_0392,CVCL_AU20,0.37006229162216187,central_nervous_system,peripheral_nervous_system,False
CVCL_0393,CVCL_A1VJ,0.6626343131065369,central_nervous_system,skin,False
CVCL_0393,CVCL_A1VK,0.6091699004173279,central_nervous_system,skin,False
CVCL_0393,CVCL_0599,0.6088184714317322,central_nervous_system,skin,False
CVCL_0393,CVCL_0331,0.6040188670158386,central_nervous_system,skin,False
CVCL_0393,CVCL_0318,0.5925627946853638,central_nervous_system,skin,False
CVCL_0393,CVCL_1057,0.5795032382011414,central_nervous_system,skin,False
CVCL_0393,CVCL_A1UE,0.563335120677948,central_nervous_system,skin,False
CVCL_0393,CVCL_2606,0.5440102219581604,central_nervous_system,skin,False
CVCL_0393,CVCL_A341,0.5309649109840393,central_nervous_system,skin,False
CVCL_0393,CVCL_1706,0.5245665311813354,central_nervous_system,central_nervous_system,True
CVCL_0393,CVCL_8787,0.5192068219184875,central_nervous_system,skin,False
CVCL_0393,CVCL_5064,0.5158196687698364,central_nervous_system,central_nervous_system,True
CVCL_0393,CVCL_0600,0.514738917350769,central_nervous_system,skin,False
CVCL_0393,CVCL_0622,0.5142741203308105,central_nervous_system,skin,False
CVCL_0394,CVCL_1697,0.41672778129577637,central_nervous_system,bone,False
CVCL_0394,CVCL_0844,0.31630033254623413,central_nervous_system,central_nervous_system,True
CVCL_0394,CVCL_5033,0.30963173508644104,central_nervous_system,central_nervous_system,True
CVCL_0394,CVCL_0556,0.3085559010505676,central_nervous_system,central_nervous_system,True
CVCL_0394,CVCL_3956,0.29910793900489807,central_nervous_system,central_nervous_system,True
CVCL_0394,CVCL_1285,0.29861554503440857,central_nervous_system,lung,False
CVCL_0394,CVCL_1323,0.29453039169311523,central_nervous_system,central_nervous_system,True
CVCL_0394,CVCL_0618,0.2784958779811859,central_nervous_system,breast,False
CVCL_0394,CVCL_1118,0.27459800243377686,central_nervous_system,central_nervous_system,True
CVCL_0394,CVCL_1796,0.2730853855609894,central_nervous_system,central_nervous_system,True
CVCL_0394,CVCL_1608,0.27203959226608276,central_nervous_system,central_nervous_system,True
CVCL_0394,CVCL_1706,0.2715272307395935,central_nervous_system,central_nervous_system,True
CVCL_0394,CVCL_3955,0.2712283730506897,central_nervous_system,central_nervous_system,True
CVCL_0394,CVCL_2297,0.2699858546257019,central_nervous_system,central_nervous_system,True
CVCL_0394,CVCL_1239,0.264538049697876,central_nervous_system,central_nervous_system,True
CVCL_0397,CVCL_1980,0.8107656240463257,colorectal,colorectal,True
CVCL_0397,CVCL_5044,0.7303500175476074,colorectal,colorectal,True
CVCL_0397,CVCL_5111,0.7280129194259644,colorectal,colorectal,True
CVCL_0397,CVCL_2873,0.7226383686065674,colorectal,colorectal,True
CVCL_0397,CVCL_1982,0.709265947341919,colorectal,colorectal,True
CVCL_0397,CVCL_1386,0.7003143429756165,colorectal,colorectal,True
CVCL_0397,CVCL_2520,0.6952364444732666,colorectal,colorectal,True
CVCL_0397,CVCL_4645,0.6794841885566711,colorectal,ovary,False
CVCL_0397,CVCL_0626,0.6690126657485962,colorectal,colorectal,True
CVCL_0397,CVCL_8175,0.6677107214927673,colorectal,colorectal,True
CVCL_0397,CVCL_5078,0.6665228009223938,colorectal,colorectal,True
CVCL_0397,CVCL_1708,0.6656793355941772,colorectal,colorectal,True
CVCL_0397,CVCL_8877,0.6567879319190979,colorectal,gastric,False
CVCL_0397,CVCL_1151,0.6532622575759888,colorectal,colorectal,True
CVCL_0397,CVCL_1564,0.6480706930160522,colorectal,colorectal,True
CVCL_0399,CVCL_5111,0.6266810297966003,colorectal,colorectal,True
CVCL_0399,CVCL_1982,0.6254674196243286,colorectal,colorectal,True
CVCL_0399,CVCL_1980,0.6120150089263916,colorectal,colorectal,True
CVCL_0399,CVCL_4645,0.610192060470581,colorectal,ovary,False
CVCL_0399,CVCL_5078,0.6010617017745972,colorectal,colorectal,True
CVCL_0399,CVCL_5031,0.5987770557403564,colorectal,colorectal,True
CVCL_0399,CVCL_8175,0.5949694514274597,colorectal,colorectal,True
CVCL_0399,CVCL_9980,0.5929114818572998,colorectal,colorectal,True
CVCL_0399,CVCL_5044,0.5909231901168823,colorectal,colorectal,True
CVCL_0399,CVCL_0397,0.5909228324890137,colorectal,colorectal,True
CVCL_0399,CVCL_5250,0.5851917862892151,colorectal,colorectal,True
CVCL_0399,CVCL_5003,0.5701352953910828,colorectal,colorectal,True
CVCL_0399,CVCL_2520,0.5680058002471924,colorectal,colorectal,True
CVCL_0399,CVCL_8877,0.5657509565353394,colorectal,gastric,False
CVCL_0399,CVCL_4846,0.5637907385826111,colorectal,gastric,False
CVCL_0401,CVCL_1689,0.552240252494812,central_nervous_system,central_nervous_system,True
CVCL_0401,CVCL_1722,0.5056126117706299,central_nervous_system,central_nervous_system,True
CVCL_0401,CVCL_1798,0.5009579658508301,central_nervous_system,central_nervous_system,True
CVCL_0401,CVCL_0844,0.49874812364578247,central_nervous_system,central_nervous_system,True
CVCL_0401,CVCL_3075,0.4919302761554718,central_nervous_system,central_nervous_system,True
CVCL_0401,CVCL_5010,0.4909406006336212,central_nervous_system,central_nervous_system,True
CVCL_0401,CVCL_2297,0.46344780921936035,central_nervous_system,central_nervous_system,True
CVCL_0401,CVCL_1173,0.4570769667625427,central_nervous_system,central_nervous_system,True
CVCL_0401,CVCL_1R16,0.4553290009498596,central_nervous_system,central_nervous_system,True
CVCL_0401,CVCL_1509,0.4519818127155304,central_nervous_system,lung,False
CVCL_0401,CVCL_B255,0.44876497983932495,central_nervous_system,soft_tissue,False
CVCL_0401,CVCL_5069,0.44620779156684875,central_nervous_system,central_nervous_system,True
CVCL_0401,CVCL_1233,0.44616085290908813,central_nervous_system,central_nervous_system,True
CVCL_0401,CVCL_0846,0.44365930557250977,central_nervous_system,fibroblast,False
CVCL_0401,CVCL_1323,0.4434715807437897,central_nervous_system,central_nervous_system,True
CVCL_0418,CVCL_0588,0.4569544792175293,breast,breast,True
CVCL_0418,CVCL_2062,0.450245201587677,breast,breast,True
CVCL_0418,CVCL_1115,0.42146554589271545,breast,breast,True
CVCL_0418,CVCL_1251,0.41816794872283936,breast,breast,True
CVCL_0418,CVCL_1263,0.39640796184539795,breast,breast,True
CVCL_0418,CVCL_0179,0.38568219542503357,breast,breast,True
CVCL_0418,CVCL_1106,0.36545437574386597,breast,breast,True
CVCL_0418,CVCL_1782,0.3606456220149994,breast,breast,True
CVCL_0418,CVCL_2094,0.35228675603866577,breast,breast,True
CVCL_0418,CVCL_0620,0.34282034635543823,breast,breast,True
CVCL_0418,CVCL_5591,0.34219804406166077,breast,breast,True
CVCL_0418,CVCL_2319,0.3407547175884247,breast,breast,True
CVCL_0418,CVCL_1812,0.3366905450820923,breast,breast,True
CVCL_0418,CVCL_1269,0.32101982831954956,breast,lung,False
CVCL_0418,CVCL_3423,0.32054418325424194,breast,breast,True
CVCL_0419,CVCL_1259,0.49578773975372314,breast,breast,True
CVCL_0419,CVCL_1114,0.489798367023468,breast,breast,True
CVCL_0419,CVCL_1270,0.4885822832584381,breast,breast,True
CVCL_0419,CVCL_1074,0.4815841019153595,breast,breast,True
CVCL_0419,CVCL_2312,0.4792078137397766,breast,upper_aerodigestive,False
CVCL_0419,CVCL_1782,0.4785018563270569,breast,breast,True
CVCL_0419,CVCL_1245,0.47816959023475647,breast,breast,True
CVCL_0419,CVCL_2754,0.470152348279953,breast,breast,True
CVCL_0419,CVCL_2465,0.4679957330226898,breast,upper_aerodigestive,False
CVCL_0419,CVCL_1267,0.4541812539100647,breast,breast,True
CVCL_0419,CVCL_5005,0.45266005396842957,breast,upper_aerodigestive,False
CVCL_0419,CVCL_1767,0.4513903260231018,breast,esophagus,False
CVCL_0425,CVCL_0559,0.7250872850418091,blood,blood,True
CVCL_0425,CVCL_2079,0.7234818339347839,blood,blood,True
CVCL_0425,CVCL_2481,0.7164593935012817,blood,blood,True
CVCL_0425,CVCL_2120,0.680130124092102,blood,blood,True
CVCL_0425,CVCL_2187,0.6769178509712219,blood,blood,True
CVCL_0425,CVCL_2037,0.672070324420929,blood,blood,True
CVCL_0425,CVCL_2106,0.6637981534004211,blood,blood,True
CVCL_0425,CVCL_3043,0.6395053863525391,blood,blood,True
CVCL_0425,CVCL_2150,0.6372076272964478,blood,blood,True
CVCL_0425,CVCL_2086,0.6112126111984253,blood,blood,True
CVCL_0426,CVCL_0871,0.48970964550971985,bone,soft_tissue,False
CVCL_0426,CVCL_V617,0.44756200909614563,bone,fibroblast,False
CVCL_0426,CVCL_0846,0.4436268210411072,bone,fibroblast,False
CVCL_0426,CVCL_3603,0.43742331862449646,bone,thyroid,False
CVCL_0426,CVCL_B255,0.4352722764015198,bone,soft_tissue,False
CVCL_0426,CVCL_0942,0.42933395504951477,bone,fibroblast,False
CVCL_0426,CVCL_1795,0.426229864358902,bone,central_nervous_system,False
CVCL_0426,CVCL_0698,0.4259462058544159,bone,fibroblast,False
CVCL_0426,CVCL_1689,0.42263829708099365,bone,central_nervous_system,False
CVCL_0426,CVCL_0979,0.41902002692222595,bone,fibroblast,False
CVCL_0426,CVCL_2255,0.41743993759155273,bone,fibroblast,False
CVCL_0426,CVCL_0966,0.41471540927886963,bone,fibroblast,False
CVCL_0426,CVCL_3956,0.4134511947631836,bone,central_nervous_system,False
CVCL_0426,CVCL_2019,0.4103441536426544,bone,fibroblast,False
CVCL_0428,CVCL_1338,0.3591107130050659,pancreas,pancreas,True
CVCL_0428,CVCL_M156,0.28296253085136414,pancreas,soft_tissue,False
CVCL_0428,CVCL_2914,0.27328625321388245,pancreas,lung,False
CVCL_0428,CVCL_1406,0.24027933180332184,pancreas,uterus,False
CVCL_0428,CVCL_3770,0.23323789238929749,pancreas,ovary,False
CVCL_0428,CVCL_1279,0.22323240339756012,pancreas,gastric,False
CVCL_0428,CVCL_1547,0.21948368847370148,pancreas,lung,False
CVCL_0428,CVCL_1261,0.21426594257354736,pancreas,breast,False
CVCL_0428,CVCL_0533,0.21398060023784637,pancreas,soft_tissue,False
CVCL_0428,CVCL_1048,0.21143218874931335,pancreas,urinary_tract,False
CVCL_0428,CVCL_WS70,0.21032311022281647,pancreas,soft_tissue,False
CVCL_0428,CVCL_1755,0.20604781806468964,pancreas,soft_tissue,False
CVCL_0428,CVCL_7051,0.20326699316501617,pancreas,soft_tissue,False
CVCL_0428,CVCL_0588,0.19899839162826538,pancreas,breast,False
CVCL_0428,CVCL_1690,0.19809167087078094,pancreas,central_nervous_system,False
CVCL_0434,CVCL_1846,0.5636832118034363,gastric,pancreas,False
CVCL_0434,CVCL_5072,0.5391092896461487,gastric,gastric,True
CVCL_0434,CVCL_1622,0.5200212597846985,gastric,esophagus,False
CVCL_0434,CVCL_EG22,0.491533100605011,gastric,colorectal,False
CVCL_0434,CVCL_3084,0.48971331119537354,gastric,gastric,True
CVCL_0434,CVCL_3082,0.48554420471191406,gastric,gastric,True
CVCL_0434,CVCL_9980,0.4839697480201721,gastric,colorectal,False
CVCL_0434,CVCL_3172,0.48021551966667175,gastric,pancreas,False
CVCL_0434,CVCL_8877,0.47623565793037415,gastric,gastric,True
CVCL_0434,CVCL_1385,0.4751705229282379,gastric,colorectal,False
CVCL_0434,CVCL_4846,0.4707483649253845,gastric,gastric,True
CVCL_0434,CVCL_3178,0.4702751934528351,gastric,pancreas,False
CVCL_0434,CVCL_0101,0.4699879586696625,gastric,gastric,True
CVCL_0445,CVCL_2075,0.7804520130157471,skin,skin,True
CVCL_0445,CVCL_1303,0.7756924033164978,skin,skin,True
CVCL_0445,CVCL_1779,0.7562869787216187,skin,skin,True
CVCL_0445,CVCL_2605,0.7551565170288086,skin,skin,True
CVCL_0445,CVCL_1133,0.7170302271842957,skin,skin,True
CVCL_0445,CVCL_2608,0.711848795413971,skin,skin,True
CVCL_0445,CVCL_2610,0.7089947462081909,skin,skin,True
CVCL_0445,CVCL_1438,0.7077727913856506,skin,skin,True
CVCL_0445,CVCL_0550,0.7073355913162231,skin,skin,True
CVCL_0445,CVCL_0527,0.7039522528648376,skin,skin,True
CVCL_0445,CVCL_3962,0.7037978172302246,skin,central_nervous_system,False
CVCL_0445,CVCL_1672,0.6999590992927551,skin,skin,True
CVCL_0445,CVCL_0526,0.6949565410614014,skin,skin,True
CVCL_0445,CVCL_5951,0.6934361457824707,skin,skin,True
CVCL_0454,CVCL_2787,0.4742659330368042,liver,liver,True
CVCL_0454,CVCL_1791,0.44650977849960327,liver,kidney,False
CVCL_0454,CVCL_1785,0.42957574129104614,liver,soft_tissue,False
CVCL_0454,CVCL_1065,0.4244747757911682,liver,kidney,False
CVCL_0454,CVCL_1050,0.420043408870697,liver,kidney,False
CVCL_0454,CVCL_2929,0.40565580129623413,liver,uterus,False
CVCL_0454,CVCL_V610,0.40498486161231995,liver,kidney,False
CVCL_0454,CVCL_5089,0.40348491072654724,liver,liver,True
CVCL_0454,CVCL_VV28,0.39771947264671326,liver,bile_duct,False
CVCL_0454,CVCL_2742,0.38919445872306824,liver,kidney,False
CVCL_0454,CVCL_1067,0.3867006003856659,liver,kidney,False
CVCL_0454,CVCL_2985,0.38603919744491577,liver,kidney,False
CVCL_0454,CVCL_7935,0.37741023302078247,liver,urinary_tract,False
CVCL_0454,CVCL_0234,0.37722742557525635,liver,kidney,False
CVCL_0454,CVCL_2947,0.3767460882663727,liver,liver,True
CVCL_0455,CVCL_1293,0.5689381957054138,lung,cervix,False
CVCL_0455,CVCL_1091,0.5401005744934082,lung,prostate,False
CVCL_0455,CVCL_2680,0.5389990210533142,lung,upper_aerodigestive,False
CVCL_0455,CVCL_1485,0.5312797427177429,lung,lung,True
CVCL_0455,CVCL_2313,0.52574622631073,lung,upper_aerodigestive,False
CVCL_0455,CVCL_2253,0.5249119997024536,lung,cervix,False
CVCL_0455,CVCL_1218,0.5213078856468201,lung,upper_aerodigestive,False
CVCL_0455,CVCL_2229,0.5201164484024048,lung,upper_aerodigestive,False
CVCL_0455,CVCL_1681,0.5136873722076416,lung,upper_aerodigestive,False
CVCL_0455,CVCL_1086,0.5061367750167847,lung,upper_aerodigestive,False
CVCL_0455,CVCL_2457,0.5022763609886169,lung,upper_aerodigestive,False
CVCL_0455,CVCL_1675,0.5020700097084045,lung,upper_aerodigestive,False
CVCL_0455,CVCL_2723,0.499818354845047,lung,prostate,False
CVCL_0455,CVCL_5005,0.49417054653167725,lung,upper_aerodigestive,False
CVCL_0455,CVCL_1107,0.49397197365760803,lung,upper_aerodigestive,False
CVCL_0459,CVCL_1655,0.45468926429748535,lung,lung,True
CVCL_0459,CVCL_L088,0.38584813475608826,lung,lung,True
CVCL_0459,CVCL_1515,0.38501298427581787,lung,lung,True
CVCL_0459,CVCL_1537,0.37823882699012756,lung,lung,True
CVCL_0459,CVCL_1475,0.35640525817871094,lung,lung,True
CVCL_0459,CVCL_1517,0.35530886054039,lung,lung,True
CVCL_0459,CVCL_1195,0.34459543228149414,lung,lung,True
CVCL_0459,CVCL_1508,0.34100425243377686,lung,lung,True
CVCL_0459,CVCL_1464,0.333753377199173,lung,lung,True
CVCL_0459,CVCL_1472,0.3331908583641052,lung,lung,True
CVCL_0459,CVCL_1059,0.3196653723716736,lung,skin,False
CVCL_0459,CVCL_2057,0.3044004738330841,lung,lung,True
CVCL_0459,CVCL_0623,0.3016585409641266,lung,breast,False
CVCL_0459,CVCL_1505,0.29600217938423157,lung,lung,True
CVCL_0463,CVCL_L088,0.4526175856590271,lung,lung,True
CVCL_0463,CVCL_1229,0.4243134558200836,lung,soft_tissue,False
CVCL_0463,CVCL_1594,0.42332664132118225,lung,lung,True
CVCL_0463,CVCL_1575,0.42027828097343445,lung,lung,True
CVCL_0463,CVCL_1515,0.4189983308315277,lung,lung,True
CVCL_0463,CVCL_2960,0.4096284508705139,lung,thyroid,False
CVCL_0463,CVCL_1495,0.39654412865638733,lung,lung,True
CVCL_0463,CVCL_DH18,0.3918488025665283,lung,ovary,False
CVCL_0463,CVCL_1492,0.39053601026535034,lung,lung,True
CVCL_0463,CVCL_1655,0.3869389295578003,lung,lung,True
CVCL_0463,CVCL_5723,0.38564884662628174,lung,central_nervous_system,False
CVCL_0463,CVCL_5063,0.37119707465171814,lung,upper_aerodigestive,False
CVCL_0463,CVCL_4849,0.3699184060096741,lung,gastric,False
CVCL_0463,CVCL_1052,0.3698432445526123,lung,central_nervous_system,False
CVCL_0465,CVCL_1882,0.8467365503311157,ovary,ovary,True
CVCL_0465,CVCL_1329,0.5940601825714111,ovary,uterus,False
CVCL_0465,CVCL_3110,0.5739529728889465,ovary,ovary,True
CVCL_0465,CVCL_1614,0.5642396211624146,ovary,ovary,True
CVCL_0465,CVCL_1345,0.5453888773918152,ovary,ovary,True
CVCL_0465,CVCL_4649,0.5427641272544861,ovary,ovary,True
CVCL_0465,CVCL_3114,0.5362402200698853,ovary,ovary,True
CVCL_0465,CVCL_5014,0.533690333366394,ovary,ovary,True
CVCL_0465,CVCL_2734,0.5280351042747498,ovary,ovary,True
CVCL_0465,CVCL_1627,0.519692063331604,ovary,ovary,True
CVCL_0465,CVCL_2420,0.5183190703392029,ovary,ovary,True
CVCL_0465,CVCL_1405,0.5158124566078186,ovary,uterus,False
CVCL_0465,CVCL_4647,0.5114546418190002,ovary,ovary,True
CVCL_0465,CVCL_6543,0.5061191916465759,ovary,uterus,False
CVCL_0471,CVCL_1636,0.5905616879463196,esophagus,pancreas,False
CVCL_0471,CVCL_1638,0.5363288521766663,esophagus,pancreas,False
CVCL_0471,CVCL_3338,0.5260616540908813,esophagus,colorectal,False
CVCL_0471,CVCL_S507,0.5249257683753967,esophagus,pancreas,False
CVCL_0471,CVCL_5034,0.5031362175941467,esophagus,pancreas,False
CVCL_0471,CVCL_A1UH,0.4887668490409851,esophagus,pancreas,False
CVCL_0471,CVCL_EG28,0.47589361667633057,esophagus,colorectal,False
CVCL_0471,CVCL_1119,0.46342387795448303,esophagus,pancreas,False
CVCL_0471,CVCL_8098,0.46209195256233215,esophagus,esophagus,True
CVCL_0471,CVCL_1639,0.45604583621025085,esophagus,pancreas,False
CVCL_0471,CVCL_1603,0.4465387165546417,esophagus,gastric,False
CVCL_0471,CVCL_5101,0.4421457052230835,esophagus,bile_duct,False
CVCL_0471,CVCL_1849,0.4342370331287384,esophagus,pancreas,False
CVCL_0471,CVCL_0026,0.4267115294933319,esophagus,pancreas,False
CVCL_0471,CVCL_1193,0.4265991449356079,esophagus,bile_duct,False
CVCL_0479,CVCL_3407,0.669856071472168,ovary,embryo,False
CVCL_0479,CVCL_1451,0.6214009523391724,ovary,embryo,False
CVCL_0479,CVCL_L280,0.5587926506996155,ovary,embryo,False
CVCL_0479,CVCL_2105,0.392450749874115,ovary,peripheral_nervous_system,False
CVCL_0479,CVCL_Y019,0.36465826630592346,ovary,blood,False
CVCL_0479,CVCL_M149,0.34476742148399353,ovary,soft_tissue,False
CVCL_0479,CVCL_3958,0.33887580037117004,ovary,central_nervous_system,False
CVCL_0479,CVCL_1577,0.31601789593696594,ovary,lung,False
CVCL_0479,CVCL_3088,0.3140058219432831,ovary,colorectal,False
CVCL_0479,CVCL_2734,0.31357553601264954,ovary,ovary,True
CVCL_0479,CVCL_0134,0.2988489866256714,ovary,ovary,True
CVCL_0479,CVCL_1701,0.29552263021469116,ovary,peripheral_nervous_system,False
CVCL_0479,CVCL_YU13,0.29355883598327637,ovary,peripheral_nervous_system,False
CVCL_0479,CVCL_1591,0.2930152714252472,ovary,lung,False
CVCL_0480,CVCL_1547,0.31204578280448914,pancreas,lung,False
CVCL_0480,CVCL_N588,0.3086826801300049,pancreas,soft_tissue,False
CVCL_0480,CVCL_0533,0.3021850287914276,pancreas,soft_tissue,False
CVCL_0480,CVCL_1338,0.2960226833820343,pancreas,pancreas,True
CVCL_0480,CVCL_N586,0.2780704200267792,pancreas,soft_tissue,False
CVCL_0480,CVCL_1545,0.2671627402305603,pancreas,lung,False
CVCL_0480,CVCL_1731,0.2647126317024231,pancreas,lung,False
CVCL_0480,CVCL_1490,0.2619711756706238,pancreas,lung,False
CVCL_0480,CVCL_1Y70,0.2601073980331421,pancreas,peripheral_nervous_system,False
CVCL_0480,CVCL_VU69,0.2595789432525635,pancreas,ovary,False
CVCL_0480,CVCL_1464,0.2573964595794678,pancreas,lung,False
CVCL_0480,CVCL_1551,0.25402626395225525,pancreas,lung,False
CVCL_0480,CVCL_1483,0.25218236446380615,pancreas,lung,False
CVCL_0480,CVCL_1517,0.24569177627563477,pancreas,lung,False
CVCL_0480,CVCL_1415,0.2407047599554062,pancreas,gastric,False
CVCL_0485,CVCL_2805,0.5538607835769653,liver,liver,True
CVCL_0485,CVCL_2956,0.5007712244987488,liver,liver,True
CVCL_0485,CVCL_A1VD,0.49275097250938416,liver,bile_duct,False
CVCL_0485,CVCL_5089,0.47533825039863586,liver,liver,True
CVCL_0485,CVCL_2908,0.4730035364627838,liver,gastric,False
CVCL_0485,CVCL_5102,0.4607608914375305,liver,liver,True
CVCL_0485,CVCL_A1UZ,0.4477059245109558,liver,bile_duct,False
CVCL_0485,CVCL_1850,0.41608405113220215,liver,pancreas,False
CVCL_0485,CVCL_3840,0.401395320892334,liver,liver,True
CVCL_0485,CVCL_5136,0.38194695115089417,liver,lung,False
CVCL_0485,CVCL_0025,0.3791877031326294,liver,colorectal,False
CVCL_0497,CVCL_1655,0.46889498829841614,liver,lung,False
CVCL_0497,CVCL_2585,0.45869138836860657,liver,skin,False
CVCL_0497,CVCL_2955,0.4394068121910095,liver,bile_duct,False
CVCL_0497,CVCL_1231,0.4349498748779297,liver,central_nervous_system,False
CVCL_0497,CVCL_1492,0.4332377016544342,liver,lung,False
CVCL_0497,CVCL_J521,0.4296705722808838,liver,unknown,False
CVCL_0497,CVCL_0844,0.42910414934158325,liver,central_nervous_system,False
CVCL_0497,CVCL_1113,0.4172665476799011,liver,bone,False
CVCL_0497,CVCL_1219,0.4087415337562561,liver,thyroid,False
CVCL_0497,CVCL_YU13,0.40294989943504333,liver,peripheral_nervous_system,False
CVCL_0497,CVCL_1052,0.4021024703979492,liver,central_nervous_system,False
CVCL_0497,CVCL_1649,0.40067631006240845,liver,soft_tissue,False
CVCL_0497,CVCL_1715,0.4000716209411621,liver,central_nervous_system,False
CVCL_0497,CVCL_1495,0.3997834622859955,liver,lung,False
CVCL_0504,CVCL_1847,0.22367149591445923,colorectal,pancreas,False
CVCL_0504,CVCL_0291,0.2163960039615631,colorectal,colorectal,True
CVCL_0504,CVCL_1575,0.17666037380695343,colorectal,lung,False
CVCL_0504,CVCL_1547,0.17063423991203308,colorectal,lung,False
CVCL_0504,CVCL_5112,0.16953347623348236,colorectal,colorectal,True
CVCL_0504,CVCL_0428,0.16439920663833618,colorectal,pancreas,False
CVCL_0504,CVCL_0102,0.15649831295013428,colorectal,gastric,False
CVCL_0504,CVCL_1490,0.15581469237804413,colorectal,lung,False
CVCL_0504,CVCL_1511,0.154507115483284,colorectal,lung,False
CVCL_0504,CVCL_1759,0.15041249990463257,colorectal,esophagus,False
CVCL_0504,CVCL_3015,0.14902332425117493,colorectal,lung,False
CVCL_0504,CVCL_1616,0.14108821749687195,colorectal,ovary,False
CVCL_0504,CVCL_1465,0.14054656028747559,colorectal,lung,False
CVCL_0504,CVCL_5128,0.13867850601673126,colorectal,lung,False
CVCL_0504,CVCL_1338,0.13782888650894165,colorectal,pancreas,False
CVCL_0505,CVCL_4717,0.4980027377605438,uterus,pancreas,False
CVCL_0505,CVCL_1351,0.4941294193267822,uterus,esophagus,False
CVCL_0505,CVCL_1095,0.49095380306243896,uterus,cervix,False
CVCL_0505,CVCL_3158,0.47634458541870117,uterus,ovary,False
CVCL_0505,CVCL_3946,0.45912066102027893,uterus,gastric,False
CVCL_0505,CVCL_1131,0.44678428769111633,uterus,esophagus,False
CVCL_0505,CVCL_5005,0.4281839430332184,uterus,upper_aerodigestive,False
CVCL_0505,CVCL_1764,0.4193803369998932,uterus,esophagus,False
CVCL_0505,CVCL_2465,0.41673389077186584,uterus,upper_aerodigestive,False
CVCL_0505,CVCL_1171,0.41311702132225037,uterus,upper_aerodigestive,False
CVCL_0505,CVCL_1476,0.41170579195022583,uterus,lung,False
CVCL_0505,CVCL_1100,0.4084201753139496,uterus,cervix,False
CVCL_0505,CVCL_1181,0.40828338265419006,uterus,cervix,False
CVCL_0505,CVCL_1652,0.39968961477279663,uterus,lung,False
CVCL_0505,CVCL_1105,0.3964487612247467,uterus,lung,False
CVCL_0511,CVCL_1660,0.788040041923523,lymphocyte,lymphocyte,True
CVCL_0511,CVCL_1861,0.7763622403144836,lymphocyte,lymphocyte,True
CVCL_0511,CVCL_0823,0.7523787021636963,lymphocyte,lymphocyte,True
CVCL_0511,CVCL_2027,0.7513341903686523,lymphocyte,lymphocyte,True
CVCL_0511,CVCL_B371,0.7481787204742432,lymphocyte,lymphocyte,True
CVCL_0511,CVCL_1222,0.7417845726013184,lymphocyte,lymphocyte,True
CVCL_0511,CVCL_1179,0.7248443961143494,lymphocyte,lymphocyte,True
CVCL_0511,CVCL_1186,0.7229782342910767,lymphocyte,lymphocyte,True
CVCL_0511,CVCL_1819,0.7218360900878906,lymphocyte,lymphocyte,True
CVCL_0511,CVCL_2206,0.7153317332267761,lymphocyte,lymphocyte,True
CVCL_0511,CVCL_1087,0.7131004333496094,lymphocyte,lymphocyte,True
CVCL_0511,CVCL_1902,0.7120171189308167,lymphocyte,lymphocyte,True
CVCL_0511,CVCL_2676,0.710222601890564,lymphocyte,lymphocyte,True
CVCL_0519,CVCL_3840,0.4280157685279846,bile_duct,liver,False
CVCL_0519,CVCL_0364,0.390968382358551,bile_duct,liver,False
CVCL_0519,CVCL_1584,0.3882544934749603,bile_duct,lung,False
CVCL_0519,CVCL_A1VD,0.38772040605545044,bile_duct,bile_duct,True
CVCL_0519,CVCL_2805,0.3817027807235718,bile_duct,liver,False
CVCL_0519,CVCL_2956,0.36978399753570557,bile_duct,liver,False
CVCL_0519,CVCL_0025,0.35910457372665405,bile_duct,colorectal,False
CVCL_0519,CVCL_1581,0.34967952966690063,bile_duct,colorectal,False
CVCL_0519,CVCL_0336,0.34626278281211853,bile_duct,liver,False
CVCL_0519,CVCL_5102,0.34433770179748535,bile_duct,liver,False
CVCL_0519,CVCL_0326,0.3433833420276642,bile_duct,liver,False
CVCL_0519,CVCL_1096,0.33131760358810425,bile_duct,colorectal,False
CVCL_0519,CVCL_1467,0.3258150815963745,bile_duct,lung,False
CVCL_0519,CVCL_5089,0.32192134857177734,bile_duct,liver,False
CVCL_0519,CVCL_5136,0.3207828104496002,bile_duct,lung,False
CVCL_0525,CVCL_4402,0.3930129408836365,liver,lung,False
CVCL_0525,CVCL_5128,0.36038878560066223,liver,lung,False
CVCL_0525,CVCL_1518,0.31331053376197815,liver,lung,False
CVCL_0525,CVCL_2593,0.3090626001358032,liver,lung,False
CVCL_0525,CVCL_3015,0.30757278203964233,liver,lung,False
CVCL_0525,CVCL_0554,0.2867209017276764,liver,urinary_tract,False
CVCL_0525,CVCL_1911,0.2831132411956787,liver,kidney,False
CVCL_0525,CVCL_8717,0.2827244997024536,liver,central_nervous_system,False
CVCL_0525,CVCL_8198,0.27661576867103577,liver,bile_duct,False
CVCL_0525,CVCL_1104,0.27612224221229553,liver,breast,False
CVCL_0525,CVCL_8481,0.2727494239807129,liver,central_nervous_system,False
CVCL_0525,CVCL_1430,0.264973908662796,liver,lung,False
CVCL_0525,CVCL_1054,0.2646939158439636,liver,thyroid,False
CVCL_0525,CVCL_0531,0.2634103298187256,liver,peripheral_nervous_system,False
CVCL_0525,CVCL_1608,0.259305864572525,liver,central_nervous_system,False
CVCL_0526,CVCL_5951,0.8061690330505371,skin,skin,True
CVCL_0526,CVCL_1779,0.7842397689819336,skin,skin,True
CVCL_0526,CVCL_1672,0.7727651000022888,skin,skin,True
CVCL_0526,CVCL_2608,0.7691869139671326,skin,skin,True
CVCL_0526,CVCL_1402,0.7561532258987427,skin,skin,True
CVCL_0526,CVCL_2075,0.7400121688842773,skin,skin,True
CVCL_0526,CVCL_3962,0.7270829081535339,skin,central_nervous_system,False
CVCL_0526,CVCL_A1UF,0.7257936000823975,skin,skin,True
CVCL_0526,CVCL_1282,0.7203683257102966,skin,skin,True
CVCL_0526,CVCL_1303,0.718971312046051,skin,skin,True
CVCL_0526,CVCL_1692,0.7100845575332642,skin,skin,True
CVCL_0526,CVCL_B4KU,0.7031919360160828,skin,skin,True
CVCL_0526,CVCL_A341,0.6980758905410767,skin,skin,True
CVCL_0527,CVCL_1220,0.7967445850372314,skin,skin,True
CVCL_0527,CVCL_2075,0.790444016456604,skin,skin,True
CVCL_0527,CVCL_1133,0.7452902793884277,skin,skin,True
CVCL_0527,CVCL_1402,0.7355102300643921,skin,skin,True
CVCL_0527,CVCL_6025,0.7288228273391724,skin,skin,True
CVCL_0527,CVCL_1779,0.7254656553268433,skin,skin,True
CVCL_0527,CVCL_1303,0.7254537343978882,skin,skin,True
CVCL_0527,CVCL_0039,0.7247156500816345,skin,skin,True
CVCL_0527,CVCL_B4KU,0.7225286364555359,skin,skin,True
CVCL_0527,CVCL_3962,0.7222556471824646,skin,central_nervous_system,False
CVCL_0527,CVCL_0550,0.720284640789032,skin,skin,True
CVCL_0527,CVCL_1692,0.7143177390098572,skin,skin,True
CVCL_0527,CVCL_8784,0.709445059299469,skin,skin,True
CVCL_0527,CVCL_2950,0.7035520076751709,skin,skin,True
CVCL_0528,CVCL_5627,0.861112117767334,peripheral_nervous_system,peripheral_nervous_system,True
CVCL_0528,CVCL_1339,0.8561107516288757,peripheral_nervous_system,peripheral_nervous_system,True
CVCL_0528,CVCL_1341,0.8503174781799316,peripheral_nervous_system,peripheral_nervous_system,True
CVCL_0528,CVCL_1412,0.8402958512306213,peripheral_nervous_system,peripheral_nervous_system,True
CVCL_0528,CVCL_1606,0.837372362613678,peripheral_nervous_system,peripheral_nervous_system,True
CVCL_0528,CVCL_6594,0.8368383049964905,peripheral_nervous_system,peripheral_nervous_system,True
CVCL_0528,CVCL_2092,0.8034436702728271,peripheral_nervous_system,peripheral_nervous_system,True
CVCL_0528,CVCL_1605,0.8006006479263306,peripheral_nervous_system,peripheral_nervous_system,True
CVCL_0528,CVCL_1123,0.8004435300827026,peripheral_nervous_system,peripheral_nervous_system,True
CVCL_0528,CVCL_AX49,0.7604910731315613,peripheral_nervous_system,peripheral_nervous_system,True
CVCL_0528,CVCL_1695,0.7543008923530579,peripheral_nervous_system,peripheral_nervous_system,True
CVCL_0528,CVCL_0531,0.7490532994270325,peripheral_nervous_system,peripheral_nervous_system,True
CVCL_0528,CVCL_2143,0.7401692867279053,peripheral_nervous_system,peripheral_nervous_system,True
CVCL_0528,CVCL_2141,0.7294878363609314,peripheral_nervous_system,peripheral_nervous_system,True
CVCL_0530,CVCL_S740,0.7962007522583008,bone,bone,True
CVCL_0530,CVCL_0627,0.7924192547798157,bone,bone,True
CVCL_0530,CVCL_0631,0.7654580473899841,bone,bone,True
CVCL_0530,CVCL_1411,0.725883960723877,bone,bone,True
CVCL_0530,CVCL_V618,0.710373044013977,bone,bone,True
CVCL_0530,CVCL_2213,0.7031489610671997,bone,bone,True
CVCL_0530,CVCL_M150,0.7019898295402527,bone,bone,True
CVCL_0530,CVCL_3177,0.690761923789978,bone,peripheral_nervous_system,False
CVCL_0530,CVCL_2169,0.6820992231369019,bone,bone,True
CVCL_0530,CVCL_M153,0.6814205050468445,bone,bone,True
CVCL_0530,CVCL_0B48,0.6710125207901001,bone,bone,True
CVCL_0530,CVCL_4Z30,0.6706873178482056,bone,bone,True
CVCL_0530,CVCL_6583,0.6696709394454956,bone,bone,True
CVCL_0530,CVCL_F531,0.664933979511261,bone,bone,True
CVCL_0531,CVCL_1606,0.7724322080612183,peripheral_nervous_system,peripheral_nervous_system,True
CVCL_0531,CVCL_6594,0.7276022434234619,peripheral_nervous_system,peripheral_nervous_system,True
CVCL_0531,CVCL_1339,0.717677116394043,peripheral_nervous_system,peripheral_nervous_system,True
CVCL_0531,CVCL_1605,0.7074938416481018,peripheral_nervous_system,peripheral_nervous_system,True
CVCL_0531,CVCL_1412,0.7036080956459045,peripheral_nervous_system,peripheral_nervous_system,True
CVCL_0531,CVCL_1341,0.7003975510597229,peripheral_nervous_system,peripheral_nervous_system,True
CVCL_0531,CVCL_AX49,0.694465160369873,peripheral_nervous_system,peripheral_nervous_system,True
CVCL_0531,CVCL_5627,0.6907449960708618,peripheral_nervous_system,peripheral_nervous_system,True
CVCL_0531,CVCL_2092,0.6833930015563965,peripheral_nervous_system,peripheral_nervous_system,True
CVCL_0531,CVCL_1700,0.6486316323280334,peripheral_nervous_system,peripheral_nervous_system,True
CVCL_0531,CVCL_1123,0.6398302316665649,peripheral_nervous_system,peripheral_nervous_system,True
CVCL_0531,CVCL_1702,0.6145814061164856,peripheral_nervous_system,peripheral_nervous_system,True
CVCL_0531,CVCL_1340,0.6003978252410889,peripheral_nervous_system,peripheral_nervous_system,True
CVCL_0532,CVCL_1615,0.566271185874939,ovary,ovary,True
CVCL_0532,CVCL_1304,0.5393496155738831,ovary,ovary,True
CVCL_0532,CVCL_2930,0.5240128636360168,ovary,uterus,False
CVCL_0532,CVCL_4658,0.5090735554695129,ovary,uterus,False
CVCL_0532,CVCL_3116,0.5066041350364685,ovary,ovary,True
CVCL_0532,CVCL_2927,0.4901287257671356,ovary,uterus,False
CVCL_0532,CVCL_DH06,0.4803641140460968,ovary,ovary,True
CVCL_0532,CVCL_2682,0.4717811346054077,ovary,ovary,True
CVCL_0532,CVCL_2112,0.4695744514465332,ovary,uterus,False
CVCL_0532,CVCL_5007,0.468505322933197,ovary,uterus,False
CVCL_0532,CVCL_E063,0.46654877066612244,ovary,uterus,False
CVCL_0532,CVCL_1191,0.4662380516529083,ovary,uterus,False
CVCL_0532,CVCL_3117,0.46125519275665283,ovary,ovary,True
CVCL_0532,CVCL_2785,0.44720733165740967,ovary,liver,False
CVCL_0533,CVCL_1547,0.47376513481140137,soft_tissue,lung,False
CVCL_0533,CVCL_1174,0.47007250785827637,soft_tissue,lung,False
CVCL_0533,CVCL_1406,0.4408177435398102,soft_tissue,uterus,False
CVCL_0533,CVCL_2034,0.4065374732017517,soft_tissue,uterus,False
CVCL_0533,CVCL_1338,0.40352585911750793,soft_tissue,pancreas,False
CVCL_0533,CVCL_1577,0.39187777042388916,soft_tissue,lung,False
CVCL_0533,CVCL_4656,0.3826103210449219,soft_tissue,uterus,False
CVCL_0533,CVCL_1545,0.3720886707305908,soft_tissue,lung,False
CVCL_0533,CVCL_1595,0.37164294719696045,soft_tissue,lung,False
CVCL_0533,CVCL_3612,0.34434252977371216,soft_tissue,ovary,False
CVCL_0533,CVCL_1456,0.3211185932159424,soft_tissue,lung,False
CVCL_0533,CVCL_7146,0.3180593252182007,soft_tissue,soft_tissue,True
CVCL_0533,CVCL_VU69,0.3098081052303314,soft_tissue,ovary,False
CVCL_0533,CVCL_1350,0.3069750666618347,soft_tissue,esophagus,False
CVCL_0533,CVCL_1192,0.3065433204174042,soft_tissue,ovary,False
CVCL_0538,CVCL_1170,0.6724069118499756,lymphocyte,lymphocyte,True
CVCL_0538,CVCL_1711,0.6176836490631104,lymphocyte,lymphocyte,True
CVCL_0538,CVCL_2093,0.6061285138130188,lymphocyte,lymphocyte,True
CVCL_0538,CVCL_2209,0.5488489866256714,lymphocyte,lymphocyte,True
CVCL_0538,CVCL_1683,0.5482873320579529,lymphocyte,lymphocyte,True
CVCL_0538,CVCL_1324,0.5370820164680481,lymphocyte,lymphocyte,True
CVCL_0538,CVCL_2098,0.4639531075954437,lymphocyte,lymphocyte,True
CVCL_0538,CVCL_H614,0.3934307396411896,lymphocyte,lymphocyte,True
CVCL_0538,CVCL_8796,0.3599756360054016,lymphocyte,lymphocyte,True
CVCL_0538,CVCL_H637,0.33905065059661865,lymphocyte,lymphocyte,True
CVCL_0538,CVCL_1099,0.3359518051147461,lymphocyte,lymphocyte,True
CVCL_0538,CVCL_1321,0.3337436318397522,lymphocyte,blood,False
CVCL_0538,CVCL_1414,0.32358190417289734,lymphocyte,lymphocyte,True
CVCL_0538,CVCL_2016,0.3195759356021881,lymphocyte,lymphocyte,True
CVCL_0538,CVCL_3526,0.31889185309410095,lymphocyte,lymphocyte,True
CVCL_0539,CVCL_1889,0.8504384756088257,lymphocyte,lymphocyte,True
CVCL_0539,CVCL_1179,0.8425635695457458,lymphocyte,lymphocyte,True
CVCL_0539,CVCL_1902,0.840819776058197,lymphocyte,lymphocyte,True
CVCL_0539,CVCL_2676,0.7796987891197205,lymphocyte,lymphocyte,True
CVCL_0539,CVCL_1660,0.7786421775817871,lymphocyte,lymphocyte,True
CVCL_0539,CVCL_1967,0.7621468901634216,lymphocyte,lymphocyte,True
CVCL_0539,CVCL_1168,0.7508962750434875,lymphocyte,lymphocyte,True
CVCL_0539,CVCL_1088,0.7462937831878662,lymphocyte,lymphocyte,True
CVCL_0539,CVCL_1087,0.7426620125770569,lymphocyte,lymphocyte,True
CVCL_0539,CVCL_1222,0.7340245246887207,lymphocyte,lymphocyte,True
CVCL_0539,CVCL_B371,0.7243283987045288,lymphocyte,lymphocyte,True
CVCL_0539,CVCL_2206,0.7239285111427307,lymphocyte,lymphocyte,True
CVCL_0539,CVCL_1819,0.7220545411109924,lymphocyte,lymphocyte,True
CVCL_0539,CVCL_1399,0.70759117603302,lymphocyte,lymphocyte,True
CVCL_0542,CVCL_1755,0.5908304452896118,adrenal_cortex,soft_tissue,False
CVCL_0542,CVCL_1679,0.4860813617706299,adrenal_cortex,lung,False
CVCL_0542,CVCL_1567,0.48374882340431213,adrenal_cortex,lung,False
CVCL_0542,CVCL_1595,0.46778276562690735,adrenal_cortex,lung,False
CVCL_0542,CVCL_1479,0.44998258352279663,adrenal_cortex,lung,False
CVCL_0542,CVCL_2010,0.4336954653263092,adrenal_cortex,ovary,False
CVCL_0542,CVCL_1174,0.4274753928184509,adrenal_cortex,lung,False
CVCL_0542,CVCL_1577,0.42156291007995605,adrenal_cortex,lung,False
CVCL_0542,CVCL_1094,0.3946971297264099,adrenal_cortex,cervix,False
CVCL_0542,CVCL_8007,0.37937989830970764,adrenal_cortex,soft_tissue,False
CVCL_0542,CVCL_8000,0.3512711226940155,adrenal_cortex,soft_tissue,False
CVCL_0542,CVCL_2059,0.34764012694358826,adrenal_cortex,lung,False
CVCL_0542,CVCL_2585,0.3403265178203583,adrenal_cortex,skin,False
CVCL_0543,CVCL_0863,0.544464647769928,bone,fibroblast,False
CVCL_0543,CVCL_2798,0.5238333344459534,bone,central_nervous_system,False
CVCL_0543,CVCL_1375,0.4837166666984558,bone,lung,False
CVCL_0543,CVCL_2955,0.46086838841438293,bone,bile_duct,False
CVCL_0543,CVCL_1656,0.4525708556175232,bone,lung,False
CVCL_0543,CVCL_1167,0.441995233297348,bone,central_nervous_system,False
CVCL_0543,CVCL_1070,0.4268675446510315,bone,central_nervous_system,False
CVCL_0543,CVCL_5167,0.4223495423793793,bone,gastric,False
CVCL_0543,CVCL_2585,0.419585645198822,bone,skin,False
CVCL_0543,CVCL_8718,0.4043728709220886,bone,central_nervous_system,False
CVCL_0543,CVCL_1052,0.39603501558303833,bone,central_nervous_system,False
CVCL_0543,CVCL_M823,0.39531099796295166,bone,soft_tissue,False
CVCL_0543,CVCL_0548,0.3930138349533081,bone,bone,True
CVCL_0544,CVCL_0555,0.7652256488800049,colorectal,colorectal,True
CVCL_0544,CVCL_5038,0.755011796951294,colorectal,bile_duct,False
CVCL_0544,CVCL_1648,0.7458643317222595,colorectal,colorectal,True
CVCL_0544,CVCL_5078,0.7313652038574219,colorectal,colorectal,True
CVCL_0544,CVCL_1382,0.7256784439086914,colorectal,colorectal,True
CVCL_0544,CVCL_8175,0.7077618837356567,colorectal,colorectal,True
CVCL_0544,CVCL_1386,0.7066787481307983,colorectal,colorectal,True
CVCL_0544,CVCL_1294,0.7048404216766357,colorectal,colorectal,True
CVCL_0544,CVCL_5250,0.6945407390594482,colorectal,colorectal,True
CVCL_0544,CVCL_0545,0.6855857968330383,colorectal,colorectal,True
CVCL_0544,CVCL_1718,0.681640625,colorectal,colorectal,True
CVCL_0544,CVCL_4645,0.6675978302955627,colorectal,ovary,False
CVCL_0544,CVCL_2035,0.6660581827163696,colorectal,esophagus,False
CVCL_0544,CVCL_2520,0.6619783043861389,colorectal,colorectal,True
CVCL_0544,CVCL_1708,0.6606945395469666,colorectal,colorectal,True
CVCL_0545,CVCL_1718,0.7892477512359619,colorectal,colorectal,True
CVCL_0545,CVCL_1294,0.7687865495681763,colorectal,colorectal,True
CVCL_0545,CVCL_2917,0.7646387219429016,colorectal,colorectal,True
CVCL_0545,CVCL_5044,0.7611137628555298,colorectal,colorectal,True
CVCL_0545,CVCL_1980,0.755132794380188,colorectal,colorectal,True
CVCL_0545,CVCL_9980,0.7386504411697388,colorectal,colorectal,True
CVCL_0545,CVCL_5038,0.7381622791290283,colorectal,bile_duct,False
CVCL_0545,CVCL_8176,0.7370028495788574,colorectal,colorectal,True
CVCL_0545,CVCL_1708,0.7307083606719971,colorectal,colorectal,True
CVCL_0545,CVCL_5249,0.7300211191177368,colorectal,colorectal,True
CVCL_0545,CVCL_1386,0.7246373891830444,colorectal,colorectal,True
CVCL_0545,CVCL_2873,0.7223867774009705,colorectal,colorectal,True
CVCL_0545,CVCL_4645,0.7204363942146301,colorectal,ovary,False
CVCL_0545,CVCL_1564,0.7183257341384888,colorectal,colorectal,True
CVCL_0545,CVCL_1382,0.7124419808387756,colorectal,colorectal,True
CVCL_0546,CVCL_1725,0.5135880708694458,colorectal,colorectal,True
CVCL_0546,CVCL_0547,0.465389221906662,colorectal,colorectal,True
CVCL_0546,CVCL_5002,0.4371349811553955,colorectal,colorectal,True
CVCL_0546,CVCL_1978,0.4332852363586426,colorectal,colorectal,True
CVCL_0546,CVCL_1717,0.42086532711982727,colorectal,colorectal,True
CVCL_0546,CVCL_1729,0.4080175459384918,colorectal,colorectal,True
CVCL_0546,CVCL_1648,0.39807212352752686,colorectal,colorectal,True
CVCL_0546,CVCL_5016,0.3779750466346741,colorectal,colorectal,True
CVCL_0546,CVCL_1987,0.37473416328430176,colorectal,colorectal,True
CVCL_0546,CVCL_5015,0.36716005206108093,colorectal,bile_duct,False
CVCL_0546,CVCL_8234,0.34982165694236755,colorectal,ovary,False
CVCL_0546,CVCL_1294,0.34394028782844543,colorectal,colorectal,True
CVCL_0546,CVCL_1383,0.31767332553863525,colorectal,colorectal,True
CVCL_0546,CVCL_3079,0.3098268210887909,colorectal,bile_duct,False
CVCL_0546,CVCL_4897,0.29879745841026306,colorectal,pancreas,False
CVCL_0547,CVCL_5002,0.528313398361206,colorectal,colorectal,True
CVCL_0547,CVCL_3084,0.47321653366088867,colorectal,gastric,False
CVCL_0547,CVCL_8234,0.46012091636657715,colorectal,ovary,False
CVCL_0547,CVCL_1648,0.45557987689971924,colorectal,colorectal,True
CVCL_0547,CVCL_1717,0.44765177369117737,colorectal,colorectal,True
CVCL_0547,CVCL_1987,0.443399578332901,colorectal,colorectal,True
CVCL_0547,CVCL_1294,0.43607333302497864,colorectal,colorectal,True
CVCL_0547,CVCL_1183,0.4286789894104004,colorectal,breast,False
CVCL_0547,CVCL_8876,0.40754222869873047,colorectal,gastric,False
CVCL_0547,CVCL_1725,0.39438876509666443,colorectal,colorectal,True
CVCL_0547,CVCL_1382,0.38918793201446533,colorectal,colorectal,True
CVCL_0547,CVCL_1385,0.36549991369247437,colorectal,colorectal,True
CVCL_0547,CVCL_0545,0.35413658618927,colorectal,colorectal,True
CVCL_0547,CVCL_1979,0.35042938590049744,colorectal,colorectal,True
CVCL_0548,CVCL_2909,0.4503405690193176,bone,bone,True
CVCL_0548,CVCL_1809,0.4455157220363617,bone,bone,True
CVCL_0548,CVCL_1691,0.42277392745018005,bone,central_nervous_system,False
CVCL_0548,CVCL_0401,0.4162012040615082,bone,central_nervous_system,False
CVCL_0548,CVCL_1239,0.4084871709346771,bone,central_nervous_system,False
CVCL_0548,CVCL_1298,0.405305951833725,bone,bone,True
CVCL_0548,CVCL_5069,0.3969455063343048,bone,central_nervous_system,False
CVCL_0548,CVCL_5010,0.39591696858406067,bone,central_nervous_system,False
CVCL_0548,CVCL_M823,0.3897630274295807,bone,soft_tissue,False
CVCL_0548,CVCL_1656,0.3831106126308441,bone,lung,False
CVCL_0548,CVCL_8716,0.38267624378204346,bone,bone,True
CVCL_0548,CVCL_2955,0.38140496611595154,bone,bile_duct,False
CVCL_0548,CVCL_0863,0.3795095980167389,bone,fibroblast,False
CVCL_0548,CVCL_2585,0.36623913049697876,bone,skin,False
CVCL_0550,CVCL_2075,0.7255756258964539,skin,skin,True
CVCL_0550,CVCL_1779,0.7250961065292358,skin,skin,True
CVCL_0550,CVCL_0039,0.7221323251724243,skin,skin,True
CVCL_0550,CVCL_1303,0.7165674567222595,skin,skin,True
CVCL_0550,CVCL_1282,0.7139530777931213,skin,skin,True
CVCL_0550,CVCL_1133,0.705323338508606,skin,skin,True
CVCL_0550,CVCL_1672,0.7005338072776794,skin,skin,True
CVCL_0550,CVCL_5951,0.6777058243751526,skin,skin,True
CVCL_0550,CVCL_2950,0.6715463995933533,skin,skin,True
CVCL_0550,CVCL_1692,0.6681084632873535,skin,skin,True
CVCL_0550,CVCL_1307,0.6632511019706726,skin,skin,True
CVCL_0550,CVCL_3962,0.663249135017395,skin,central_nervous_system,False
CVCL_0550,CVCL_B4KU,0.6605056524276733,skin,skin,True
CVCL_0553,CVCL_2319,0.5246433019638062,breast,breast,True
CVCL_0553,CVCL_2062,0.5157581567764282,breast,breast,True
CVCL_0553,CVCL_1812,0.5128291249275208,breast,breast,True
CVCL_0553,CVCL_1252,0.48590126633644104,breast,breast,True
CVCL_0553,CVCL_0588,0.4736737608909607,breast,breast,True
CVCL_0553,CVCL_1251,0.4552242159843445,breast,breast,True
CVCL_0553,CVCL_1400,0.45270296931266785,breast,breast,True
CVCL_0553,CVCL_1254,0.4365085959434509,breast,breast,True
CVCL_0553,CVCL_0620,0.4347705841064453,breast,breast,True
CVCL_0553,CVCL_1781,0.4344102740287781,breast,breast,True
CVCL_0553,CVCL_1115,0.4306422770023346,breast,breast,True
CVCL_0553,CVCL_1074,0.42802533507347107,breast,breast,True
CVCL_0553,CVCL_0033,0.42722660303115845,breast,breast,True
CVCL_0553,CVCL_1661,0.4223925471305847,breast,breast,True
CVCL_0554,CVCL_V606,0.47534680366516113,urinary_tract,urinary_tract,True
CVCL_0554,CVCL_1054,0.449026495218277,urinary_tract,thyroid,False
CVCL_0554,CVCL_1430,0.4035694897174835,urinary_tract,lung,False
CVCL_0554,CVCL_3015,0.3871001601219177,urinary_tract,lung,False
CVCL_0554,CVCL_0126,0.3467361032962799,urinary_tract,urinary_tract,True
CVCL_0554,CVCL_1053,0.34171605110168457,urinary_tract,thyroid,False
CVCL_0554,CVCL_5128,0.3125039339065552,urinary_tract,lung,False
CVCL_0554,CVCL_2588,0.31184476613998413,urinary_tract,colorectal,False
CVCL_0554,CVCL_0608,0.31015291810035706,urinary_tract,lung,False
CVCL_0554,CVCL_8481,0.3022753596305847,urinary_tract,central_nervous_system,False
CVCL_0554,CVCL_0153,0.2983189821243286,urinary_tract,thyroid,False
CVCL_0554,CVCL_1911,0.29431989789009094,urinary_tract,kidney,False
CVCL_0554,CVCL_8064,0.28192785382270813,urinary_tract,thyroid,False
CVCL_0554,CVCL_1381,0.27610188722610474,urinary_tract,skin,False
CVCL_0555,CVCL_5038,0.8307883739471436,colorectal,bile_duct,False
CVCL_0555,CVCL_5078,0.762874960899353,colorectal,colorectal,True
CVCL_0555,CVCL_5250,0.7456808686256409,colorectal,colorectal,True
CVCL_0555,CVCL_2873,0.7447664737701416,colorectal,colorectal,True
CVCL_0555,CVCL_1708,0.7424696087837219,colorectal,colorectal,True
CVCL_0555,CVCL_1980,0.7351232171058655,colorectal,colorectal,True
CVCL_0555,CVCL_8175,0.7278979420661926,colorectal,colorectal,True
CVCL_0555,CVCL_0632,0.7260898947715759,colorectal,colorectal,True
CVCL_0555,CVCL_9980,0.7254299521446228,colorectal,colorectal,True
CVCL_0555,CVCL_1982,0.7158198952674866,colorectal,colorectal,True
CVCL_0555,CVCL_5044,0.7155736088752747,colorectal,colorectal,True
CVCL_0555,CVCL_1382,0.7149231433868408,colorectal,colorectal,True
CVCL_0555,CVCL_5248,0.7146332859992981,colorectal,colorectal,True
CVCL_0555,CVCL_1564,0.7133761048316956,colorectal,colorectal,True
CVCL_0556,CVCL_0844,0.6079208850860596,central_nervous_system,central_nervous_system,True
CVCL_0556,CVCL_4773,0.5448870062828064,central_nervous_system,central_nervous_system,True
CVCL_0556,CVCL_4W67,0.5339106917381287,central_nervous_system,central_nervous_system,True
CVCL_0556,CVCL_AU20,0.49256405234336853,central_nervous_system,peripheral_nervous_system,False
CVCL_0556,CVCL_1715,0.4850635528564453,central_nervous_system,central_nervous_system,True
CVCL_0556,CVCL_1689,0.47265368700027466,central_nervous_system,central_nervous_system,True
CVCL_0556,CVCL_1239,0.4679850935935974,central_nervous_system,central_nervous_system,True
CVCL_0556,CVCL_3956,0.4562654197216034,central_nervous_system,central_nervous_system,True
CVCL_0556,CVCL_1R16,0.45466023683547974,central_nervous_system,central_nervous_system,True
CVCL_0556,CVCL_1690,0.44426456093788147,central_nervous_system,central_nervous_system,True
CVCL_0556,CVCL_5069,0.4435341954231262,central_nervous_system,central_nervous_system,True
CVCL_0556,CVCL_2971,0.43430861830711365,central_nervous_system,central_nervous_system,True
CVCL_0556,CVCL_2076,0.42182931303977966,central_nervous_system,skin,False
CVCL_0556,CVCL_1093,0.41457492113113403,central_nervous_system,central_nervous_system,True
CVCL_0559,CVCL_2037,0.7630659937858582,blood,blood,True
CVCL_0559,CVCL_2187,0.7524589896202087,blood,blood,True
CVCL_0559,CVCL_2481,0.7462174296379089,blood,blood,True
CVCL_0559,CVCL_2079,0.7287602424621582,blood,blood,True
CVCL_0559,CVCL_2120,0.7137573957443237,blood,blood,True
CVCL_0559,CVCL_2106,0.6978841423988342,blood,blood,True
CVCL_0559,CVCL_3043,0.6807035803794861,blood,blood,True
CVCL_0559,CVCL_2150,0.6433742046356201,blood,blood,True
CVCL_0559,CVCL_2086,0.6288480758666992,blood,blood,True
CVCL_0566,CVCL_1357,0.6133946180343628,plasma_cell,plasma_cell,True
CVCL_0566,CVCL_2992,0.594882071018219,plasma_cell,plasma_cell,True
CVCL_0566,CVCL_1625,0.5940340161323547,plasma_cell,plasma_cell,True
CVCL_0566,CVCL_1600,0.568479061126709,plasma_cell,plasma_cell,True
CVCL_0566,CVCL_5209,0.5679993033409119,plasma_cell,plasma_cell,True
CVCL_0566,CVCL_2030,0.5620994567871094,plasma_cell,plasma_cell,True
CVCL_0566,CVCL_5210,0.5604590177536011,plasma_cell,plasma_cell,True
CVCL_0566,CVCL_8792,0.5528789162635803,plasma_cell,plasma_cell,True
CVCL_0566,CVCL_E333,0.5428457856178284,plasma_cell,plasma_cell,True
CVCL_0566,CVCL_1806,0.5377479195594788,plasma_cell,plasma_cell,True
CVCL_0566,CVCL_2124,0.5142754912376404,plasma_cell,plasma_cell,True
CVCL_0566,CVCL_2123,0.5118466019630432,plasma_cell,plasma_cell,True
CVCL_0566,CVCL_2991,0.5042713284492493,plasma_cell,plasma_cell,True
CVCL_0566,CVCL_1823,0.4896014928817749,plasma_cell,plasma_cell,True
CVCL_0582,CVCL_0715,0.47987285256385803,thyroid,fibroblast,False
CVCL_0582,CVCL_4W66,0.47061899304389954,thyroid,central_nervous_system,False
CVCL_0582,CVCL_0698,0.4551396369934082,thyroid,fibroblast,False
CVCL_0582,CVCL_WU66,0.45291703939437866,thyroid,bone,False
CVCL_0582,CVCL_1674,0.45009395480155945,thyroid,soft_tissue,False
CVCL_0582,CVCL_A1UY,0.4490135908126831,thyroid,soft_tissue,False
CVCL_0582,CVCL_0888,0.4404830038547516,thyroid,fibroblast,False
CVCL_0582,CVCL_8481,0.43777191638946533,thyroid,central_nervous_system,False
CVCL_0582,CVCL_1734,0.4296976327896118,thyroid,soft_tissue,False
CVCL_0582,CVCL_V617,0.4290652275085449,thyroid,fibroblast,False
CVCL_0582,CVCL_0993,0.42848122119903564,thyroid,fibroblast,False
CVCL_0582,CVCL_3509,0.42268022894859314,thyroid,ovary,False
CVCL_0582,CVCL_1053,0.4196770489215851,thyroid,thyroid,True
CVCL_0582,CVCL_VU89,0.4191080927848816,thyroid,kidney,False
CVCL_0582,CVCL_2019,0.41756755113601685,thyroid,fibroblast,False
CVCL_0588,CVCL_1251,0.6239526867866516,breast,breast,True
CVCL_0588,CVCL_1812,0.5897915959358215,breast,breast,True
CVCL_0588,CVCL_3423,0.5798531174659729,breast,breast,True
CVCL_0588,CVCL_1782,0.5620546936988831,breast,breast,True
CVCL_0588,CVCL_1400,0.5583345890045166,breast,breast,True
CVCL_0588,CVCL_1115,0.558254063129425,breast,breast,True
CVCL_0588,CVCL_1661,0.5555257797241211,breast,breast,True
CVCL_0588,CVCL_0621,0.5495694279670715,breast,breast,True
CVCL_0588,CVCL_2319,0.5481245517730713,breast,breast,True
CVCL_0588,CVCL_1781,0.532311737537384,breast,breast,True
CVCL_0588,CVCL_2062,0.5157204866409302,breast,breast,True
CVCL_0588,CVCL_0620,0.5043996572494507,breast,breast,True
CVCL_0588,CVCL_1106,0.4969522953033447,breast,breast,True
CVCL_0588,CVCL_1254,0.49554818868637085,breast,breast,True
CVCL_0589,CVCL_2196,0.7049182057380676,blood,blood,True
CVCL_0589,CVCL_1196,0.6734605431556702,blood,blood,True
CVCL_0589,CVCL_2110,0.6535196304321289,blood,blood,True
CVCL_0589,CVCL_0614,0.6467627882957458,blood,blood,True
CVCL_0589,CVCL_1321,0.6425372362136841,blood,blood,True
CVCL_0589,CVCL_2122,0.6199780702590942,blood,blood,True
CVCL_0589,CVCL_0098,0.6199591755867004,blood,blood,True
CVCL_0589,CVCL_1694,0.6154149770736694,blood,blood,True
CVCL_0589,CVCL_2130,0.603577733039856,blood,blood,True
CVCL_0589,CVCL_1426,0.5982193350791931,blood,blood,True
CVCL_0589,CVCL_0002,0.5980749130249023,blood,blood,True
CVCL_0589,CVCL_2161,0.5888752937316895,blood,blood,True
CVCL_0589,CVCL_2162,0.5875346660614014,blood,blood,True
CVCL_0589,CVCL_1632,0.5871906280517578,blood,blood,True
CVCL_0590,CVCL_1851,0.8243290781974792,blood,blood,True
CVCL_0590,CVCL_1409,0.7397854328155518,blood,blood,True
CVCL_0590,CVCL_1410,0.7117538452148438,blood,blood,True
CVCL_0590,CVCL_1834,0.7042143940925598,blood,blood,True
CVCL_0590,CVCL_1835,0.6702267527580261,blood,blood,True
CVCL_0590,CVCL_1878,0.6649903059005737,blood,lymphocyte,False
CVCL_0590,CVCL_1631,0.6052877902984619,blood,blood,True
CVCL_0590,CVCL_8227,0.600293755531311,blood,blood,True
CVCL_0597,CVCL_1881,0.8079757690429688,lymphocyte,lymphocyte,True
CVCL_0597,CVCL_1101,0.7902308702468872,lymphocyte,lymphocyte,True
CVCL_0597,CVCL_1222,0.7759552597999573,lymphocyte,lymphocyte,True
CVCL_0597,CVCL_1088,0.7550549507141113,lymphocyte,lymphocyte,True
CVCL_0597,CVCL_1087,0.7534274458885193,lymphocyte,lymphocyte,True
CVCL_0597,CVCL_B371,0.7296509742736816,lymphocyte,lymphocyte,True
CVCL_0597,CVCL_1735,0.7110023498535156,lymphocyte,lymphocyte,True
CVCL_0597,CVCL_1399,0.7088452577590942,lymphocyte,lymphocyte,True
CVCL_0597,CVCL_2206,0.7080791592597961,lymphocyte,lymphocyte,True
CVCL_0597,CVCL_1902,0.7049300074577332,lymphocyte,lymphocyte,True
CVCL_0597,CVCL_1819,0.7010455131530762,lymphocyte,lymphocyte,True
CVCL_0597,CVCL_1967,0.683211088180542,lymphocyte,lymphocyte,True
CVCL_0597,CVCL_1889,0.668821394443512,lymphocyte,lymphocyte,True
CVCL_0597,CVCL_1179,0.668086051940918,lymphocyte,lymphocyte,True
CVCL_0597,CVCL_0067,0.6669102311134338,lymphocyte,lymphocyte,True
CVCL_0599,CVCL_A341,0.7274745106697083,skin,skin,True
CVCL_0599,CVCL_0600,0.7129130959510803,skin,skin,True
CVCL_0599,CVCL_1057,0.7042752504348755,skin,skin,True
CVCL_0599,CVCL_2408,0.6898768544197083,skin,skin,True
CVCL_0599,CVCL_1135,0.6820339560508728,skin,skin,True
CVCL_0599,CVCL_1097,0.6709901690483093,skin,skin,True
CVCL_0599,CVCL_2765,0.6628091335296631,skin,skin,True
CVCL_0599,CVCL_2606,0.6532187461853027,skin,skin,True
CVCL_0599,CVCL_A1UE,0.6389676928520203,skin,skin,True
CVCL_0599,CVCL_A1VJ,0.6365353465080261,skin,skin,True
CVCL_0599,CVCL_1036,0.6356964111328125,skin,skin,True
CVCL_0599,CVCL_6805,0.6288268566131592,skin,skin,True
CVCL_0600,CVCL_2408,0.7376694679260254,skin,skin,True
CVCL_0600,CVCL_1135,0.6860533356666565,skin,skin,True
CVCL_0600,CVCL_A1VK,0.6621221899986267,skin,skin,True
CVCL_0600,CVCL_1036,0.659952700138092,skin,skin,True
CVCL_0600,CVCL_1097,0.6504735350608826,skin,skin,True
CVCL_0600,CVCL_A1VJ,0.6408421397209167,skin,skin,True
CVCL_0600,CVCL_1780,0.631422758102417,skin,skin,True
CVCL_0600,CVCL_2765,0.6290735006332397,skin,skin,True
CVCL_0600,CVCL_2606,0.6270231008529663,skin,skin,True
CVCL_0600,CVCL_A341,0.6242738962173462,skin,skin,True
CVCL_0600,CVCL_5064,0.6161119341850281,skin,central_nervous_system,False
CVCL_0608,CVCL_2595,0.4997123181819916,lung,lung,True
CVCL_0608,CVCL_5135,0.4244111478328705,lung,lung,True
CVCL_0608,CVCL_2593,0.4154185354709625,lung,lung,True
CVCL_0608,CVCL_0698,0.36526450514793396,lung,fibroblast,False
CVCL_0608,CVCL_0359,0.3609186112880707,lung,urinary_tract,False
CVCL_0608,CVCL_1104,0.3490559458732605,lung,breast,False
CVCL_0608,CVCL_WS59,0.34796127676963806,lung,kidney,False
CVCL_0608,CVCL_1430,0.3331953287124634,lung,lung,True
CVCL_0608,CVCL_5131,0.3320678770542145,lung,lung,True
CVCL_0608,CVCL_2080,0.3317851722240448,lung,lung,True
CVCL_0608,CVCL_1286,0.32768386602401733,lung,lung,True
CVCL_0608,CVCL_1219,0.32739511132240295,lung,thyroid,False
CVCL_0609,CVCL_LM84,0.6291903853416443,lung,pancreas,False
CVCL_0609,CVCL_1119,0.5749232769012451,lung,pancreas,False
CVCL_0609,CVCL_A1VF,0.5371609926223755,lung,bile_duct,False
CVCL_0609,CVCL_A1VI,0.5298799872398376,lung,bile_duct,False
CVCL_0609,CVCL_6899,0.5247051119804382,lung,bile_duct,False
CVCL_0609,CVCL_1628,0.5215230584144592,lung,ovary,False
CVCL_0609,CVCL_5065,0.5170151591300964,lung,bile_duct,False
CVCL_0609,CVCL_5101,0.510348916053772,lung,bile_duct,False
CVCL_0609,CVCL_A1UZ,0.5074171423912048,lung,bile_duct,False
CVCL_0609,CVCL_A1UH,0.5005486607551575,lung,pancreas,False
CVCL_0609,CVCL_3082,0.4836216866970062,lung,gastric,False
CVCL_0609,CVCL_A1VA,0.4689304530620575,lung,bile_duct,False
CVCL_0609,CVCL_5034,0.4633273184299469,lung,pancreas,False
CVCL_0609,CVCL_S507,0.4621742367744446,lung,pancreas,False
CVCL_0614,CVCL_2122,0.8096686005592346,blood,blood,True
CVCL_0614,CVCL_1321,0.7619659304618835,blood,blood,True
CVCL_0614,CVCL_2130,0.7233180999755859,blood,blood,True
CVCL_0614,CVCL_1196,0.710044801235199,blood,blood,True
CVCL_0614,CVCL_1426,0.7008002400398254,blood,blood,True
CVCL_0614,CVCL_1071,0.6942394375801086,blood,blood,True
CVCL_0614,CVCL_1632,0.6934887766838074,blood,blood,True
CVCL_0614,CVCL_1433,0.6915457844734192,blood,blood,True
CVCL_0614,CVCL_2110,0.6891375184059143,blood,blood,True
CVCL_0614,CVCL_2118,0.6871705651283264,blood,blood,True
CVCL_0614,CVCL_2119,0.6861248016357422,blood,blood,True
CVCL_0614,CVCL_1425,0.6811800003051758,blood,blood,True
CVCL_0614,CVCL_1620,0.6735183596611023,blood,blood,True
CVCL_0617,CVCL_2319,0.5709368586540222,breast,breast,True
CVCL_0617,CVCL_1254,0.5483494997024536,breast,breast,True
CVCL_0617,CVCL_1115,0.49465543031692505,breast,breast,True
CVCL_0617,CVCL_3424,0.4780718982219696,breast,breast,True
CVCL_0617,CVCL_0588,0.42926767468452454,breast,breast,True
CVCL_0617,CVCL_1781,0.42432260513305664,breast,breast,True
CVCL_0617,CVCL_2409,0.3744232952594757,breast,lung,False
CVCL_0617,CVCL_1774,0.36985087394714355,breast,thyroid,False
CVCL_0617,CVCL_1252,0.3678649961948395,breast,breast,True
CVCL_0617,CVCL_1536,0.3662591576576233,breast,lung,False
CVCL_0617,CVCL_1175,0.36517027020454407,breast,lung,False
CVCL_0617,CVCL_1526,0.3640706241130829,breast,lung,False
CVCL_0617,CVCL_0179,0.3572177290916443,breast,breast,True
CVCL_0617,CVCL_2058,0.35232463479042053,breast,lung,False
CVCL_0617,CVCL_0024,0.3504227101802826,breast,lung,False
CVCL_0618,CVCL_2585,0.4371146261692047,breast,skin,False
CVCL_0618,CVCL_2584,0.4284144341945648,breast,skin,False
CVCL_0618,CVCL_1167,0.4075879156589508,breast,central_nervous_system,False
CVCL_0618,CVCL_1659,0.39460933208465576,breast,soft_tissue,False
CVCL_0618,CVCL_B255,0.3878757357597351,breast,soft_tissue,False
CVCL_0618,CVCL_0871,0.3822532892227173,breast,soft_tissue,False
CVCL_0618,CVCL_3954,0.377242773771286,breast,central_nervous_system,False
CVCL_0618,CVCL_2734,0.37139955163002014,breast,ovary,False
CVCL_0618,CVCL_YU13,0.37040382623672485,breast,peripheral_nervous_system,False
CVCL_0618,CVCL_1267,0.36781975626945496,breast,breast,True
CVCL_0618,CVCL_0497,0.36766520142555237,breast,liver,False
CVCL_0618,CVCL_2955,0.36761167645454407,breast,bile_duct,False
CVCL_0618,CVCL_1Y70,0.3671390414237976,breast,peripheral_nervous_system,False
CVCL_0618,CVCL_AU20,0.3609175980091095,breast,peripheral_nervous_system,False
CVCL_0618,CVCL_1766,0.35866042971611023,breast,esophagus,False
CVCL_0620,CVCL_1812,0.5726361870765686,breast,breast,True
CVCL_0620,CVCL_1251,0.537178099155426,breast,breast,True
CVCL_0620,CVCL_1400,0.531455934047699,breast,breast,True
CVCL_0620,CVCL_1661,0.501708984375,breast,breast,True
CVCL_0620,CVCL_1263,0.4994150698184967,breast,breast,True
CVCL_0620,CVCL_1781,0.49576762318611145,breast,breast,True
CVCL_0620,CVCL_2319,0.49507656693458557,breast,breast,True
CVCL_0620,CVCL_1782,0.49383544921875,breast,breast,True
CVCL_0620,CVCL_0621,0.48017823696136475,breast,breast,True
CVCL_0620,CVCL_2062,0.47989633679389954,breast,breast,True
CVCL_0620,CVCL_1408,0.47858524322509766,breast,breast,True
CVCL_0620,CVCL_2094,0.46834972500801086,breast,breast,True
CVCL_0620,CVCL_5591,0.4614708423614502,breast,breast,True
CVCL_0621,CVCL_1400,0.5597419738769531,breast,breast,True
CVCL_0621,CVCL_1661,0.5544628500938416,breast,breast,True
CVCL_0621,CVCL_1251,0.5518243908882141,breast,breast,True
CVCL_0621,CVCL_1812,0.5228914618492126,breast,breast,True
CVCL_0621,CVCL_1408,0.49928686022758484,breast,breast,True
CVCL_0621,CVCL_3423,0.4356333613395691,breast,breast,True
CVCL_0621,CVCL_1494,0.42119327187538147,breast,lung,False
CVCL_0621,CVCL_1074,0.4190591275691986,breast,breast,True
CVCL_0621,CVCL_1532,0.4188986122608185,breast,lung,False
CVCL_0621,CVCL_1781,0.4178793728351593,breast,breast,True
CVCL_0622,CVCL_A1VN,0.6059964299201965,skin,skin,True
CVCL_0622,CVCL_1040,0.5838013887405396,skin,skin,True
CVCL_0622,CVCL_1780,0.5836811065673828,skin,skin,True
CVCL_0622,CVCL_1057,0.5783929228782654,skin,skin,True
CVCL_0622,CVCL_1036,0.5724396109580994,skin,skin,True
CVCL_0622,CVCL_0331,0.5719954371452332,skin,skin,True
CVCL_0622,CVCL_0318,0.5620743036270142,skin,skin,True
CVCL_0622,CVCL_1097,0.5591184496879578,skin,skin,True
CVCL_0622,CVCL_A1VJ,0.5562803149223328,skin,skin,True
CVCL_0622,CVCL_6805,0.5550693273544312,skin,skin,True
CVCL_0622,CVCL_1135,0.5505228638648987,skin,skin,True
CVCL_0622,CVCL_0132,0.5460770726203918,skin,skin,True
CVCL_0622,CVCL_2606,0.5424194931983948,skin,skin,True
CVCL_0622,CVCL_A341,0.5348711013793945,skin,skin,True
CVCL_0622,CVCL_B3PJ,0.5288245677947998,skin,skin,True
CVCL_0623,CVCL_1117,0.41472676396369934,breast,central_nervous_system,False
CVCL_0623,CVCL_L088,0.39763784408569336,breast,lung,False
CVCL_0623,CVCL_1655,0.38252198696136475,breast,lung,False
CVCL_0623,CVCL_1249,0.3648427128791809,breast,breast,True
CVCL_0623,CVCL_0497,0.3637266755104065,breast,liver,False
CVCL_0623,CVCL_2584,0.36011719703674316,breast,skin,False
CVCL_0623,CVCL_0844,0.35633260011672974,breast,central_nervous_system,False
CVCL_0623,CVCL_1R16,0.354780912399292,breast,central_nervous_system,False
CVCL_0623,CVCL_1093,0.34913522005081177,breast,central_nervous_system,False
CVCL_0623,CVCL_2291,0.34773537516593933,breast,ovary,False
CVCL_0623,CVCL_1574,0.3452775478363037,breast,lung,False
CVCL_0623,CVCL_YU13,0.3436984717845917,breast,peripheral_nervous_system,False
CVCL_0623,CVCL_2585,0.3412014842033386,breast,skin,False
CVCL_0623,CVCL_1167,0.33964288234710693,breast,central_nervous_system,False
CVCL_0623,CVCL_2420,0.3301924169063568,breast,ovary,False
CVCL_0624,CVCL_1641,0.8375598788261414,blood,blood,True
CVCL_0624,CVCL_1630,0.7618416547775269,blood,blood,True
CVCL_0624,CVCL_1714,0.7467637658119202,blood,blood,True
CVCL_0624,CVCL_1736,0.7293763160705566,blood,blood,True
CVCL_0624,CVCL_1327,0.7292483448982239,blood,blood,True
CVCL_0624,CVCL_2022,0.7122566103935242,blood,blood,True
CVCL_0624,CVCL_1913,0.6892015337944031,blood,blood,True
CVCL_0624,CVCL_1667,0.6832210421562195,blood,blood,True
CVCL_0624,CVCL_1820,0.6674630045890808,blood,blood,True
CVCL_0624,CVCL_1805,0.6606613993644714,blood,blood,True
CVCL_0624,CVCL_1150,0.660061240196228,blood,blood,True
CVCL_0624,CVCL_1424,0.6403522491455078,blood,blood,True
CVCL_0624,CVCL_1126,0.5858786702156067,blood,blood,True
CVCL_0624,CVCL_1380,0.4930557310581207,blood,blood,True
CVCL_0626,CVCL_1386,0.7252566814422607,colorectal,colorectal,True
CVCL_0626,CVCL_1708,0.6990599632263184,colorectal,colorectal,True
CVCL_0626,CVCL_5078,0.6925426125526428,colorectal,colorectal,True
CVCL_0626,CVCL_1980,0.6919007301330566,colorectal,colorectal,True
CVCL_0626,CVCL_4645,0.6772745847702026,colorectal,ovary,False
CVCL_0626,CVCL_1982,0.6771121025085449,colorectal,colorectal,True
CVCL_0626,CVCL_5111,0.6765939593315125,colorectal,colorectal,True
CVCL_0626,CVCL_5044,0.6671813130378723,colorectal,colorectal,True
CVCL_0626,CVCL_8175,0.6639094352722168,colorectal,colorectal,True
CVCL_0626,CVCL_5038,0.6564486026763916,colorectal,bile_duct,False
CVCL_0626,CVCL_EG22,0.6448130011558533,colorectal,colorectal,True
CVCL_0626,CVCL_1294,0.6399651765823364,colorectal,colorectal,True
CVCL_0626,CVCL_4846,0.6277449727058411,colorectal,gastric,False
CVCL_0626,CVCL_5250,0.626740574836731,colorectal,colorectal,True
CVCL_0627,CVCL_S740,0.8043371438980103,bone,bone,True
CVCL_0627,CVCL_M153,0.793901264667511,bone,bone,True
CVCL_0627,CVCL_0631,0.7894249558448792,bone,bone,True
CVCL_0627,CVCL_2169,0.7764376997947693,bone,bone,True
CVCL_0627,CVCL_0B50,0.7736766338348389,bone,bone,True
CVCL_0627,CVCL_M150,0.7714739441871643,bone,bone,True
CVCL_0627,CVCL_6583,0.771097719669342,bone,bone,True
CVCL_0627,CVCL_V618,0.7605610489845276,bone,bone,True
CVCL_0627,CVCL_1411,0.7487119436264038,bone,bone,True
CVCL_0627,CVCL_4Z30,0.7310848236083984,bone,bone,True
CVCL_0627,CVCL_2213,0.6852169036865234,bone,bone,True
CVCL_0627,CVCL_0B48,0.6771122813224792,bone,bone,True
CVCL_0627,CVCL_F531,0.671053409576416,bone,bone,True
CVCL_0630,CVCL_1495,0.4622221291065216,lung,lung,True
CVCL_0630,CVCL_1574,0.4560101330280304,lung,lung,True
CVCL_0630,CVCL_5063,0.4340652823448181,lung,upper_aerodigestive,False
CVCL_0630,CVCL_1085,0.40810444951057434,lung,thyroid,False
CVCL_0630,CVCL_1492,0.3986186981201172,lung,lung,True
CVCL_0630,CVCL_2447,0.3985282778739929,lung,thyroid,False
CVCL_0630,CVCL_1734,0.398163765668869,lung,soft_tissue,False
CVCL_0630,CVCL_1655,0.3956010043621063,lung,lung,True
CVCL_0630,CVCL_5723,0.37742388248443604,lung,central_nervous_system,False
CVCL_0630,CVCL_L088,0.37153249979019165,lung,lung,True
CVCL_0630,CVCL_0153,0.371215283870697,lung,thyroid,False
CVCL_0630,CVCL_1219,0.3694944381713867,lung,thyroid,False
CVCL_0630,CVCL_2738,0.3687356114387512,lung,urinary_tract,False
CVCL_0630,CVCL_5159,0.36834073066711426,lung,lung,True
CVCL_0630,CVCL_1496,0.3621830940246582,lung,lung,True
CVCL_0631,CVCL_2169,0.7830677628517151,bone,bone,True
CVCL_0631,CVCL_S740,0.7615814805030823,bone,bone,True
CVCL_0631,CVCL_M153,0.7520300149917603,bone,bone,True
CVCL_0631,CVCL_1411,0.7297624945640564,bone,bone,True
CVCL_0631,CVCL_2213,0.7240914106369019,bone,bone,True
CVCL_0631,CVCL_6583,0.7140374779701233,bone,bone,True
CVCL_0631,CVCL_V618,0.6873494982719421,bone,bone,True
CVCL_0631,CVCL_0B50,0.6824061870574951,bone,bone,True
CVCL_0631,CVCL_3177,0.6615970730781555,bone,peripheral_nervous_system,False
CVCL_0631,CVCL_4Z31,0.6532020568847656,bone,bone,True
CVCL_0631,CVCL_M150,0.6514307260513306,bone,bone,True
CVCL_0631,CVCL_4Z30,0.6431581974029541,bone,bone,True
CVCL_0632,CVCL_1564,0.7913222312927246,colorectal,colorectal,True
CVCL_0632,CVCL_1980,0.7851835489273071,colorectal,colorectal,True
CVCL_0632,CVCL_5250,0.7842481732368469,colorectal,colorectal,True
CVCL_0632,CVCL_5044,0.7735994458198547,colorectal,colorectal,True
CVCL_0632,CVCL_1718,0.7679383158683777,colorectal,colorectal,True
CVCL_0632,CVCL_1151,0.7512817978858948,colorectal,colorectal,True
CVCL_0632,CVCL_2520,0.731579065322876,colorectal,colorectal,True
CVCL_0632,CVCL_2035,0.727681577205658,colorectal,esophagus,False
CVCL_0632,CVCL_1386,0.7249992489814758,colorectal,colorectal,True
CVCL_0632,CVCL_4645,0.7209705114364624,colorectal,ovary,False
CVCL_0632,CVCL_5078,0.7200758457183838,colorectal,colorectal,True
CVCL_0632,CVCL_8175,0.7006484866142273,colorectal,colorectal,True
CVCL_0632,CVCL_2917,0.6995543241500854,colorectal,colorectal,True
CVCL_0632,CVCL_9980,0.6944191455841064,colorectal,colorectal,True
CVCL_0633,CVCL_A758,0.5406262278556824,central_nervous_system,central_nervous_system,True
CVCL_0633,CVCL_1795,0.5389233231544495,central_nervous_system,central_nervous_system,True
CVCL_0633,CVCL_0844,0.5279615521430969,central_nervous_system,central_nervous_system,True
CVCL_0633,CVCL_1093,0.5225305557250977,central_nervous_system,central_nervous_system,True
CVCL_0633,CVCL_5069,0.5216922163963318,central_nervous_system,central_nervous_system,True
CVCL_0633,CVCL_3955,0.5150991678237915,central_nervous_system,central_nervous_system,True
CVCL_0633,CVCL_3960,0.514868438243866,central_nervous_system,central_nervous_system,True
CVCL_0633,CVCL_WU66,0.5055404305458069,central_nervous_system,bone,False
CVCL_0633,CVCL_1809,0.502108633518219,central_nervous_system,bone,False
CVCL_0633,CVCL_1R16,0.5007232427597046,central_nervous_system,central_nervous_system,True
CVCL_0633,CVCL_1798,0.48643603920936584,central_nervous_system,central_nervous_system,True
CVCL_0633,CVCL_2297,0.4824245274066925,central_nervous_system,central_nervous_system,True
CVCL_0633,CVCL_0979,0.47927719354629517,central_nervous_system,fibroblast,False
CVCL_0633,CVCL_2909,0.4791869819164276,central_nervous_system,bone,False
CVCL_0660,CVCL_0836,0.7284911274909973,fibroblast,fibroblast,True
CVCL_0660,CVCL_0942,0.5833680629730225,fibroblast,fibroblast,True
CVCL_0660,CVCL_2255,0.5794918537139893,fibroblast,fibroblast,True
CVCL_0660,CVCL_0827,0.5747940540313721,fibroblast,fibroblast,True
CVCL_0660,CVCL_0707,0.5661593675613403,fibroblast,fibroblast,True
CVCL_0660,CVCL_2019,0.5624216198921204,fibroblast,fibroblast,True
CVCL_0660,CVCL_2182,0.5550940632820129,fibroblast,fibroblast,True
CVCL_0660,CVCL_0957,0.5411143898963928,fibroblast,bone,False
CVCL_0660,CVCL_0993,0.5341901779174805,fibroblast,fibroblast,True
CVCL_0660,CVCL_0698,0.524662435054779,fibroblast,fibroblast,True
CVCL_0660,CVCL_0979,0.5180755853652954,fibroblast,fibroblast,True
CVCL_0660,CVCL_0846,0.5077000856399536,fibroblast,fibroblast,True
CVCL_0660,CVCL_1038,0.506744384765625,fibroblast,fibroblast,True
CVCL_0660,CVCL_3806,0.5040319561958313,fibroblast,fibroblast,True
CVCL_0660,CVCL_0871,0.4952974021434784,fibroblast,soft_tissue,False
CVCL_0698,CVCL_V617,0.8083383440971375,fibroblast,fibroblast,True
CVCL_0698,CVCL_2019,0.8049414753913879,fibroblast,fibroblast,True
CVCL_0698,CVCL_0993,0.7982509136199951,fibroblast,fibroblast,True
CVCL_0698,CVCL_0979,0.7941200733184814,fibroblast,fibroblast,True
CVCL_0698,CVCL_0715,0.783568799495697,fibroblast,fibroblast,True
CVCL_0698,CVCL_0827,0.7546945810317993,fibroblast,fibroblast,True
CVCL_0698,CVCL_2182,0.7396809458732605,fibroblast,fibroblast,True
CVCL_0698,CVCL_0942,0.736243486404419,fibroblast,fibroblast,True
CVCL_0698,CVCL_0882,0.7160781025886536,fibroblast,fibroblast,True
CVCL_0698,CVCL_0966,0.7112010717391968,fibroblast,fibroblast,True
CVCL_0698,CVCL_0891,0.6963133215904236,fibroblast,fibroblast,True
CVCL_0698,CVCL_0846,0.6916069388389587,fibroblast,fibroblast,True
CVCL_0698,CVCL_0878,0.6861609816551208,fibroblast,fibroblast,True
CVCL_0698,CVCL_0819,0.6835669875144958,fibroblast,fibroblast,True
CVCL_0698,CVCL_0814,0.6782668232917786,fibroblast,fibroblast,True
CVCL_0707,CVCL_0957,0.6913108229637146,fibroblast,bone,False
CVCL_0707,CVCL_0836,0.6857131719589233,fibroblast,fibroblast,True
CVCL_0707,CVCL_2255,0.6826512813568115,fibroblast,fibroblast,True
CVCL_0707,CVCL_0882,0.6670834422111511,fibroblast,fibroblast,True
CVCL_0707,CVCL_2182,0.664737343788147,fibroblast,fibroblast,True
CVCL_0707,CVCL_0827,0.66245436668396,fibroblast,fibroblast,True
CVCL_0707,CVCL_0726,0.6528237462043762,fibroblast,fibroblast,True
CVCL_0707,CVCL_0993,0.6527019143104553,fibroblast,fibroblast,True
CVCL_0707,CVCL_0846,0.6491432189941406,fibroblast,fibroblast,True
CVCL_0707,CVCL_0942,0.6442581415176392,fibroblast,fibroblast,True
CVCL_0707,CVCL_1031,0.6418489217758179,fibroblast,fibroblast,True
CVCL_0707,CVCL_A1UX,0.6405578851699829,fibroblast,bone,False
CVCL_0707,CVCL_0878,0.638047456741333,fibroblast,fibroblast,True
CVCL_0707,CVCL_0819,0.6351934671401978,fibroblast,fibroblast,True
CVCL_0707,CVCL_1743,0.632521390914917,fibroblast,fibroblast,True
CVCL_0711,CVCL_0938,0.8988726735115051,fibroblast,fibroblast,True
CVCL_0711,CVCL_0855,0.8654311895370483,fibroblast,fibroblast,True
CVCL_0711,CVCL_0825,0.8540589213371277,fibroblast,fibroblast,True
CVCL_0711,CVCL_0891,0.8486160039901733,fibroblast,fibroblast,True
CVCL_0711,CVCL_1038,0.8125981092453003,fibroblast,fibroblast,True
CVCL_0711,CVCL_3806,0.7965166568756104,fibroblast,fibroblast,True
CVCL_0711,CVCL_0959,0.7865703701972961,fibroblast,fibroblast,True
CVCL_0711,CVCL_0814,0.775906503200531,fibroblast,fibroblast,True
CVCL_0711,CVCL_3605,0.7756630182266235,fibroblast,fibroblast,True
CVCL_0711,CVCL_1740,0.7446587681770325,fibroblast,fibroblast,True
CVCL_0711,CVCL_0932,0.7382906079292297,fibroblast,fibroblast,True
CVCL_0711,CVCL_0878,0.719098687171936,fibroblast,fibroblast,True
CVCL_0711,CVCL_0933,0.7012943029403687,fibroblast,fibroblast,True
CVCL_0711,CVCL_0966,0.6808170676231384,fibroblast,fibroblast,True
CVCL_0711,CVCL_1031,0.6786254048347473,fibroblast,fibroblast,True
CVCL_0715,CVCL_0882,0.8208433389663696,fibroblast,fibroblast,True
CVCL_0715,CVCL_0878,0.8190939426422119,fibroblast,fibroblast,True
CVCL_0715,CVCL_0726,0.8100200891494751,fibroblast,fibroblast,True
CVCL_0715,CVCL_0819,0.7914611101150513,fibroblast,fibroblast,True
CVCL_0715,CVCL_0888,0.7831911444664001,fibroblast,fibroblast,True
CVCL_0715,CVCL_0846,0.7404677271842957,fibroblast,fibroblast,True
CVCL_0715,CVCL_3605,0.735923171043396,fibroblast,fibroblast,True
CVCL_0715,CVCL_0942,0.7328245043754578,fibroblast,fibroblast,True
CVCL_0715,CVCL_0827,0.7292061448097229,fibroblast,fibroblast,True
CVCL_0715,CVCL_0814,0.7274771928787231,fibroblast,fibroblast,True
CVCL_0715,CVCL_0993,0.7248950600624084,fibroblast,fibroblast,True
CVCL_0715,CVCL_0891,0.7199706435203552,fibroblast,fibroblast,True
CVCL_0715,CVCL_1031,0.719200611114502,fibroblast,fibroblast,True
CVCL_0715,CVCL_0959,0.7118247747421265,fibroblast,fibroblast,True
CVCL_0726,CVCL_0882,0.8857645392417908,fibroblast,fibroblast,True
CVCL_0726,CVCL_0819,0.8827293515205383,fibroblast,fibroblast,True
CVCL_0726,CVCL_0888,0.8734044432640076,fibroblast,fibroblast,True
CVCL_0726,CVCL_0814,0.8079962134361267,fibroblast,fibroblast,True
CVCL_0726,CVCL_1031,0.8047050833702087,fibroblast,fibroblast,True
CVCL_0726,CVCL_0846,0.8026880025863647,fibroblast,fibroblast,True
CVCL_0726,CVCL_0928,0.8010847568511963,fibroblast,fibroblast,True
CVCL_0726,CVCL_0941,0.7887715101242065,fibroblast,fibroblast,True
CVCL_0726,CVCL_3605,0.7854182720184326,fibroblast,fibroblast,True
CVCL_0726,CVCL_0878,0.7841620445251465,fibroblast,fibroblast,True
CVCL_0726,CVCL_3806,0.7474074363708496,fibroblast,fibroblast,True
CVCL_0726,CVCL_A1UX,0.736008882522583,fibroblast,bone,False
CVCL_0726,CVCL_0933,0.7356492280960083,fibroblast,fibroblast,True
CVCL_0726,CVCL_0825,0.7224540710449219,fibroblast,fibroblast,True
CVCL_0814,CVCL_3806,0.8917234539985657,fibroblast,fibroblast,True
CVCL_0814,CVCL_0825,0.8737891316413879,fibroblast,fibroblast,True
CVCL_0814,CVCL_3605,0.865020751953125,fibroblast,fibroblast,True
CVCL_0814,CVCL_1031,0.8587455749511719,fibroblast,fibroblast,True
CVCL_0814,CVCL_0928,0.849468469619751,fibroblast,fibroblast,True
CVCL_0814,CVCL_0966,0.8426885008811951,fibroblast,fibroblast,True
CVCL_0814,CVCL_0933,0.8414484262466431,fibroblast,fibroblast,True
CVCL_0814,CVCL_0959,0.836830735206604,fibroblast,fibroblast,True
CVCL_0814,CVCL_0891,0.8314709663391113,fibroblast,fibroblast,True
CVCL_0814,CVCL_0941,0.8289164900779724,fibroblast,fibroblast,True
CVCL_0814,CVCL_0878,0.81633460521698,fibroblast,fibroblast,True
CVCL_0814,CVCL_0855,0.801383376121521,fibroblast,fibroblast,True
CVCL_0814,CVCL_A1UX,0.7974242568016052,fibroblast,bone,False
CVCL_0814,CVCL_0938,0.7927354574203491,fibroblast,fibroblast,True
CVCL_0819,CVCL_0882,0.8871732354164124,fibroblast,fibroblast,True
CVCL_0819,CVCL_0888,0.7979609966278076,fibroblast,fibroblast,True
CVCL_0819,CVCL_0846,0.7763702869415283,fibroblast,fibroblast,True
CVCL_0819,CVCL_1031,0.7202604413032532,fibroblast,fibroblast,True
CVCL_0819,CVCL_0928,0.7113747000694275,fibroblast,fibroblast,True
CVCL_0819,CVCL_0878,0.7066347599029541,fibroblast,fibroblast,True
CVCL_0819,CVCL_0942,0.7045758962631226,fibroblast,fibroblast,True
CVCL_0819,CVCL_0814,0.6925646662712097,fibroblast,fibroblast,True
CVCL_0819,CVCL_0941,0.6910353899002075,fibroblast,fibroblast,True
CVCL_0819,CVCL_0827,0.6880065202713013,fibroblast,fibroblast,True
CVCL_0819,CVCL_0979,0.6785705089569092,fibroblast,fibroblast,True
CVCL_0819,CVCL_3605,0.6760873794555664,fibroblast,fibroblast,True
CVCL_0823,CVCL_1861,0.8512571454048157,lymphocyte,lymphocyte,True
CVCL_0823,CVCL_2027,0.833303689956665,lymphocyte,lymphocyte,True
CVCL_0823,CVCL_1818,0.7913397550582886,lymphocyte,lymphocyte,True
CVCL_0823,CVCL_Y548,0.78872150182724,lymphocyte,blood,False
CVCL_0823,CVCL_1186,0.7824545502662659,lymphocyte,lymphocyte,True
CVCL_0823,CVCL_1870,0.7805390954017639,lymphocyte,blood,False
CVCL_0823,CVCL_3302,0.7437590956687927,lymphocyte,lymphocyte,True
CVCL_0823,CVCL_1320,0.7426305413246155,lymphocyte,blood,False
CVCL_0823,CVCL_Y549,0.7391233444213867,lymphocyte,blood,False
CVCL_0823,CVCL_4613,0.7358922362327576,lymphocyte,blood,False
CVCL_0823,CVCL_1319,0.7265339493751526,lymphocyte,lymphocyte,True
CVCL_0823,CVCL_2539,0.7118593454360962,lymphocyte,lymphocyte,True
CVCL_0823,CVCL_0D73,0.7038325071334839,lymphocyte,blood,False
CVCL_0825,CVCL_0938,0.8767563104629517,fibroblast,fibroblast,True
CVCL_0825,CVCL_0855,0.8643041253089905,fibroblast,fibroblast,True
CVCL_0825,CVCL_3806,0.8631001710891724,fibroblast,fibroblast,True
CVCL_0825,CVCL_0891,0.8541244864463806,fibroblast,fibroblast,True
CVCL_0825,CVCL_3605,0.8261674642562866,fibroblast,fibroblast,True
CVCL_0825,CVCL_1038,0.8060811161994934,fibroblast,fibroblast,True
CVCL_0825,CVCL_0959,0.7875797152519226,fibroblast,fibroblast,True
CVCL_0825,CVCL_0966,0.7571061253547668,fibroblast,fibroblast,True
CVCL_0825,CVCL_0933,0.7544804215431213,fibroblast,fibroblast,True
CVCL_0825,CVCL_1740,0.7504090070724487,fibroblast,fibroblast,True
CVCL_0825,CVCL_0932,0.7467365860939026,fibroblast,fibroblast,True
CVCL_0825,CVCL_1031,0.7433826327323914,fibroblast,fibroblast,True
CVCL_0825,CVCL_0878,0.7337328791618347,fibroblast,fibroblast,True
CVCL_0827,CVCL_0942,0.8800806403160095,fibroblast,fibroblast,True
CVCL_0827,CVCL_0993,0.84064781665802,fibroblast,fibroblast,True
CVCL_0827,CVCL_2255,0.8148837089538574,fibroblast,fibroblast,True
CVCL_0827,CVCL_2019,0.7994437217712402,fibroblast,fibroblast,True
CVCL_0827,CVCL_2182,0.7664047479629517,fibroblast,fibroblast,True
CVCL_0827,CVCL_0979,0.7608645558357239,fibroblast,fibroblast,True
CVCL_0827,CVCL_0957,0.7364371418952942,fibroblast,bone,False
CVCL_0827,CVCL_0882,0.7260469198226929,fibroblast,fibroblast,True
CVCL_0827,CVCL_0726,0.7132811546325684,fibroblast,fibroblast,True
CVCL_0827,CVCL_0878,0.710955023765564,fibroblast,fibroblast,True
CVCL_0827,CVCL_0846,0.6976245045661926,fibroblast,fibroblast,True
CVCL_0827,CVCL_V617,0.6771435141563416,fibroblast,fibroblast,True
CVCL_0836,CVCL_2255,0.7440177798271179,fibroblast,fibroblast,True
CVCL_0836,CVCL_2182,0.6450647711753845,fibroblast,fibroblast,True
CVCL_0836,CVCL_0957,0.6420966386795044,fibroblast,bone,False
CVCL_0836,CVCL_0827,0.6197518706321716,fibroblast,fibroblast,True
CVCL_0836,CVCL_0942,0.5963175892829895,fibroblast,fibroblast,True
CVCL_0836,CVCL_0993,0.5662108063697815,fibroblast,fibroblast,True
CVCL_0836,CVCL_2019,0.5574643015861511,fibroblast,fibroblast,True
CVCL_0836,CVCL_0979,0.5368995070457458,fibroblast,fibroblast,True
CVCL_0836,CVCL_0846,0.5178816318511963,fibroblast,fibroblast,True
CVCL_0836,CVCL_V617,0.502920389175415,fibroblast,fibroblast,True
CVCL_0836,CVCL_3806,0.5008667707443237,fibroblast,fibroblast,True
CVCL_0836,CVCL_0878,0.5004093647003174,fibroblast,fibroblast,True
CVCL_0836,CVCL_A1UX,0.4937410354614258,fibroblast,bone,False
CVCL_0844,CVCL_1117,0.683977484703064,central_nervous_system,central_nervous_system,True
CVCL_0844,CVCL_1690,0.632620096206665,central_nervous_system,central_nervous_system,True
CVCL_0844,CVCL_4W67,0.6208041906356812,central_nervous_system,central_nervous_system,True
CVCL_0844,CVCL_5010,0.6095314025878906,central_nervous_system,central_nervous_system,True
CVCL_0844,CVCL_1722,0.608582615852356,central_nervous_system,central_nervous_system,True
CVCL_0844,CVCL_3955,0.6067759394645691,central_nervous_system,central_nervous_system,True
CVCL_0844,CVCL_5069,0.6064901947975159,central_nervous_system,central_nervous_system,True
CVCL_0844,CVCL_3956,0.6035825610160828,central_nervous_system,central_nervous_system,True
CVCL_0844,CVCL_1R16,0.5997671484947205,central_nervous_system,central_nervous_system,True
CVCL_0844,CVCL_1715,0.5908457636833191,central_nervous_system,central_nervous_system,True
CVCL_0844,CVCL_4773,0.5729373097419739,central_nervous_system,central_nervous_system,True
CVCL_0844,CVCL_1795,0.5685112476348877,central_nervous_system,central_nervous_system,True
CVCL_0844,CVCL_2297,0.5675164461135864,central_nervous_system,central_nervous_system,True
CVCL_0844,CVCL_1233,0.5654441714286804,central_nervous_system,central_nervous_system,True
CVCL_0846,CVCL_0882,0.828681230545044,fibroblast,fibroblast,True
CVCL_0846,CVCL_0941,0.7942914962768555,fibroblast,fibroblast,True
CVCL_0846,CVCL_0878,0.7882943749427795,fibroblast,fibroblast,True
CVCL_0846,CVCL_0933,0.7866430282592773,fibroblast,fibroblast,True
CVCL_0846,CVCL_0928,0.7776381969451904,fibroblast,fibroblast,True
CVCL_0846,CVCL_3806,0.7775048017501831,fibroblast,fibroblast,True
CVCL_0846,CVCL_1031,0.7667264342308044,fibroblast,fibroblast,True
CVCL_0846,CVCL_0814,0.7549169063568115,fibroblast,fibroblast,True
CVCL_0846,CVCL_A1UX,0.7458328604698181,fibroblast,bone,False
CVCL_0846,CVCL_3605,0.7409213185310364,fibroblast,fibroblast,True
CVCL_0846,CVCL_1743,0.7310201525688171,fibroblast,fibroblast,True
CVCL_0846,CVCL_0888,0.7163631319999695,fibroblast,fibroblast,True
CVCL_0851,CVCL_A1VJ,0.600983738899231,skin,skin,True
CVCL_0851,CVCL_2606,0.5972532033920288,skin,skin,True
CVCL_0851,CVCL_A1VK,0.5841293931007385,skin,skin,True
CVCL_0851,CVCL_1057,0.5758945345878601,skin,skin,True
CVCL_0851,CVCL_0331,0.569558322429657,skin,skin,True
CVCL_0851,CVCL_0318,0.5600305199623108,skin,skin,True
CVCL_0851,CVCL_6805,0.5253695845603943,skin,skin,True
CVCL_0851,CVCL_0132,0.5208147168159485,skin,skin,True
CVCL_0851,CVCL_0600,0.5168440341949463,skin,skin,True
CVCL_0851,CVCL_1040,0.5157022476196289,skin,skin,True
CVCL_0851,CVCL_1135,0.512463390827179,skin,skin,True
CVCL_0851,CVCL_2408,0.5116146206855774,skin,skin,True
CVCL_0851,CVCL_0040,0.5108014941215515,skin,skin,True
CVCL_0851,CVCL_0393,0.4997830092906952,skin,central_nervous_system,False
CVCL_0851,CVCL_A1UE,0.49966034293174744,skin,skin,True
CVCL_0855,CVCL_0938,0.8791406154632568,fibroblast,fibroblast,True
CVCL_0855,CVCL_0891,0.8181529641151428,fibroblast,fibroblast,True
CVCL_0855,CVCL_3806,0.7999094724655151,fibroblast,fibroblast,True
CVCL_0855,CVCL_3605,0.7787097096443176,fibroblast,fibroblast,True
CVCL_0855,CVCL_0959,0.7716913819313049,fibroblast,fibroblast,True
CVCL_0855,CVCL_1038,0.7661694288253784,fibroblast,fibroblast,True
CVCL_0855,CVCL_0932,0.7397925853729248,fibroblast,fibroblast,True
CVCL_0855,CVCL_0878,0.7289819121360779,fibroblast,fibroblast,True
CVCL_0855,CVCL_1740,0.7199622392654419,fibroblast,fibroblast,True
CVCL_0855,CVCL_0966,0.7143550515174866,fibroblast,fibroblast,True
CVCL_0855,CVCL_0933,0.704920768737793,fibroblast,fibroblast,True
CVCL_0855,CVCL_1031,0.6957147717475891,fibroblast,fibroblast,True
CVCL_0863,CVCL_0932,0.6037622690200806,fibroblast,fibroblast,True
CVCL_0863,CVCL_0878,0.5850824117660522,fibroblast,fibroblast,True
CVCL_0863,CVCL_0715,0.5540714859962463,fibroblast,fibroblast,True
CVCL_0863,CVCL_0882,0.5491271018981934,fibroblast,fibroblast,True
CVCL_0863,CVCL_0966,0.5434191226959229,fibroblast,fibroblast,True
CVCL_0863,CVCL_3605,0.5370318293571472,fibroblast,fibroblast,True
CVCL_0863,CVCL_2955,0.5336123108863831,fibroblast,bile_duct,False
CVCL_0863,CVCL_0814,0.528528094291687,fibroblast,fibroblast,True
CVCL_0863,CVCL_0846,0.5168964862823486,fibroblast,fibroblast,True
CVCL_0863,CVCL_2182,0.5077695250511169,fibroblast,fibroblast,True
CVCL_0863,CVCL_0888,0.5075632929801941,fibroblast,fibroblast,True
CVCL_0863,CVCL_0891,0.5070198774337769,fibroblast,fibroblast,True
CVCL_0863,CVCL_1031,0.504904568195343,fibroblast,fibroblast,True
CVCL_0863,CVCL_0993,0.5034821033477783,fibroblast,fibroblast,True
CVCL_0871,CVCL_3806,0.6483350992202759,soft_tissue,fibroblast,False
CVCL_0871,CVCL_0814,0.635589599609375,soft_tissue,fibroblast,False
CVCL_0871,CVCL_0966,0.6296018958091736,soft_tissue,fibroblast,False
CVCL_0871,CVCL_0891,0.6249858140945435,soft_tissue,fibroblast,False
CVCL_0871,CVCL_0825,0.6095355749130249,soft_tissue,fibroblast,False
CVCL_0871,CVCL_0846,0.607974112033844,soft_tissue,fibroblast,False
CVCL_0871,CVCL_0933,0.6020973324775696,soft_tissue,fibroblast,False
CVCL_0871,CVCL_0959,0.5955013632774353,soft_tissue,fibroblast,False
CVCL_0871,CVCL_1038,0.5948162078857422,soft_tissue,fibroblast,False
CVCL_0871,CVCL_0882,0.5885367393493652,soft_tissue,fibroblast,False
CVCL_0871,CVCL_1809,0.5811183452606201,soft_tissue,bone,False
CVCL_0871,CVCL_0698,0.5793615579605103,soft_tissue,fibroblast,False
CVCL_0871,CVCL_1031,0.5761772990226746,soft_tissue,fibroblast,False
CVCL_0871,CVCL_1743,0.5703152418136597,soft_tissue,fibroblast,False
CVCL_0871,CVCL_0941,0.569715678691864,soft_tissue,fibroblast,False
CVCL_0878,CVCL_3605,0.8831892609596252,fibroblast,fibroblast,True
CVCL_0878,CVCL_0928,0.8462902307510376,fibroblast,fibroblast,True
CVCL_0878,CVCL_1031,0.8380898833274841,fibroblast,fibroblast,True
CVCL_0878,CVCL_0941,0.8287549018859863,fibroblast,fibroblast,True
CVCL_0878,CVCL_A1UX,0.8264034986495972,fibroblast,bone,False
CVCL_0878,CVCL_0933,0.8094115853309631,fibroblast,fibroblast,True
CVCL_0878,CVCL_0891,0.7901648283004761,fibroblast,fibroblast,True
CVCL_0878,CVCL_0882,0.7818236351013184,fibroblast,fibroblast,True
CVCL_0878,CVCL_0959,0.7782468199729919,fibroblast,fibroblast,True
CVCL_0878,CVCL_0932,0.7757092118263245,fibroblast,fibroblast,True
CVCL_0878,CVCL_0966,0.76813143491745,fibroblast,fibroblast,True
CVCL_0882,CVCL_0888,0.8410503268241882,fibroblast,fibroblast,True
CVCL_0882,CVCL_0928,0.765181303024292,fibroblast,fibroblast,True
CVCL_0882,CVCL_1031,0.7644686102867126,fibroblast,fibroblast,True
CVCL_0882,CVCL_3605,0.761784017086029,fibroblast,fibroblast,True
CVCL_0882,CVCL_0814,0.749147891998291,fibroblast,fibroblast,True
CVCL_0882,CVCL_0941,0.7358178496360779,fibroblast,fibroblast,True
CVCL_0882,CVCL_0942,0.734203577041626,fibroblast,fibroblast,True
CVCL_0882,CVCL_0933,0.7285194396972656,fibroblast,fibroblast,True
CVCL_0882,CVCL_0993,0.7270215153694153,fibroblast,fibroblast,True
CVCL_0888,CVCL_0814,0.7612465620040894,fibroblast,fibroblast,True
CVCL_0888,CVCL_0878,0.7533823847770691,fibroblast,fibroblast,True
CVCL_0888,CVCL_3605,0.7436935305595398,fibroblast,fibroblast,True
CVCL_0888,CVCL_0928,0.7261594533920288,fibroblast,fibroblast,True
CVCL_0888,CVCL_1031,0.7079591155052185,fibroblast,fibroblast,True
CVCL_0888,CVCL_0993,0.7048748135566711,fibroblast,fibroblast,True
CVCL_0888,CVCL_0825,0.7005777359008789,fibroblast,fibroblast,True
CVCL_0888,CVCL_A1UX,0.690713107585907,fibroblast,bone,False
CVCL_0888,CVCL_0942,0.6901168823242188,fibroblast,fibroblast,True
CVCL_0888,CVCL_0933,0.6860894560813904,fibroblast,fibroblast,True
CVCL_0891,CVCL_1038,0.8685043454170227,fibroblast,fibroblast,True
CVCL_0891,CVCL_0959,0.8504617214202881,fibroblast,fibroblast,True
CVCL_0891,CVCL_3806,0.8183725476264954,fibroblast,fibroblast,True
CVCL_0891,CVCL_3605,0.8160808682441711,fibroblast,fibroblast,True
CVCL_0891,CVCL_0938,0.81371009349823,fibroblast,fibroblast,True
CVCL_0891,CVCL_0966,0.8050052523612976,fibroblast,fibroblast,True
CVCL_0891,CVCL_0932,0.797139048576355,fibroblast,fibroblast,True
CVCL_0891,CVCL_1031,0.7490895986557007,fibroblast,fibroblast,True
CVCL_0891,CVCL_1740,0.7454211115837097,fibroblast,fibroblast,True
CVCL_0891,CVCL_0933,0.733839750289917,fibroblast,fibroblast,True
CVCL_0928,CVCL_1031,0.9119270443916321,fibroblast,fibroblast,True
CVCL_0928,CVCL_0941,0.8994696736335754,fibroblast,fibroblast,True
CVCL_0928,CVCL_3605,0.8871906399726868,fibroblast,fibroblast,True
CVCL_0928,CVCL_0933,0.8871136903762817,fibroblast,fibroblast,True
CVCL_0928,CVCL_A1UX,0.8663365244865417,fibroblast,bone,False
CVCL_0928,CVCL_1743,0.825732946395874,fibroblast,fibroblast,True
CVCL_0928,CVCL_3806,0.8084506988525391,fibroblast,fibroblast,True
CVCL_0928,CVCL_1740,0.7747299075126648,fibroblast,fibroblast,True
CVCL_0928,CVCL_0966,0.7645062804222107,fibroblast,fibroblast,True
CVCL_0928,CVCL_0959,0.7411825060844421,fibroblast,fibroblast,True
CVCL_0932,CVCL_3605,0.8003450632095337,fibroblast,fibroblast,True
CVCL_0932,CVCL_0959,0.7854512929916382,fibroblast,fibroblast,True
CVCL_0932,CVCL_1038,0.7556465864181519,fibroblast,fibroblast,True
CVCL_0932,CVCL_3806,0.7471514344215393,fibroblast,fibroblast,True
CVCL_0932,CVCL_0814,0.7452796697616577,fibroblast,fibroblast,True
CVCL_0932,CVCL_1740,0.7392091751098633,fibroblast,fibroblast,True
CVCL_0932,CVCL_0933,0.7275911569595337,fibroblast,fibroblast,True
CVCL_0932,CVCL_0966,0.7236889004707336,fibroblast,fibroblast,True
CVCL_0932,CVCL_0938,0.7214047908782959,fibroblast,fibroblast,True
CVCL_0932,CVCL_0941,0.6982613205909729,fibroblast,fibroblast,True
CVCL_0933,CVCL_3605,0.8692821860313416,fibroblast,fibroblast,True
CVCL_0933,CVCL_0941,0.8594648838043213,fibroblast,fibroblast,True
CVCL_0933,CVCL_1031,0.8575772047042847,fibroblast,fibroblast,True
CVCL_0933,CVCL_3806,0.8370811343193054,fibroblast,fibroblast,True
CVCL_0933,CVCL_1743,0.8154363632202148,fibroblast,fibroblast,True
CVCL_0933,CVCL_A1UX,0.8126643896102905,fibroblast,bone,False
CVCL_0933,CVCL_1740,0.8095752596855164,fibroblast,fibroblast,True
CVCL_0933,CVCL_0959,0.7919783592224121,fibroblast,fibroblast,True
CVCL_0933,CVCL_0966,0.7618914246559143,fibroblast,fibroblast,True
CVCL_0938,CVCL_0959,0.804818332195282,fibroblast,fibroblast,True
CVCL_0938,CVCL_3806,0.7891449928283691,fibroblast,fibroblast,True
CVCL_0938,CVCL_1038,0.7682000994682312,fibroblast,fibroblast,True
CVCL_0938,CVCL_3605,0.7572373747825623,fibroblast,fibroblast,True
CVCL_0938,CVCL_1740,0.7307851910591125,fibroblast,fibroblast,True
CVCL_0938,CVCL_0933,0.7048829197883606,fibroblast,fibroblast,True
CVCL_0938,CVCL_0966,0.7007102370262146,fibroblast,fibroblast,True
CVCL_0938,CVCL_0878,0.6833913922309875,fibroblast,fibroblast,True
CVCL_0938,CVCL_1031,0.6827149987220764,fibroblast,fibroblast,True
CVCL_0941,CVCL_1031,0.9060691595077515,fibroblast,fibroblast,True
CVCL_0941,CVCL_3605,0.8622696399688721,fibroblast,fibroblast,True
CVCL_0941,CVCL_A1UX,0.8537091016769409,fibroblast,bone,False
CVCL_0941,CVCL_1743,0.8499619960784912,fibroblast,fibroblast,True
CVCL_0941,CVCL_3806,0.8069594502449036,fibroblast,fibroblast,True
CVCL_0941,CVCL_1740,0.8041924834251404,fibroblast,fibroblast,True
CVCL_0941,CVCL_0966,0.7565498352050781,fibroblast,fibroblast,True
CVCL_0941,CVCL_0959,0.747409999370575,fibroblast,fibroblast,True
CVCL_0942,CVCL_0993,0.7760269641876221,fibroblast,fibroblast,True
CVCL_0942,CVCL_0979,0.7622514963150024,fibroblast,fibroblast,True
CVCL_0942,CVCL_2019,0.7618387341499329,fibroblast,fibroblast,True
CVCL_0942,CVCL_2255,0.7436871528625488,fibroblast,fibroblast,True
CVCL_0942,CVCL_0726,0.7206567525863647,fibroblast,fibroblast,True
CVCL_0942,CVCL_0846,0.7101058959960938,fibroblast,fibroblast,True
CVCL_0942,CVCL_0957,0.7003326416015625,fibroblast,bone,False
CVCL_0942,CVCL_2182,0.6984323859214783,fibroblast,fibroblast,True
CVCL_0942,CVCL_0878,0.6865620613098145,fibroblast,fibroblast,True
CVCL_0950,CVCL_A1UE,0.6172683238983154,skin,skin,True
CVCL_0950,CVCL_2606,0.6018584966659546,skin,skin,True
CVCL_0950,CVCL_0040,0.5994142293930054,skin,skin,True
CVCL_0950,CVCL_1097,0.587671160697937,skin,skin,True
CVCL_0950,CVCL_0318,0.5760089159011841,skin,skin,True
CVCL_0950,CVCL_1036,0.5725081562995911,skin,skin,True
CVCL_0950,CVCL_0600,0.5598340034484863,skin,skin,True
CVCL_0950,CVCL_2408,0.551293134689331,skin,skin,True
CVCL_0950,CVCL_1672,0.5491408109664917,skin,skin,True
CVCL_0950,CVCL_A1VJ,0.5415242910385132,skin,skin,True
CVCL_0950,CVCL_0599,0.541022777557373,skin,skin,True
CVCL_0950,CVCL_6809,0.5346076488494873,skin,skin,True
CVCL_0950,CVCL_8787,0.5210190415382385,skin,skin,True
CVCL_0950,CVCL_2950,0.5207096338272095,skin,skin,True
CVCL_0950,CVCL_A341,0.518712043762207,skin,skin,True
CVCL_0957,CVCL_2255,0.7800251841545105,bone,fibroblast,False
CVCL_0957,CVCL_0993,0.7762712836265564,bone,fibroblast,False
CVCL_0957,CVCL_0979,0.7744726538658142,bone,fibroblast,False
CVCL_0957,CVCL_2182,0.763314962387085,bone,fibroblast,False
CVCL_0957,CVCL_2019,0.7017399072647095,bone,fibroblast,False
CVCL_0957,CVCL_0698,0.6367420554161072,bone,fibroblast,False
CVCL_0957,CVCL_0882,0.6300519108772278,bone,fibroblast,False
CVCL_0957,CVCL_0878,0.6285697817802429,bone,fibroblast,False
CVCL_0957,CVCL_V617,0.6272156834602356,bone,fibroblast,False
CVCL_0957,CVCL_A1UX,0.6220070719718933,bone,bone,True
CVCL_0957,CVCL_0814,0.621454656124115,bone,fibroblast,False
CVCL_0959,CVCL_0966,0.8246448040008545,fibroblast,fibroblast,True
CVCL_0959,CVCL_3806,0.818152129650116,fibroblast,fibroblast,True
CVCL_0959,CVCL_3605,0.8121022582054138,fibroblast,fibroblast,True
CVCL_0959,CVCL_1038,0.8017313480377197,fibroblast,fibroblast,True
CVCL_0959,CVCL_1031,0.7851227521896362,fibroblast,fibroblast,True
CVCL_0959,CVCL_1740,0.7541490793228149,fibroblast,fibroblast,True
CVCL_0966,CVCL_1031,0.8239469528198242,fibroblast,fibroblast,True
CVCL_0966,CVCL_3806,0.7978450059890747,fibroblast,fibroblast,True
CVCL_0966,CVCL_3605,0.7965149879455566,fibroblast,fibroblast,True
CVCL_0966,CVCL_1038,0.7490092515945435,fibroblast,fibroblast,True
CVCL_0966,CVCL_A1UX,0.7342624664306641,fibroblast,bone,False
CVCL_0966,CVCL_1740,0.7253158092498779,fibroblast,fibroblast,True
CVCL_0979,CVCL_0993,0.7979500889778137,fibroblast,fibroblast,True
CVCL_0979,CVCL_2019,0.7847429513931274,fibroblast,fibroblast,True
CVCL_0979,CVCL_V617,0.716526210308075,fibroblast,fibroblast,True
CVCL_0979,CVCL_2255,0.7073196768760681,fibroblast,fibroblast,True
CVCL_0979,CVCL_2182,0.6948240995407104,fibroblast,fibroblast,True
CVCL_0979,CVCL_0882,0.6876919269561768,fibroblast,fibroblast,True
CVCL_0979,CVCL_0715,0.6745539903640747,fibroblast,fibroblast,True
CVCL_0979,CVCL_0846,0.6737051606178284,fibroblast,fibroblast,True
CVCL_0979,CVCL_0726,0.671535074710846,fibroblast,fibroblast,True
CVCL_0979,CVCL_0878,0.6664854288101196,fibroblast,fibroblast,True
CVCL_0993,CVCL_2182,0.828343391418457,fibroblast,fibroblast,True
CVCL_0993,CVCL_2019,0.8255526423454285,fibroblast,fibroblast,True
CVCL_0993,CVCL_2255,0.782559335231781,fibroblast,fibroblast,True
CVCL_0993,CVCL_0878,0.7103197574615479,fibroblast,fibroblast,True
CVCL_0993,CVCL_V617,0.7029505968093872,fibroblast,fibroblast,True
CVCL_0993,CVCL_0726,0.6974554657936096,fibroblast,fibroblast,True
CVCL_0993,CVCL_0966,0.6896100640296936,fibroblast,fibroblast,True
CVCL_0B48,CVCL_F531,0.7062046527862549,bone,bone,True
CVCL_0B48,CVCL_M150,0.6995391845703125,bone,bone,True
CVCL_0B48,CVCL_2213,0.6942090392112732,bone,bone,True
CVCL_0B48,CVCL_V618,0.6939684748649597,bone,bone,True
CVCL_0B48,CVCL_0B50,0.6877977848052979,bone,bone,True
CVCL_0B48,CVCL_S740,0.6868249177932739,bone,bone,True
CVCL_0B48,CVCL_3177,0.6748751401901245,bone,peripheral_nervous_system,False
CVCL_0B48,CVCL_1411,0.6375887393951416,bone,bone,True
CVCL_0B48,CVCL_6583,0.6364689469337463,bone,bone,True
CVCL_0B48,CVCL_4Z30,0.635785698890686,bone,bone,True
CVCL_0B48,CVCL_0631,0.6306129097938538,bone,bone,True
CVCL_0B48,CVCL_4Z31,0.616264283657074,bone,bone,True
CVCL_0B49,CVCL_6809,0.3013756573200226,central_nervous_system,skin,False
CVCL_0B49,CVCL_A1UE,0.2991301417350769,central_nervous_system,skin,False
CVCL_0B49,CVCL_1174,0.2973189651966095,central_nervous_system,lung,False
CVCL_0B49,CVCL_3317,0.2971123158931732,central_nervous_system,skin,False
CVCL_0B49,CVCL_1059,0.28513631224632263,central_nervous_system,skin,False
CVCL_0B49,CVCL_1403,0.2848103642463684,central_nervous_system,skin,False
CVCL_0B49,CVCL_8607,0.28373587131500244,central_nervous_system,eye,False
CVCL_0B49,CVCL_1755,0.28288185596466064,central_nervous_system,soft_tissue,False
CVCL_0B49,CVCL_1122,0.28016695380210876,central_nervous_system,skin,False
CVCL_0B49,CVCL_C301,0.27794286608695984,central_nervous_system,eye,False
CVCL_0B49,CVCL_5064,0.27733248472213745,central_nervous_system,central_nervous_system,True
CVCL_0B49,CVCL_2606,0.2715148329734802,central_nervous_system,skin,False
CVCL_0B49,CVCL_0533,0.27047938108444214,central_nervous_system,soft_tissue,False
CVCL_0B49,CVCL_1097,0.263775497674942,central_nervous_system,skin,False
CVCL_0B49,CVCL_0040,0.2602319121360779,central_nervous_system,skin,False
CVCL_0B50,CVCL_4Z30,0.7818676829338074,bone,bone,True
CVCL_0B50,CVCL_6583,0.7744937539100647,bone,bone,True
CVCL_0B50,CVCL_M151,0.7644438147544861,bone,bone,True
CVCL_0B50,CVCL_V618,0.762140154838562,bone,bone,True
CVCL_0B50,CVCL_F531,0.749119222164154,bone,bone,True
CVCL_0B50,CVCL_M150,0.7321916818618774,bone,bone,True
CVCL_0B50,CVCL_S740,0.7265071272850037,bone,bone,True
CVCL_0B50,CVCL_2213,0.70271235704422,bone,bone,True
CVCL_0B50,CVCL_2169,0.6986759901046753,bone,bone,True
CVCL_0B50,CVCL_X981,0.6948728561401367,bone,bone,True
CVCL_0B50,CVCL_3177,0.6853668093681335,bone,peripheral_nervous_system,False
CVCL_0B81,CVCL_C301,0.7645809650421143,eye,eye,True
CVCL_0B81,CVCL_4D13,0.7602934241294861,eye,eye,True
CVCL_0B81,CVCL_8607,0.7453368306159973,eye,eye,True
CVCL_0B81,CVCL_C307,0.6558887958526611,eye,eye,True
CVCL_0B81,CVCL_C297,0.6402428150177002,eye,unknown,False
CVCL_0B81,CVCL_C302,0.6229206323623657,eye,eye,True
CVCL_0B81,CVCL_1133,0.6014994382858276,eye,skin,False
CVCL_0B81,CVCL_0550,0.5905068516731262,eye,skin,False
CVCL_0B81,CVCL_5951,0.5846557021141052,eye,skin,False
CVCL_0B81,CVCL_1282,0.5770554542541504,eye,skin,False
CVCL_0B81,CVCL_1779,0.5721402764320374,eye,skin,False
CVCL_0B81,CVCL_0039,0.5705680847167969,eye,skin,False
CVCL_0B81,CVCL_2610,0.5574647784233093,eye,skin,False
CVCL_0B81,CVCL_2607,0.5448365211486816,eye,skin,False
CVCL_0B81,CVCL_0445,0.5430821180343628,eye,skin,False
CVCL_0D73,CVCL_Y548,0.8761113882064819,blood,blood,True
CVCL_0D73,CVCL_Y549,0.7806487679481506,blood,blood,True
CVCL_0D73,CVCL_1319,0.7804633975028992,blood,lymphocyte,False
CVCL_0D73,CVCL_1320,0.7757871150970459,blood,blood,True
CVCL_0D73,CVCL_3386,0.7491225600242615,blood,plasma_cell,False
CVCL_0D73,CVCL_4613,0.7421879172325134,blood,blood,True
CVCL_0D73,CVCL_Y547,0.7268999218940735,blood,blood,True
CVCL_0D73,CVCL_1870,0.720633327960968,blood,blood,True
CVCL_0D73,CVCL_1194,0.7088583707809448,blood,lymphocyte,False
CVCL_0D73,CVCL_2526,0.6916825175285339,blood,plasma_cell,False
CVCL_0D73,CVCL_1818,0.6912509799003601,blood,lymphocyte,False
CVCL_0D73,CVCL_2027,0.6538406014442444,blood,lymphocyte,False
CVCL_0D73,CVCL_1861,0.6378554105758667,blood,lymphocyte,False
CVCL_0D73,CVCL_3169,0.6346632838249207,blood,lymphocyte,False
CVCL_1031,CVCL_3605,0.880902886390686,fibroblast,fibroblast,True
CVCL_1031,CVCL_1743,0.8483458161354065,fibroblast,fibroblast,True
CVCL_1031,CVCL_A1UX,0.8416752815246582,fibroblast,bone,False
CVCL_1031,CVCL_3806,0.8162943720817566,fibroblast,fibroblast,True
CVCL_1033,CVCL_2075,0.7580835819244385,skin,skin,True
CVCL_1033,CVCL_1133,0.715860903263092,skin,skin,True
CVCL_1033,CVCL_1779,0.7108533978462219,skin,skin,True
CVCL_1033,CVCL_2605,0.7048962712287903,skin,skin,True
CVCL_1033,CVCL_0445,0.6913185715675354,skin,skin,True
CVCL_1033,CVCL_6025,0.6877174973487854,skin,skin,True
CVCL_1033,CVCL_1220,0.6798551082611084,skin,skin,True
CVCL_1033,CVCL_0526,0.6793236136436462,skin,skin,True
CVCL_1033,CVCL_0527,0.6783406734466553,skin,skin,True
CVCL_1033,CVCL_1402,0.6768398284912109,skin,skin,True
CVCL_1033,CVCL_1303,0.6743053793907166,skin,skin,True
CVCL_1033,CVCL_2609,0.6737416386604309,skin,skin,True
CVCL_1033,CVCL_D828,0.6571050882339478,skin,skin,True
CVCL_1033,CVCL_2607,0.6550225019454956,skin,skin,True
CVCL_1036,CVCL_A341,0.7509222626686096,skin,skin,True
CVCL_1036,CVCL_2408,0.7446115612983704,skin,skin,True
CVCL_1036,CVCL_1135,0.7342765927314758,skin,skin,True
CVCL_1036,CVCL_1438,0.7319732904434204,skin,skin,True
CVCL_1036,CVCL_2610,0.7158750295639038,skin,skin,True
CVCL_1036,CVCL_2608,0.7158651351928711,skin,skin,True
CVCL_1036,CVCL_1307,0.7127985954284668,skin,skin,True
CVCL_1036,CVCL_B4KU,0.712219774723053,skin,skin,True
CVCL_1036,CVCL_1137,0.7069951891899109,skin,skin,True
CVCL_1036,CVCL_1692,0.7060568332672119,skin,skin,True
CVCL_1036,CVCL_1097,0.7057127952575684,skin,skin,True
CVCL_1036,CVCL_3962,0.7050920128822327,skin,central_nervous_system,False
CVCL_1036,CVCL_0527,0.7022206783294678,skin,skin,True
CVCL_1036,CVCL_1403,0.6978341937065125,skin,skin,True
CVCL_1038,CVCL_3806,0.7847818732261658,fibroblast,fibroblast,True
CVCL_1038,CVCL_0814,0.7590211629867554,fibroblast,fibroblast,True
CVCL_1038,CVCL_3605,0.7394999265670776,fibroblast,fibroblast,True
CVCL_1038,CVCL_0878,0.7292015552520752,fibroblast,fibroblast,True
CVCL_1038,CVCL_1740,0.7000104784965515,fibroblast,fibroblast,True
CVCL_1038,CVCL_0933,0.6968055963516235,fibroblast,fibroblast,True
CVCL_1038,CVCL_1031,0.6690293550491333,fibroblast,fibroblast,True
CVCL_1040,CVCL_1057,0.6717971563339233,skin,skin,True
CVCL_1040,CVCL_1036,0.6675843000411987,skin,skin,True
CVCL_1040,CVCL_1059,0.6481197476387024,skin,skin,True
CVCL_1040,CVCL_A341,0.6295762658119202,skin,skin,True
CVCL_1040,CVCL_6805,0.5926110148429871,skin,skin,True
CVCL_1040,CVCL_0318,0.5922825932502747,skin,skin,True
CVCL_1040,CVCL_1097,0.5864760875701904,skin,skin,True
CVCL_1040,CVCL_2609,0.5741175413131714,skin,skin,True
CVCL_1040,CVCL_2604,0.5733683705329895,skin,skin,True
CVCL_1040,CVCL_2408,0.5721473693847656,skin,skin,True
CVCL_1040,CVCL_1137,0.5702537894248962,skin,skin,True
CVCL_1040,CVCL_8787,0.5661700367927551,skin,skin,True
CVCL_1045,CVCL_2235,0.49726784229278564,prostate,prostate,True
CVCL_1045,CVCL_1379,0.4639144539833069,prostate,prostate,True
CVCL_1045,CVCL_4748,0.452413409948349,prostate,prostate,True
CVCL_1045,CVCL_1565,0.3979368507862091,prostate,lung,False
CVCL_1045,CVCL_1082,0.3897663950920105,prostate,lung,False
CVCL_1045,CVCL_1590,0.38907504081726074,prostate,lung,False
CVCL_1045,CVCL_1391,0.38894981145858765,prostate,lung,False
CVCL_1045,CVCL_2438,0.38820329308509827,prostate,lung,False
CVCL_1045,CVCL_1177,0.3875676095485687,prostate,lung,False
CVCL_1045,CVCL_1487,0.3831652104854584,prostate,lung,False
CVCL_1045,CVCL_0024,0.381878137588501,prostate,lung,False
CVCL_1045,CVCL_1522,0.38080719113349915,prostate,lung,False
CVCL_1045,CVCL_1525,0.376481294631958,prostate,lung,False
CVCL_1045,CVCL_1466,0.37536758184432983,prostate,lung,False
CVCL_1045,CVCL_1458,0.37471672892570496,prostate,lung,False
CVCL_1046,CVCL_5098,0.5630808472633362,gastric,colorectal,False
CVCL_1046,CVCL_1622,0.5428021550178528,gastric,esophagus,False
CVCL_1046,CVCL_2961,0.5267599821090698,gastric,gastric,True
CVCL_1046,CVCL_8877,0.5168105363845825,gastric,gastric,True
CVCL_1046,CVCL_0076,0.5006592273712158,gastric,gastric,True
CVCL_1046,CVCL_5111,0.49020814895629883,gastric,colorectal,False
CVCL_1046,CVCL_4645,0.4790169894695282,gastric,ovary,False
CVCL_1046,CVCL_1980,0.4771839678287506,gastric,colorectal,False
CVCL_1046,CVCL_9980,0.4718393385410309,gastric,colorectal,False
CVCL_1046,CVCL_0397,0.4616982042789459,gastric,colorectal,False
CVCL_1046,CVCL_4846,0.45923128724098206,gastric,gastric,True
CVCL_1046,CVCL_0399,0.45668238401412964,gastric,colorectal,False
CVCL_1046,CVCL_2520,0.4559468924999237,gastric,colorectal,False
CVCL_1046,CVCL_0101,0.4537343978881836,gastric,gastric,True
CVCL_1046,CVCL_2035,0.4536563754081726,gastric,esophagus,False
CVCL_1048,CVCL_2584,0.30747321248054504,urinary_tract,skin,False
CVCL_1048,CVCL_4W68,0.2937338948249817,urinary_tract,central_nervous_system,False
CVCL_1048,CVCL_1406,0.2904234528541565,urinary_tract,uterus,False
CVCL_1048,CVCL_1174,0.28956663608551025,urinary_tract,lung,False
CVCL_1048,CVCL_1689,0.28799673914909363,urinary_tract,central_nervous_system,False
CVCL_1048,CVCL_2270,0.28738388419151306,urinary_tract,bone,False
CVCL_1048,CVCL_5063,0.28183305263519287,urinary_tract,upper_aerodigestive,False
CVCL_1048,CVCL_1727,0.2815362513065338,urinary_tract,cervix,False
CVCL_1048,CVCL_2585,0.2784484326839447,urinary_tract,skin,False
CVCL_1048,CVCL_1Y70,0.27765780687332153,urinary_tract,peripheral_nervous_system,False
CVCL_1048,CVCL_YU13,0.27226245403289795,urinary_tract,peripheral_nervous_system,False
CVCL_1048,CVCL_4402,0.27133437991142273,urinary_tract,lung,False
CVCL_1048,CVCL_3336,0.26630717515945435,urinary_tract,esophagus,False
CVCL_1048,CVCL_0312,0.26366743445396423,urinary_tract,bone,False
CVCL_1048,CVCL_1577,0.26283979415893555,urinary_tract,lung,False
CVCL_1049,CVCL_1652,0.4831257462501526,urinary_tract,lung,False
CVCL_1049,CVCL_1523,0.47597965598106384,urinary_tract,lung,False
CVCL_1049,CVCL_1291,0.46954917907714844,urinary_tract,urinary_tract,True
CVCL_1049,CVCL_V613,0.4561208188533783,urinary_tract,central_nervous_system,False
CVCL_1049,CVCL_1105,0.41426029801368713,urinary_tract,lung,False
CVCL_1049,CVCL_4717,0.4113338589668274,urinary_tract,pancreas,False
CVCL_1049,CVCL_1417,0.40379175543785095,urinary_tract,gastric,False
CVCL_1049,CVCL_8930,0.3961014747619629,urinary_tract,upper_aerodigestive,False
CVCL_1049,CVCL_1095,0.39474764466285706,urinary_tract,cervix,False
CVCL_1049,CVCL_0126,0.3928762972354889,urinary_tract,urinary_tract,True
CVCL_1049,CVCL_3158,0.377512127161026,urinary_tract,ovary,False
CVCL_1049,CVCL_5034,0.371073842048645,urinary_tract,pancreas,False
CVCL_1049,CVCL_0505,0.37052059173583984,urinary_tract,uterus,False
CVCL_1049,CVCL_1288,0.37038737535476685,urinary_tract,upper_aerodigestive,False
CVCL_1049,CVCL_1383,0.36609169840812683,urinary_tract,colorectal,False
CVCL_1050,CVCL_5957,0.6403506994247437,kidney,kidney,True
CVCL_1050,CVCL_1721,0.638411283493042,kidney,urinary_tract,False
CVCL_1050,CVCL_1791,0.6343427896499634,kidney,kidney,True
CVCL_1050,CVCL_2984,0.6267714500427246,kidney,kidney,True
CVCL_1050,CVCL_1111,0.6217479705810547,kidney,kidney,True
CVCL_1050,CVCL_V607,0.6171842813491821,kidney,kidney,True
CVCL_1050,CVCL_1555,0.610859215259552,kidney,lung,False
CVCL_1050,CVCL_8788,0.6064910292625427,kidney,kidney,True
CVCL_1050,CVCL_V612,0.5984824299812317,kidney,kidney,True
CVCL_1050,CVCL_5953,0.5962211489677429,kidney,kidney,True
CVCL_1050,CVCL_V610,0.5926264524459839,kidney,kidney,True
CVCL_1050,CVCL_1719,0.5770657062530518,kidney,kidney,True
CVCL_1050,CVCL_7937,0.5692344903945923,kidney,urinary_tract,False
CVCL_1050,CVCL_2929,0.5647306442260742,kidney,uterus,False
CVCL_1050,CVCL_1067,0.5622590184211731,kidney,kidney,True
CVCL_1051,CVCL_1050,0.5580339431762695,kidney,kidney,True
CVCL_1051,CVCL_V612,0.5525860786437988,kidney,kidney,True
CVCL_1051,CVCL_1626,0.5419708490371704,kidney,kidney,True
CVCL_1051,CVCL_5953,0.5311858057975769,kidney,kidney,True
CVCL_1051,CVCL_B076,0.5139144062995911,kidney,kidney,True
CVCL_1051,CVCL_5952,0.5044933557510376,kidney,kidney,True
CVCL_1051,CVCL_2984,0.49995067715644836,kidney,kidney,True
CVCL_1051,CVCL_2983,0.49894145131111145,kidney,kidney,True
CVCL_1051,CVCL_1721,0.49101337790489197,kidney,urinary_tract,False
CVCL_1051,CVCL_5957,0.4893275797367096,kidney,kidney,True
CVCL_1051,CVCL_1555,0.46897318959236145,kidney,lung,False
CVCL_1051,CVCL_2742,0.4687388241291046,kidney,kidney,True
CVCL_1051,CVCL_6186,0.4687384366989136,kidney,kidney,True
CVCL_1051,CVCL_1067,0.4606480300426483,kidney,kidney,True
CVCL_1051,CVCL_1791,0.44858765602111816,kidney,kidney,True
CVCL_1052,CVCL_3954,0.5785458087921143,central_nervous_system,central_nervous_system,True
CVCL_1052,CVCL_2798,0.47632893919944763,central_nervous_system,central_nervous_system,True
CVCL_1052,CVCL_1688,0.4467337429523468,central_nervous_system,central_nervous_system,True
CVCL_1052,CVCL_1239,0.43055960536003113,central_nervous_system,central_nervous_system,True
CVCL_1052,CVCL_2447,0.42364975810050964,central_nervous_system,thyroid,False
CVCL_1052,CVCL_1167,0.4189589321613312,central_nervous_system,central_nervous_system,True
CVCL_1052,CVCL_1229,0.41621363162994385,central_nervous_system,soft_tissue,False
CVCL_1052,CVCL_1070,0.40381312370300293,central_nervous_system,central_nervous_system,True
CVCL_1052,CVCL_8718,0.39741626381874084,central_nervous_system,central_nervous_system,True
CVCL_1052,CVCL_0401,0.3917616009712219,central_nervous_system,central_nervous_system,True
CVCL_1052,CVCL_0844,0.3900984227657318,central_nervous_system,central_nervous_system,True
CVCL_1053,CVCL_3156,0.4690343737602234,thyroid,soft_tissue,False
CVCL_1053,CVCL_2588,0.4483380913734436,thyroid,colorectal,False
CVCL_1053,CVCL_1911,0.41564664244651794,thyroid,kidney,False
CVCL_1053,CVCL_8481,0.4091825485229492,thyroid,central_nervous_system,False
CVCL_1053,CVCL_1054,0.40461549162864685,thyroid,thyroid,True
CVCL_1053,CVCL_3603,0.40136420726776123,thyroid,thyroid,True
CVCL_1053,CVCL_2856,0.3929709196090698,thyroid,thyroid,True
CVCL_1053,CVCL_1229,0.39290934801101685,thyroid,soft_tissue,False
CVCL_1053,CVCL_1381,0.3919340968132019,thyroid,skin,False
CVCL_1053,CVCL_5128,0.38454654812812805,thyroid,lung,False
CVCL_1053,CVCL_1070,0.3761363625526428,thyroid,central_nervous_system,False
CVCL_1053,CVCL_YU13,0.3730370104312897,thyroid,peripheral_nervous_system,False
CVCL_1053,CVCL_1R17,0.37281495332717896,thyroid,central_nervous_system,False
CVCL_1054,CVCL_1070,0.41005179286003113,thyroid,central_nervous_system,False
CVCL_1054,CVCL_2588,0.38988196849823,thyroid,colorectal,False
CVCL_1054,CVCL_5128,0.3827943205833435,thyroid,lung,False
CVCL_1054,CVCL_1734,0.379692018032074,thyroid,soft_tissue,False
CVCL_1054,CVCL_8481,0.366385281085968,thyroid,central_nervous_system,False
CVCL_1054,CVCL_1229,0.3630606234073639,thyroid,soft_tissue,False
CVCL_1054,CVCL_1381,0.3588683605194092,thyroid,skin,False
CVCL_1054,CVCL_0366,0.3498370945453644,thyroid,liver,False
CVCL_1054,CVCL_8878,0.3382282257080078,thyroid,ovary,False
CVCL_1054,CVCL_2590,0.3338627517223358,thyroid,lung,False
CVCL_1054,CVCL_1518,0.33177611231803894,thyroid,lung,False
CVCL_1054,CVCL_V606,0.32631564140319824,thyroid,urinary_tract,False
CVCL_1055,CVCL_1575,0.3844311237335205,lung,lung,True
CVCL_1055,CVCL_1301,0.3615776300430298,lung,gastric,False
CVCL_1055,CVCL_2947,0.3573814034461975,lung,liver,False
CVCL_1055,CVCL_1490,0.3313569128513336,lung,lung,True
CVCL_1055,CVCL_1094,0.3299229145050049,lung,cervix,False
CVCL_1055,CVCL_1724,0.31434211134910583,lung,colorectal,False
CVCL_1055,CVCL_1547,0.3113432824611664,lung,lung,True
CVCL_1055,CVCL_1174,0.3030327260494232,lung,lung,True
CVCL_1055,CVCL_3959,0.3017331659793854,lung,central_nervous_system,False
CVCL_1055,CVCL_3007,0.29786741733551025,lung,soft_tissue,False
CVCL_1055,CVCL_1556,0.29067298769950867,lung,lung,True
CVCL_1055,CVCL_1679,0.28061604499816895,lung,lung,True
CVCL_1055,CVCL_1479,0.2803593873977661,lung,lung,True
CVCL_1055,CVCL_0542,0.279093861579895,lung,adrenal_cortex,False
CVCL_1055,CVCL_0077,0.27892768383026123,lung,liver,False
CVCL_1056,CVCL_2986,0.605293333530426,kidney,kidney,True
CVCL_1056,CVCL_1719,0.5623416900634766,kidney,kidney,True
CVCL_1056,CVCL_V607,0.5544775128364563,kidney,kidney,True
CVCL_1056,CVCL_1721,0.5267340540885925,kidney,urinary_tract,False
CVCL_1056,CVCL_6186,0.5265747308731079,kidney,kidney,True
CVCL_1056,CVCL_1050,0.5241763591766357,kidney,kidney,True
CVCL_1056,CVCL_1065,0.52390056848526,kidney,kidney,True
CVCL_1056,CVCL_5957,0.5150564312934875,kidney,kidney,True
CVCL_1056,CVCL_B076,0.5049613118171692,kidney,kidney,True
CVCL_1056,CVCL_V610,0.5005096793174744,kidney,kidney,True
CVCL_1056,CVCL_1111,0.49973031878471375,kidney,kidney,True
CVCL_1056,CVCL_2984,0.4991156756877899,kidney,kidney,True
CVCL_1056,CVCL_7935,0.4923924505710602,kidney,urinary_tract,False
CVCL_1057,CVCL_6805,0.6855246424674988,skin,skin,True
CVCL_1057,CVCL_1036,0.6738548874855042,skin,skin,True
CVCL_1057,CVCL_1780,0.6707174777984619,skin,skin,True
CVCL_1057,CVCL_A341,0.6646775007247925,skin,skin,True
CVCL_1057,CVCL_A1VJ,0.6565716862678528,skin,skin,True
CVCL_1057,CVCL_1097,0.6365007162094116,skin,skin,True
CVCL_1057,CVCL_2408,0.634865403175354,skin,skin,True
CVCL_1057,CVCL_2765,0.6329176425933838,skin,skin,True
CVCL_1057,CVCL_1137,0.6261308789253235,skin,skin,True
CVCL_1057,CVCL_1403,0.6170641779899597,skin,skin,True
CVCL_1058,CVCL_8005,0.3664606213569641,soft_tissue,soft_tissue,True
CVCL_1058,CVCL_WS70,0.3548034727573395,soft_tissue,soft_tissue,True
CVCL_1058,CVCL_VU69,0.3486424386501312,soft_tissue,ovary,False
CVCL_1058,CVCL_V616,0.3446624279022217,soft_tissue,central_nervous_system,False
CVCL_1058,CVCL_0077,0.33179041743278503,soft_tissue,liver,False
CVCL_1058,CVCL_0134,0.3294893801212311,soft_tissue,ovary,False
CVCL_1058,CVCL_8002,0.32532256841659546,soft_tissue,soft_tissue,True
CVCL_1058,CVCL_1174,0.31697484850883484,soft_tissue,lung,False
CVCL_1058,CVCL_1567,0.31355172395706177,soft_tissue,lung,False
CVCL_1058,CVCL_1754,0.3004212975502014,soft_tissue,soft_tissue,True
CVCL_1058,CVCL_7051,0.29530635476112366,soft_tissue,soft_tissue,True
CVCL_1058,CVCL_8001,0.2949153184890747,soft_tissue,soft_tissue,True
CVCL_1058,CVCL_1Y70,0.2870346009731293,soft_tissue,peripheral_nervous_system,False
CVCL_1058,CVCL_1755,0.2858763039112091,soft_tissue,soft_tissue,True
CVCL_1058,CVCL_1542,0.28229910135269165,soft_tissue,lung,False
CVCL_1059,CVCL_1097,0.682445228099823,skin,skin,True
CVCL_1059,CVCL_1135,0.6475707292556763,skin,skin,True
CVCL_1059,CVCL_1036,0.6459553837776184,skin,skin,True
CVCL_1059,CVCL_2408,0.642113983631134,skin,skin,True
CVCL_1059,CVCL_A341,0.641961932182312,skin,skin,True
CVCL_1059,CVCL_6805,0.6238743662834167,skin,skin,True
CVCL_1059,CVCL_1403,0.6207479238510132,skin,skin,True
CVCL_1059,CVCL_1057,0.6142892241477966,skin,skin,True
CVCL_1059,CVCL_1780,0.6008580327033997,skin,skin,True
CVCL_1059,CVCL_0527,0.5980369448661804,skin,skin,True
CVCL_1059,CVCL_0318,0.5968997478485107,skin,skin,True
CVCL_1059,CVCL_0039,0.5908957123756409,skin,skin,True
CVCL_1059,CVCL_6809,0.5908471941947937,skin,skin,True
CVCL_1059,CVCL_1137,0.590368926525116,skin,skin,True
CVCL_1060,CVCL_2679,0.6614250540733337,upper_aerodigestive,upper_aerodigestive,True
CVCL_1060,CVCL_1767,0.6546837091445923,upper_aerodigestive,esophagus,False
CVCL_1060,CVCL_6950,0.6371467709541321,upper_aerodigestive,cervix,False
CVCL_1060,CVCL_5017,0.6302638053894043,upper_aerodigestive,upper_aerodigestive,True
CVCL_1060,CVCL_1287,0.6158658266067505,upper_aerodigestive,upper_aerodigestive,True
CVCL_1060,CVCL_2222,0.6095068454742432,upper_aerodigestive,upper_aerodigestive,True
CVCL_1060,CVCL_2661,0.6047890782356262,upper_aerodigestive,esophagus,False
CVCL_1060,CVCL_3160,0.5951525568962097,upper_aerodigestive,upper_aerodigestive,True
CVCL_1060,CVCL_3599,0.5942967534065247,upper_aerodigestive,urinary_tract,False
CVCL_1060,CVCL_8929,0.5919264554977417,upper_aerodigestive,upper_aerodigestive,True
CVCL_1060,CVCL_3336,0.5874918103218079,upper_aerodigestive,esophagus,False
CVCL_1060,CVCL_V586,0.5865251421928406,upper_aerodigestive,lung,False
CVCL_1060,CVCL_1091,0.5812296867370605,upper_aerodigestive,prostate,False
CVCL_1060,CVCL_2312,0.5809570550918579,upper_aerodigestive,upper_aerodigestive,True
CVCL_1060,CVCL_1293,0.5807359218597412,upper_aerodigestive,cervix,False
CVCL_1062,CVCL_1064,0.5521117448806763,lymphocyte,lymphocyte,True
CVCL_1062,CVCL_2981,0.548337459564209,lymphocyte,plasma_cell,False
CVCL_1062,CVCL_2991,0.5466315150260925,lymphocyte,plasma_cell,False
CVCL_1062,CVCL_2124,0.5463800430297852,lymphocyte,plasma_cell,False
CVCL_1062,CVCL_0012,0.5423675775527954,lymphocyte,plasma_cell,False
CVCL_1062,CVCL_1806,0.49017244577407837,lymphocyte,plasma_cell,False
CVCL_1062,CVCL_5209,0.4878058135509491,lymphocyte,plasma_cell,False
CVCL_1062,CVCL_0566,0.4844130873680115,lymphocyte,plasma_cell,False
CVCL_1062,CVCL_2972,0.4759395718574524,lymphocyte,plasma_cell,False
CVCL_1062,CVCL_1625,0.4703691005706787,lymphocyte,plasma_cell,False
CVCL_1062,CVCL_2992,0.469820111989975,lymphocyte,plasma_cell,False
CVCL_1062,CVCL_E333,0.4686495065689087,lymphocyte,plasma_cell,False
CVCL_1062,CVCL_1600,0.46563005447387695,lymphocyte,plasma_cell,False
CVCL_1062,CVCL_1357,0.46074405312538147,lymphocyte,plasma_cell,False
CVCL_1062,CVCL_E332,0.45883625745773315,lymphocyte,plasma_cell,False
CVCL_1063,CVCL_2222,0.8102590441703796,epidermoid_carcinoma,upper_aerodigestive,False
CVCL_1063,CVCL_2679,0.7901447415351868,epidermoid_carcinoma,upper_aerodigestive,False
CVCL_1063,CVCL_1107,0.7838213443756104,epidermoid_carcinoma,upper_aerodigestive,False
CVCL_1063,CVCL_2313,0.777833104133606,epidermoid_carcinoma,upper_aerodigestive,False
CVCL_1063,CVCL_2229,0.7586527466773987,epidermoid_carcinoma,upper_aerodigestive,False
CVCL_1063,CVCL_2310,0.7402651309967041,epidermoid_carcinoma,upper_aerodigestive,False
CVCL_1063,CVCL_2221,0.7387312650680542,epidermoid_carcinoma,upper_aerodigestive,False
CVCL_1063,CVCL_2722,0.7345531582832336,epidermoid_carcinoma,prostate,False
CVCL_1063,CVCL_1091,0.7316248416900635,epidermoid_carcinoma,prostate,False
CVCL_1063,CVCL_1681,0.7308185696601868,epidermoid_carcinoma,upper_aerodigestive,False
CVCL_1063,CVCL_2943,0.7279877662658691,epidermoid_carcinoma,skin,False
CVCL_1063,CVCL_2681,0.7244069576263428,epidermoid_carcinoma,upper_aerodigestive,False
CVCL_1063,CVCL_2661,0.7228044867515564,epidermoid_carcinoma,esophagus,False
CVCL_1063,CVCL_1102,0.7164065837860107,epidermoid_carcinoma,upper_aerodigestive,False
CVCL_1064,CVCL_5209,0.5389670133590698,lymphocyte,plasma_cell,False
CVCL_1064,CVCL_1625,0.5363065600395203,lymphocyte,plasma_cell,False
CVCL_1064,CVCL_1806,0.5127444267272949,lymphocyte,plasma_cell,False
CVCL_1064,CVCL_1600,0.5112374424934387,lymphocyte,plasma_cell,False
CVCL_1064,CVCL_2124,0.4931010901927948,lymphocyte,plasma_cell,False
CVCL_1064,CVCL_1699,0.48056116700172424,lymphocyte,plasma_cell,False
CVCL_1064,CVCL_2994,0.4793124496936798,lymphocyte,plasma_cell,False
CVCL_1064,CVCL_2991,0.4776821732521057,lymphocyte,plasma_cell,False
CVCL_1064,CVCL_0012,0.47131049633026123,lymphocyte,plasma_cell,False
CVCL_1064,CVCL_1823,0.4678962826728821,lymphocyte,plasma_cell,False
CVCL_1064,CVCL_2972,0.46720653772354126,lymphocyte,plasma_cell,False
CVCL_1064,CVCL_0566,0.4624497890472412,lymphocyte,plasma_cell,False
CVCL_1064,CVCL_2993,0.4533314108848572,lymphocyte,plasma_cell,False
CVCL_1064,CVCL_2992,0.4409327507019043,lymphocyte,plasma_cell,False
CVCL_1065,CVCL_2985,0.6958362460136414,kidney,kidney,True
CVCL_1065,CVCL_6186,0.6785408854484558,kidney,kidney,True
CVCL_1065,CVCL_V610,0.6572604179382324,kidney,kidney,True
CVCL_1065,CVCL_2742,0.6489623188972473,kidney,kidney,True
CVCL_1065,CVCL_V607,0.6341660618782043,kidney,kidney,True
CVCL_1065,CVCL_8788,0.630558431148529,kidney,kidney,True
CVCL_1065,CVCL_5957,0.6085453033447266,kidney,kidney,True
CVCL_1065,CVCL_1719,0.594249963760376,kidney,kidney,True
CVCL_1065,CVCL_5953,0.5833646059036255,kidney,kidney,True
CVCL_1065,CVCL_1721,0.5799257755279541,kidney,urinary_tract,False
CVCL_1065,CVCL_1790,0.576558530330658,kidney,kidney,True
CVCL_1065,CVCL_1791,0.5757094025611877,kidney,kidney,True
CVCL_1065,CVCL_2984,0.5686789751052856,kidney,kidney,True
CVCL_1065,CVCL_1050,0.5576693415641785,kidney,kidney,True
CVCL_1065,CVCL_1626,0.5535992383956909,kidney,kidney,True
CVCL_1066,CVCL_1549,0.4172810912132263,lung,lung,True
CVCL_1066,CVCL_1105,0.40919190645217896,lung,lung,True
CVCL_1066,CVCL_3152,0.39730900526046753,lung,gastric,False
CVCL_1066,CVCL_1074,0.39153021574020386,lung,breast,False
CVCL_1066,CVCL_2791,0.3865492343902588,lung,gastric,False
CVCL_1066,CVCL_3055,0.3808947205543518,lung,gastric,False
CVCL_1066,CVCL_1476,0.3741469085216522,lung,lung,True
CVCL_1066,CVCL_1782,0.36805206537246704,lung,breast,False
CVCL_1066,CVCL_0033,0.3630947172641754,lung,breast,False
CVCL_1066,CVCL_EG28,0.3572806119918823,lung,colorectal,False
CVCL_1066,CVCL_1670,0.3493052124977112,lung,urinary_tract,False
CVCL_1066,CVCL_0290,0.3490101397037506,lung,breast,False
CVCL_1066,CVCL_1121,0.3464621305465698,lung,lung,True
CVCL_1066,CVCL_6831,0.34572112560272217,lung,lung,True
CVCL_1066,CVCL_3337,0.3456764221191406,lung,esophagus,False
CVCL_1067,CVCL_V610,0.6185771822929382,kidney,kidney,True
CVCL_1067,CVCL_1111,0.5796594023704529,kidney,kidney,True
CVCL_1067,CVCL_1721,0.5756153464317322,kidney,urinary_tract,False
CVCL_1067,CVCL_1791,0.5294598340988159,kidney,kidney,True
CVCL_1067,CVCL_5957,0.5273882746696472,kidney,kidney,True
CVCL_1067,CVCL_1911,0.525048553943634,kidney,kidney,True
CVCL_1067,CVCL_V607,0.5190050601959229,kidney,kidney,True
CVCL_1067,CVCL_5953,0.5164821743965149,kidney,kidney,True
CVCL_1067,CVCL_8788,0.5070111155509949,kidney,kidney,True
CVCL_1067,CVCL_2984,0.4867883026599884,kidney,kidney,True
CVCL_1067,CVCL_6186,0.4835372865200043,kidney,kidney,True
CVCL_1067,CVCL_2682,0.4823077321052551,kidney,ovary,False
CVCL_1067,CVCL_0234,0.47857797145843506,kidney,kidney,True
CVCL_1067,CVCL_1065,0.4741261303424835,kidney,kidney,True
CVCL_1070,CVCL_1229,0.5201005935668945,central_nervous_system,soft_tissue,False
CVCL_1070,CVCL_1381,0.48749497532844543,central_nervous_system,skin,False
CVCL_1070,CVCL_2588,0.4529309570789337,central_nervous_system,colorectal,False
CVCL_1070,CVCL_5779,0.4451942443847656,central_nervous_system,central_nervous_system,True
CVCL_1070,CVCL_5723,0.4238589406013489,central_nervous_system,central_nervous_system,True
CVCL_1070,CVCL_2960,0.420829176902771,central_nervous_system,thyroid,False
CVCL_1070,CVCL_2798,0.4207649528980255,central_nervous_system,central_nervous_system,True
CVCL_1070,CVCL_2447,0.41742613911628723,central_nervous_system,thyroid,False
CVCL_1070,CVCL_1375,0.41693803668022156,central_nervous_system,lung,False
CVCL_1070,CVCL_3509,0.41246435046195984,central_nervous_system,ovary,False
CVCL_1070,CVCL_4849,0.4075908064842224,central_nervous_system,gastric,False
CVCL_1071,CVCL_1196,0.7369330525398254,blood,blood,True
CVCL_1071,CVCL_2161,0.7361292243003845,blood,blood,True
CVCL_1071,CVCL_2122,0.7221806049346924,blood,blood,True
CVCL_1071,CVCL_1632,0.718776285648346,blood,blood,True
CVCL_1071,CVCL_2162,0.7079638838768005,blood,blood,True
CVCL_1071,CVCL_2130,0.7044913172721863,blood,blood,True
CVCL_1071,CVCL_1609,0.6934778094291687,blood,blood,True
CVCL_1071,CVCL_1425,0.6786081790924072,blood,blood,True
CVCL_1071,CVCL_2191,0.6652551293373108,blood,blood,True
CVCL_1071,CVCL_1433,0.6579422354698181,blood,blood,True
CVCL_1071,CVCL_1321,0.6530189514160156,blood,blood,True
CVCL_1074,CVCL_1782,0.5816192626953125,breast,breast,True
CVCL_1074,CVCL_1812,0.5467989444732666,breast,breast,True
CVCL_1074,CVCL_1400,0.4995616376399994,breast,breast,True
CVCL_1074,CVCL_1654,0.47563448548316956,breast,lung,False
CVCL_1074,CVCL_0588,0.4755237400531769,breast,breast,True
CVCL_1074,CVCL_1532,0.4698370695114136,breast,lung,False
CVCL_1074,CVCL_1259,0.4598971903324127,breast,breast,True
CVCL_1074,CVCL_3423,0.45880621671676636,breast,breast,True
CVCL_1074,CVCL_2062,0.45489442348480225,breast,breast,True
CVCL_1074,CVCL_3629,0.4434495270252228,breast,bile_duct,False
CVCL_1074,CVCL_3425,0.4186781644821167,breast,breast,True
CVCL_1082,CVCL_2438,0.7900328636169434,lung,lung,True
CVCL_1082,CVCL_1590,0.6918970346450806,lung,lung,True
CVCL_1082,CVCL_5129,0.679914653301239,lung,lung,True
CVCL_1082,CVCL_1487,0.6742832064628601,lung,lung,True
CVCL_1082,CVCL_1128,0.6397271752357483,lung,lung,True
CVCL_1082,CVCL_1177,0.6370162963867188,lung,lung,True
CVCL_1082,CVCL_1522,0.6052853465080261,lung,lung,True
CVCL_1082,CVCL_1189,0.5979203581809998,lung,gastric,False
CVCL_1082,CVCL_1584,0.595734715461731,lung,lung,True
CVCL_1082,CVCL_1466,0.5910980701446533,lung,lung,True
CVCL_1082,CVCL_1141,0.5886398553848267,lung,lung,True
CVCL_1082,CVCL_1565,0.5882000923156738,lung,lung,True
CVCL_1082,CVCL_1190,0.5844339728355408,lung,colorectal,False
CVCL_1082,CVCL_1516,0.5809200406074524,lung,lung,True
CVCL_1082,CVCL_1175,0.5805528163909912,lung,lung,True
CVCL_1083,CVCL_1091,0.6376296281814575,urinary_tract,prostate,False
CVCL_1083,CVCL_4056,0.6359777450561523,urinary_tract,pancreas,False
CVCL_1083,CVCL_5105,0.6297699213027954,urinary_tract,upper_aerodigestive,False
CVCL_1083,CVCL_1063,0.6265454888343811,urinary_tract,epidermoid_carcinoma,False
CVCL_1083,CVCL_1107,0.6265032887458801,urinary_tract,upper_aerodigestive,False
CVCL_1083,CVCL_2222,0.6243184804916382,urinary_tract,upper_aerodigestive,False
CVCL_1083,CVCL_1681,0.6225612759590149,urinary_tract,upper_aerodigestive,False
CVCL_1083,CVCL_2229,0.6214332580566406,urinary_tract,upper_aerodigestive,False
CVCL_1083,CVCL_1767,0.6052066087722778,urinary_tract,esophagus,False
CVCL_1083,CVCL_2310,0.6035197377204895,urinary_tract,upper_aerodigestive,False
CVCL_1083,CVCL_2679,0.5992739200592041,urinary_tract,upper_aerodigestive,False
CVCL_1083,CVCL_1086,0.5981882214546204,urinary_tract,upper_aerodigestive,False
CVCL_1083,CVCL_A1VE,0.5930891633033752,urinary_tract,bile_duct,False
CVCL_1083,CVCL_2224,0.5919883847236633,urinary_tract,upper_aerodigestive,False
CVCL_1084,CVCL_0332,0.37444064021110535,kidney,breast,False
CVCL_1084,CVCL_1674,0.35806888341903687,kidney,soft_tissue,False
CVCL_1084,CVCL_0497,0.33904269337654114,kidney,liver,False
CVCL_1084,CVCL_2673,0.3381330668926239,kidney,ovary,False
CVCL_1084,CVCL_5723,0.3351266086101532,kidney,central_nervous_system,False
CVCL_1084,CVCL_3603,0.3275943994522095,kidney,thyroid,False
CVCL_1084,CVCL_2109,0.32027164101600647,kidney,thyroid,False
CVCL_1084,CVCL_1495,0.31965646147727966,kidney,lung,False
CVCL_1084,CVCL_0250,0.3194195032119751,kidney,liver,False
CVCL_1084,CVCL_0871,0.31689685583114624,kidney,soft_tissue,False
CVCL_1084,CVCL_1666,0.31556689739227295,kidney,skin,False
CVCL_1084,CVCL_0463,0.3145509958267212,kidney,lung,False
CVCL_1084,CVCL_0698,0.3136114776134491,kidney,fibroblast,False
CVCL_1084,CVCL_DH18,0.3129151165485382,kidney,ovary,False
CVCL_1084,CVCL_0979,0.31205427646636963,kidney,fibroblast,False
CVCL_1085,CVCL_5723,0.3400140404701233,thyroid,central_nervous_system,False
CVCL_1085,CVCL_1495,0.3364206552505493,thyroid,lung,False
CVCL_1085,CVCL_5103,0.33533579111099243,thyroid,liver,False
CVCL_1085,CVCL_V605,0.3339794874191284,thyroid,kidney,False
CVCL_1085,CVCL_1574,0.3324076533317566,thyroid,lung,False
CVCL_1085,CVCL_YU13,0.32758304476737976,thyroid,peripheral_nervous_system,False
CVCL_1085,CVCL_2788,0.325788289308548,thyroid,liver,False
CVCL_1085,CVCL_5159,0.32500383257865906,thyroid,lung,False
CVCL_1085,CVCL_2956,0.3237624168395996,thyroid,liver,False
CVCL_1085,CVCL_1286,0.32292234897613525,thyroid,lung,False
CVCL_1085,CVCL_1086,0.3183911442756653,thyroid,upper_aerodigestive,False
CVCL_1085,CVCL_1052,0.3144112825393677,thyroid,central_nervous_system,False
CVCL_1085,CVCL_0153,0.31027254462242126,thyroid,thyroid,True
CVCL_1085,CVCL_A1VD,0.3087001144886017,thyroid,bile_duct,False
CVCL_1086,CVCL_1287,0.6772398948669434,upper_aerodigestive,upper_aerodigestive,True
CVCL_1086,CVCL_1681,0.6694726943969727,upper_aerodigestive,upper_aerodigestive,True
CVCL_1086,CVCL_3599,0.6511410474777222,upper_aerodigestive,urinary_tract,False
CVCL_1086,CVCL_1091,0.6423743367195129,upper_aerodigestive,prostate,False
CVCL_1086,CVCL_2462,0.6381793022155762,upper_aerodigestive,upper_aerodigestive,True
CVCL_1086,CVCL_1767,0.6380028128623962,upper_aerodigestive,esophagus,False
CVCL_1086,CVCL_1685,0.6329461336135864,upper_aerodigestive,upper_aerodigestive,True
CVCL_1086,CVCL_2229,0.6318365335464478,upper_aerodigestive,upper_aerodigestive,True
CVCL_1086,CVCL_4056,0.630379319190979,upper_aerodigestive,pancreas,False
CVCL_1086,CVCL_1063,0.6296144127845764,upper_aerodigestive,epidermoid_carcinoma,False
CVCL_1086,CVCL_1107,0.6269437074661255,upper_aerodigestive,upper_aerodigestive,True
CVCL_1086,CVCL_2807,0.6260539293289185,upper_aerodigestive,skin,False
CVCL_1086,CVCL_1108,0.6258336305618286,upper_aerodigestive,upper_aerodigestive,True
CVCL_1086,CVCL_2723,0.6210799217224121,upper_aerodigestive,prostate,False
CVCL_1086,CVCL_1293,0.6164854168891907,upper_aerodigestive,cervix,False
CVCL_1087,CVCL_1088,0.9115220904350281,lymphocyte,lymphocyte,True
CVCL_1087,CVCL_1222,0.9091598987579346,lymphocyte,lymphocyte,True
CVCL_1087,CVCL_1101,0.7795089483261108,lymphocyte,lymphocyte,True
CVCL_1087,CVCL_1399,0.7671563029289246,lymphocyte,lymphocyte,True
CVCL_1087,CVCL_2676,0.7664129137992859,lymphocyte,lymphocyte,True
CVCL_1087,CVCL_1881,0.7451600432395935,lymphocyte,lymphocyte,True
CVCL_1087,CVCL_1179,0.7411518692970276,lymphocyte,lymphocyte,True
CVCL_1087,CVCL_1967,0.7269195318222046,lymphocyte,lymphocyte,True
CVCL_1087,CVCL_1735,0.7149200439453125,lymphocyte,lymphocyte,True
CVCL_1087,CVCL_1660,0.7116098403930664,lymphocyte,lymphocyte,True
CVCL_1088,CVCL_1222,0.8776225447654724,lymphocyte,lymphocyte,True
CVCL_1088,CVCL_1399,0.7914838194847107,lymphocyte,lymphocyte,True
CVCL_1088,CVCL_2676,0.762006938457489,lymphocyte,lymphocyte,True
CVCL_1088,CVCL_1967,0.7497043013572693,lymphocyte,lymphocyte,True
CVCL_1088,CVCL_1881,0.7426227927207947,lymphocyte,lymphocyte,True
CVCL_1088,CVCL_1179,0.7368613481521606,lymphocyte,lymphocyte,True
CVCL_1088,CVCL_1101,0.7228541374206543,lymphocyte,lymphocyte,True
CVCL_1088,CVCL_1889,0.7181861400604248,lymphocyte,lymphocyte,True
CVCL_1088,CVCL_1902,0.7118502855300903,lymphocyte,lymphocyte,True
CVCL_1088,CVCL_0511,0.7066897749900818,lymphocyte,lymphocyte,True
CVCL_1088,CVCL_2206,0.700605571269989,lymphocyte,lymphocyte,True
CVCL_1089,CVCL_2104,0.4442017078399658,cervix,lung,False
CVCL_1089,CVCL_1100,0.4095262587070465,cervix,cervix,True
CVCL_1089,CVCL_1112,0.363773912191391,cervix,thyroid,False
CVCL_1089,CVCL_L079,0.34094205498695374,cervix,upper_aerodigestive,False
CVCL_1089,CVCL_2230,0.33677178621292114,cervix,upper_aerodigestive,False
CVCL_1089,CVCL_2109,0.3319953382015228,cervix,thyroid,False
CVCL_1089,CVCL_1488,0.31733667850494385,cervix,lung,False
CVCL_1089,CVCL_1704,0.3066052198410034,cervix,cervix,True
CVCL_1089,CVCL_2794,0.29918473958969116,cervix,uterus,False
CVCL_1089,CVCL_2594,0.29604896903038025,cervix,lung,False
CVCL_1089,CVCL_0060,0.29163214564323425,cervix,lung,False
CVCL_1089,CVCL_C058,0.2860334813594818,cervix,upper_aerodigestive,False
CVCL_1089,CVCL_1511,0.28571978211402893,cervix,lung,False
CVCL_1089,CVCL_0608,0.2840407192707062,cervix,lung,False
CVCL_1091,CVCL_2722,0.7640791535377502,prostate,prostate,True
CVCL_1091,CVCL_2723,0.7484214901924133,prostate,prostate,True
CVCL_1091,CVCL_1681,0.7442154884338379,prostate,upper_aerodigestive,False
CVCL_1091,CVCL_2222,0.7195299863815308,prostate,upper_aerodigestive,False
CVCL_1091,CVCL_2229,0.7167715430259705,prostate,upper_aerodigestive,False
CVCL_1091,CVCL_2462,0.7145952582359314,prostate,upper_aerodigestive,False
CVCL_1091,CVCL_2457,0.7127039432525635,prostate,upper_aerodigestive,False
CVCL_1091,CVCL_2679,0.7069448232650757,prostate,upper_aerodigestive,False
CVCL_1091,CVCL_3599,0.7067864537239075,prostate,urinary_tract,False
CVCL_1091,CVCL_1107,0.7065811157226562,prostate,upper_aerodigestive,False
CVCL_1091,CVCL_2313,0.7010031938552856,prostate,upper_aerodigestive,False
CVCL_1091,CVCL_1685,0.6988680958747864,prostate,upper_aerodigestive,False
CVCL_1091,CVCL_A1VE,0.6863096952438354,prostate,bile_duct,False
CVCL_1091,CVCL_2310,0.6838250756263733,prostate,upper_aerodigestive,False
CVCL_1092,CVCL_5589,0.4164717197418213,breast,breast,True
CVCL_1092,CVCL_WU67,0.38984307646751404,breast,soft_tissue,False
CVCL_1092,CVCL_3075,0.38215017318725586,breast,central_nervous_system,False
CVCL_1092,CVCL_0871,0.37161874771118164,breast,soft_tissue,False
CVCL_1092,CVCL_1796,0.3690586984157562,breast,central_nervous_system,False
CVCL_1092,CVCL_3603,0.3665109872817993,breast,thyroid,False
CVCL_1092,CVCL_5069,0.3664257228374481,breast,central_nervous_system,False
CVCL_1092,CVCL_1722,0.3661055564880371,breast,central_nervous_system,False
CVCL_1092,CVCL_5010,0.3569326400756836,breast,central_nervous_system,False
CVCL_1092,CVCL_N588,0.3564735949039459,breast,soft_tissue,False
CVCL_1092,CVCL_3957,0.3503188192844391,breast,central_nervous_system,False
CVCL_1092,CVCL_2909,0.3479778468608856,breast,bone,False
CVCL_1092,CVCL_8585,0.3477640748023987,breast,central_nervous_system,False
CVCL_1092,CVCL_1169,0.33923962712287903,breast,central_nervous_system,False
CVCL_1092,CVCL_2585,0.33723101019859314,breast,skin,False
CVCL_1093,CVCL_1715,0.5472081303596497,central_nervous_system,central_nervous_system,True
CVCL_1093,CVCL_3960,0.5404650568962097,central_nervous_system,central_nervous_system,True
CVCL_1093,CVCL_5010,0.5386102199554443,central_nervous_system,central_nervous_system,True
CVCL_1093,CVCL_1117,0.5384841561317444,central_nervous_system,central_nervous_system,True
CVCL_1093,CVCL_4773,0.5368585586547852,central_nervous_system,central_nervous_system,True
CVCL_1093,CVCL_1R16,0.5160707235336304,central_nervous_system,central_nervous_system,True
CVCL_1093,CVCL_5069,0.5135754346847534,central_nervous_system,central_nervous_system,True
CVCL_1093,CVCL_1722,0.5042780041694641,central_nervous_system,central_nervous_system,True
CVCL_1093,CVCL_2297,0.49657148122787476,central_nervous_system,central_nervous_system,True
CVCL_1093,CVCL_0844,0.49154573678970337,central_nervous_system,central_nervous_system,True
CVCL_1093,CVCL_1798,0.4906873106956482,central_nervous_system,central_nervous_system,True
CVCL_1093,CVCL_3955,0.49060899019241333,central_nervous_system,central_nervous_system,True
CVCL_1093,CVCL_1689,0.4849376082420349,central_nervous_system,central_nervous_system,True
CVCL_1093,CVCL_2076,0.4693011939525604,central_nervous_system,skin,False
CVCL_1094,CVCL_S987,0.4283989667892456,cervix,ovary,False
CVCL_1094,CVCL_1301,0.41910654306411743,cervix,gastric,False
CVCL_1094,CVCL_1755,0.4099694788455963,cervix,soft_tissue,False
CVCL_1094,CVCL_1679,0.38467609882354736,cervix,lung,False
CVCL_1094,CVCL_2010,0.38346755504608154,cervix,ovary,False
CVCL_1094,CVCL_1595,0.3800928294658661,cervix,lung,False
CVCL_1094,CVCL_1577,0.36173897981643677,cervix,lung,False
CVCL_1094,CVCL_1479,0.34911835193634033,cervix,lung,False
CVCL_1094,CVCL_1567,0.3484029173851013,cervix,lung,False
CVCL_1094,CVCL_1174,0.3141966760158539,cervix,lung,False
CVCL_1094,CVCL_1490,0.31200650334358215,cervix,lung,False
CVCL_1094,CVCL_3612,0.30837613344192505,cervix,ovary,False
CVCL_1094,CVCL_0077,0.30063483119010925,cervix,liver,False
CVCL_1095,CVCL_VV27,0.4698079228401184,cervix,bile_duct,False
CVCL_1095,CVCL_3158,0.4685783088207245,cervix,ovary,False
CVCL_1095,CVCL_2253,0.4611450731754303,cervix,cervix,True
CVCL_1095,CVCL_1652,0.4577283561229706,cervix,lung,False
CVCL_1095,CVCL_1105,0.4442545473575592,cervix,lung,False
CVCL_1095,CVCL_2465,0.4398658275604248,cervix,upper_aerodigestive,False
CVCL_1095,CVCL_V613,0.4342706501483917,cervix,central_nervous_system,False
CVCL_1095,CVCL_5005,0.43393346667289734,cervix,upper_aerodigestive,False
CVCL_1095,CVCL_2918,0.4338795840740204,cervix,cervix,True
CVCL_1095,CVCL_2754,0.4300636053085327,cervix,breast,False
CVCL_1095,CVCL_1848,0.4267573356628418,cervix,pancreas,False
CVCL_1095,CVCL_2752,0.4206349551677704,cervix,urinary_tract,False
CVCL_1095,CVCL_2977,0.4200616180896759,cervix,urinary_tract,False
CVCL_1096,CVCL_2749,0.5017106533050537,colorectal,urinary_tract,False
CVCL_1096,CVCL_9980,0.4883738160133362,colorectal,colorectal,True
CVCL_1096,CVCL_2805,0.4773709177970886,colorectal,liver,False
CVCL_1096,CVCL_4381,0.47693684697151184,colorectal,liver,False
CVCL_1096,CVCL_1979,0.4700479209423065,colorectal,colorectal,True
CVCL_1096,CVCL_8764,0.451931893825531,colorectal,colorectal,True
CVCL_1096,CVCL_0326,0.42996296286582947,colorectal,liver,False
CVCL_1096,CVCL_2908,0.4284529387950897,colorectal,gastric,False
CVCL_1096,CVCL_5250,0.41696611046791077,colorectal,colorectal,True
CVCL_1096,CVCL_0555,0.4117467403411865,colorectal,colorectal,True
CVCL_1096,CVCL_5078,0.41158920526504517,colorectal,colorectal,True
CVCL_1096,CVCL_1622,0.4072241187095642,colorectal,esophagus,False
CVCL_1097,CVCL_1672,0.7702231407165527,skin,skin,True
CVCL_1097,CVCL_A341,0.7353357076644897,skin,skin,True
CVCL_1097,CVCL_2408,0.7240452170372009,skin,skin,True
CVCL_1097,CVCL_1135,0.7204223275184631,skin,skin,True
CVCL_1097,CVCL_6805,0.7051534056663513,skin,skin,True
CVCL_1097,CVCL_2765,0.6951395869255066,skin,skin,True
CVCL_1097,CVCL_0318,0.6810000538825989,skin,skin,True
CVCL_1097,CVCL_0526,0.6685280203819275,skin,skin,True
CVCL_1097,CVCL_1780,0.6637552976608276,skin,skin,True
CVCL_1097,CVCL_1403,0.6546483039855957,skin,skin,True
CVCL_1097,CVCL_2606,0.6451606154441833,skin,skin,True
CVCL_1099,CVCL_1414,0.7407958507537842,lymphocyte,lymphocyte,True
CVCL_1099,CVCL_3526,0.6102004647254944,lymphocyte,lymphocyte,True
CVCL_1099,CVCL_2889,0.5048967003822327,lymphocyte,lymphocyte,True
CVCL_1099,CVCL_1280,0.5012407302856445,lymphocyte,lymphocyte,True
CVCL_1099,CVCL_8796,0.49013298749923706,lymphocyte,lymphocyte,True
CVCL_1099,CVCL_RL84,0.4877030849456787,lymphocyte,lymphocyte,True
CVCL_1099,CVCL_1319,0.4687357544898987,lymphocyte,lymphocyte,True
CVCL_1099,CVCL_0D73,0.45490381121635437,lymphocyte,blood,False
CVCL_1099,CVCL_0337,0.45314735174179077,lymphocyte,lymphocyte,True
CVCL_1099,CVCL_H614,0.4419751763343811,lymphocyte,lymphocyte,True
CVCL_1099,CVCL_Y548,0.4396176338195801,lymphocyte,blood,False
CVCL_1099,CVCL_H637,0.43948471546173096,lymphocyte,lymphocyte,True
CVCL_1099,CVCL_1320,0.4276202619075775,lymphocyte,blood,False
CVCL_1099,CVCL_1883,0.4267570376396179,lymphocyte,lymphocyte,True
CVCL_1100,CVCL_2680,0.5192021727561951,cervix,upper_aerodigestive,False
CVCL_1100,CVCL_2723,0.5135278701782227,cervix,prostate,False
CVCL_1100,CVCL_2677,0.5077493786811829,cervix,prostate,False
CVCL_1100,CVCL_2229,0.4826180636882782,cervix,upper_aerodigestive,False
CVCL_1100,CVCL_2918,0.4794115424156189,cervix,cervix,True
CVCL_1100,CVCL_3599,0.47556763887405396,cervix,urinary_tract,False
CVCL_1100,CVCL_1293,0.45887017250061035,cervix,cervix,True
CVCL_1100,CVCL_1675,0.45544832944869995,cervix,upper_aerodigestive,False
CVCL_1100,CVCL_3086,0.4541800022125244,cervix,upper_aerodigestive,False
CVCL_1100,CVCL_2253,0.4537383019924164,cervix,cervix,True
CVCL_1100,CVCL_1091,0.45319756865501404,cervix,prostate,False
CVCL_1100,CVCL_1063,0.4513099789619446,cervix,epidermoid_carcinoma,False
CVCL_1100,CVCL_0455,0.4471958875656128,cervix,lung,False
CVCL_1100,CVCL_2679,0.4392300844192505,cervix,upper_aerodigestive,False
CVCL_1100,CVCL_2221,0.4391251802444458,cervix,upper_aerodigestive,False
CVCL_1101,CVCL_1222,0.7783729434013367,lymphocyte,lymphocyte,True
CVCL_1101,CVCL_1881,0.7605298757553101,lymphocyte,lymphocyte,True
CVCL_1101,CVCL_1819,0.7475759387016296,lymphocyte,lymphocyte,True
CVCL_1101,CVCL_B371,0.738845944404602,lymphocyte,lymphocyte,True
CVCL_1101,CVCL_X504,0.7270767688751221,lymphocyte,lymphocyte,True
CVCL_1101,CVCL_1660,0.7061637043952942,lymphocyte,lymphocyte,True
CVCL_1101,CVCL_1712,0.7038061022758484,lymphocyte,lymphocyte,True
CVCL_1101,CVCL_2206,0.6873284578323364,lymphocyte,lymphocyte,True
CVCL_1101,CVCL_0511,0.6792452335357666,lymphocyte,lymphocyte,True
CVCL_1101,CVCL_1186,0.6725723147392273,lymphocyte,lymphocyte,True
CVCL_1102,CVCL_2222,0.690187931060791,upper_aerodigestive,upper_aerodigestive,True
CVCL_1102,CVCL_2661,0.6800284385681152,upper_aerodigestive,esophagus,False
CVCL_1102,CVCL_2313,0.6643081903457642,upper_aerodigestive,upper_aerodigestive,True
CVCL_1102,CVCL_1107,0.663924515247345,upper_aerodigestive,upper_aerodigestive,True
CVCL_1102,CVCL_2679,0.6635362505912781,upper_aerodigestive,upper_aerodigestive,True
CVCL_1102,CVCL_2678,0.6607157588005066,upper_aerodigestive,upper_aerodigestive,True
CVCL_1102,CVCL_2229,0.6591342091560364,upper_aerodigestive,upper_aerodigestive,True
CVCL_1102,CVCL_1091,0.6553704738616943,upper_aerodigestive,prostate,False
CVCL_1102,CVCL_1287,0.6486642956733704,upper_aerodigestive,upper_aerodigestive,True
CVCL_1102,CVCL_2310,0.6422935128211975,upper_aerodigestive,upper_aerodigestive,True
CVCL_1102,CVCL_6950,0.639988899230957,upper_aerodigestive,cervix,False
CVCL_1102,CVCL_1761,0.6393656134605408,upper_aerodigestive,esophagus,False
CVCL_1102,CVCL_2722,0.6333327889442444,upper_aerodigestive,prostate,False
CVCL_1103,CVCL_M151,0.5455966591835022,bone,bone,True
CVCL_1103,CVCL_2169,0.5387586355209351,bone,bone,True
CVCL_1103,CVCL_0080,0.5199267268180847,bone,bone,True
CVCL_1103,CVCL_1542,0.506801426410675,bone,lung,False
CVCL_1103,CVCL_6583,0.491729736328125,bone,bone,True
CVCL_1103,CVCL_0631,0.4914133548736572,bone,bone,True
CVCL_1103,CVCL_1695,0.47666430473327637,bone,peripheral_nervous_system,False
CVCL_1103,CVCL_1489,0.47616082429885864,bone,lung,False
CVCL_1103,CVCL_4Z31,0.4714997410774231,bone,bone,True
CVCL_1103,CVCL_X981,0.4659391939640045,bone,bone,True
CVCL_1103,CVCL_1454,0.46321335434913635,bone,lung,False
CVCL_1103,CVCL_0B50,0.4631739556789398,bone,bone,True
CVCL_1103,CVCL_1411,0.4619069993495941,bone,bone,True
CVCL_1103,CVCL_1458,0.46184438467025757,bone,lung,False
CVCL_1103,CVCL_2141,0.4555603265762329,bone,peripheral_nervous_system,False
CVCL_1104,CVCL_2595,0.3489503562450409,breast,lung,False
CVCL_1104,CVCL_0366,0.34547847509384155,breast,liver,False
CVCL_1104,CVCL_1427,0.3404444754123688,breast,lung,False
CVCL_1104,CVCL_3946,0.33726051449775696,breast,gastric,False
CVCL_1104,CVCL_1523,0.33453497290611267,breast,lung,False
CVCL_1104,CVCL_5087,0.32024702429771423,breast,central_nervous_system,False
CVCL_1104,CVCL_1476,0.31619390845298767,breast,lung,False
CVCL_1104,CVCL_1689,0.31370580196380615,breast,central_nervous_system,False
CVCL_1104,CVCL_1553,0.3005659282207489,breast,lung,False
CVCL_1104,CVCL_8198,0.2924641966819763,breast,bile_duct,False
CVCL_1104,CVCL_2581,0.29109516739845276,breast,lung,False
CVCL_1104,CVCL_1518,0.28844982385635376,breast,lung,False
CVCL_1104,CVCL_2671,0.28649836778640747,breast,lung,False
CVCL_1105,CVCL_1652,0.6450698375701904,lung,lung,True
CVCL_1105,CVCL_V613,0.5538276433944702,lung,central_nervous_system,False
CVCL_1105,CVCL_1291,0.5376278758049011,lung,urinary_tract,False
CVCL_1105,CVCL_1483,0.5117224454879761,lung,lung,True
CVCL_1105,CVCL_4717,0.4912334084510803,lung,pancreas,False
CVCL_1105,CVCL_3158,0.48961159586906433,lung,ovary,False
CVCL_1105,CVCL_8098,0.47972381114959717,lung,esophagus,False
CVCL_1105,CVCL_2465,0.4774845540523529,lung,upper_aerodigestive,False
CVCL_1105,CVCL_1523,0.4656587243080139,lung,lung,True
CVCL_1105,CVCL_1417,0.4577715992927551,lung,gastric,False
CVCL_1105,CVCL_L083,0.4527127742767334,lung,upper_aerodigestive,False
CVCL_1105,CVCL_0290,0.45029374957084656,lung,breast,False
CVCL_1105,CVCL_1685,0.44577091932296753,lung,upper_aerodigestive,False
CVCL_1105,CVCL_1633,0.44450104236602783,lung,pancreas,False
CVCL_1106,CVCL_1115,0.49734267592430115,breast,breast,True
CVCL_1106,CVCL_2319,0.496400386095047,breast,breast,True
CVCL_1106,CVCL_2062,0.47458985447883606,breast,breast,True
CVCL_1106,CVCL_0179,0.4550926983356476,breast,breast,True
CVCL_1106,CVCL_1812,0.4541302025318146,breast,breast,True
CVCL_1106,CVCL_2094,0.4271853268146515,breast,breast,True
CVCL_1106,CVCL_1782,0.42481958866119385,breast,breast,True
CVCL_1106,CVCL_0620,0.4141688942909241,breast,breast,True
CVCL_1106,CVCL_1661,0.4007135033607483,breast,breast,True
CVCL_1106,CVCL_1781,0.3987465500831604,breast,breast,True
CVCL_1106,CVCL_1251,0.3928443491458893,breast,breast,True
CVCL_1106,CVCL_1400,0.39281025528907776,breast,breast,True
CVCL_1106,CVCL_0033,0.38472115993499756,breast,breast,True
CVCL_1106,CVCL_3423,0.38369220495224,breast,breast,True
CVCL_1107,CVCL_2229,0.7653534412384033,upper_aerodigestive,upper_aerodigestive,True
CVCL_1107,CVCL_1681,0.739244818687439,upper_aerodigestive,upper_aerodigestive,True
CVCL_1107,CVCL_2226,0.7376313209533691,upper_aerodigestive,upper_aerodigestive,True
CVCL_1107,CVCL_2222,0.7351801991462708,upper_aerodigestive,upper_aerodigestive,True
CVCL_1107,CVCL_2679,0.7269576191902161,upper_aerodigestive,upper_aerodigestive,True
CVCL_1107,CVCL_1108,0.7215489745140076,upper_aerodigestive,upper_aerodigestive,True
CVCL_1107,CVCL_2807,0.712588906288147,upper_aerodigestive,skin,False
CVCL_1107,CVCL_2313,0.6991215944290161,upper_aerodigestive,upper_aerodigestive,True
CVCL_1107,CVCL_2310,0.6886281967163086,upper_aerodigestive,upper_aerodigestive,True
CVCL_1107,CVCL_A1VE,0.6774159073829651,upper_aerodigestive,bile_duct,False
CVCL_1107,CVCL_1289,0.6773952841758728,upper_aerodigestive,upper_aerodigestive,True
CVCL_1107,CVCL_2221,0.6744649410247803,upper_aerodigestive,upper_aerodigestive,True
CVCL_1108,CVCL_5006,0.6996083855628967,upper_aerodigestive,upper_aerodigestive,True
CVCL_1108,CVCL_2229,0.6849046945571899,upper_aerodigestive,upper_aerodigestive,True
CVCL_1108,CVCL_1681,0.6825074553489685,upper_aerodigestive,upper_aerodigestive,True
CVCL_1108,CVCL_1091,0.6681825518608093,upper_aerodigestive,prostate,False
CVCL_1108,CVCL_2807,0.6655548810958862,upper_aerodigestive,skin,False
CVCL_1108,CVCL_1063,0.6644530892372131,upper_aerodigestive,epidermoid_carcinoma,False
CVCL_1108,CVCL_0037,0.6590151190757751,upper_aerodigestive,skin,False
CVCL_1108,CVCL_2679,0.657407820224762,upper_aerodigestive,upper_aerodigestive,True
CVCL_1108,CVCL_2678,0.6528618335723877,upper_aerodigestive,upper_aerodigestive,True
CVCL_1108,CVCL_5005,0.6481125950813293,upper_aerodigestive,upper_aerodigestive,True
CVCL_1108,CVCL_3599,0.6472327709197998,upper_aerodigestive,urinary_tract,False
CVCL_1108,CVCL_1102,0.6327657699584961,upper_aerodigestive,upper_aerodigestive,True
CVCL_1108,CVCL_2222,0.6306210160255432,upper_aerodigestive,upper_aerodigestive,True
CVCL_1108,CVCL_2224,0.6263216137886047,upper_aerodigestive,upper_aerodigestive,True
CVCL_1110,CVCL_1304,0.6382584571838379,breast,ovary,False
CVCL_1110,CVCL_2930,0.46802008152008057,breast,uterus,False
CVCL_1110,CVCL_3613,0.4631451368331909,breast,ovary,False
CVCL_1110,CVCL_0294,0.4581218659877777,breast,uterus,False
CVCL_1110,CVCL_0532,0.4303470253944397,breast,ovary,False
CVCL_1110,CVCL_1615,0.42420923709869385,breast,ovary,False
CVCL_1110,CVCL_3867,0.4134248197078705,breast,uterus,False
CVCL_1110,CVCL_5007,0.4109559655189514,breast,uterus,False
CVCL_1110,CVCL_3111,0.4103167951107025,breast,ovary,False
CVCL_1110,CVCL_3116,0.4059581160545349,breast,ovary,False
CVCL_1110,CVCL_2047,0.39772501587867737,breast,ovary,False
CVCL_1110,CVCL_0293,0.3955765664577484,breast,uterus,False
CVCL_1110,CVCL_0029,0.3866945505142212,breast,ovary,False
CVCL_1110,CVCL_4658,0.38343924283981323,breast,uterus,False
CVCL_1110,CVCL_IW56,0.3808436095714569,breast,ovary,False
CVCL_1111,CVCL_V607,0.7336885929107666,kidney,kidney,True
CVCL_1111,CVCL_1721,0.6611970663070679,kidney,urinary_tract,False
CVCL_1111,CVCL_7937,0.6017128229141235,kidney,urinary_tract,False
CVCL_1111,CVCL_5957,0.5992645621299744,kidney,kidney,True
CVCL_1111,CVCL_V610,0.591389000415802,kidney,kidney,True
CVCL_1111,CVCL_7935,0.5863263607025146,kidney,urinary_tract,False
CVCL_1111,CVCL_2984,0.5863245129585266,kidney,kidney,True
CVCL_1111,CVCL_1791,0.5838868021965027,kidney,kidney,True
CVCL_1111,CVCL_E115,0.5838215351104736,kidney,uterus,False
CVCL_1111,CVCL_6186,0.5836871862411499,kidney,kidney,True
CVCL_1111,CVCL_V612,0.5537970066070557,kidney,kidney,True
CVCL_1111,CVCL_1555,0.5534778833389282,kidney,lung,False
CVCL_1112,CVCL_2104,0.4255000352859497,thyroid,lung,False
CVCL_1112,CVCL_1546,0.38183021545410156,thyroid,lung,False
CVCL_1112,CVCL_2109,0.37572988867759705,thyroid,thyroid,True
CVCL_1112,CVCL_1550,0.34108877182006836,thyroid,lung,False
CVCL_1112,CVCL_1629,0.3050425350666046,thyroid,ovary,False
CVCL_1112,CVCL_1704,0.3011009991168976,thyroid,cervix,False
CVCL_1112,CVCL_2671,0.300118625164032,thyroid,lung,False
CVCL_1112,CVCL_5133,0.2990630567073822,thyroid,lung,False
CVCL_1112,CVCL_1511,0.2947944402694702,thyroid,lung,False
CVCL_1112,CVCL_1488,0.287642240524292,thyroid,lung,False
CVCL_1112,CVCL_0032,0.2870161533355713,thyroid,cervix,False
CVCL_1112,CVCL_1497,0.2783428728580475,thyroid,lung,False
CVCL_1112,CVCL_1100,0.2746218144893646,thyroid,cervix,False
CVCL_1112,CVCL_5134,0.27404993772506714,thyroid,lung,False
CVCL_1113,CVCL_A1UY,0.46140292286872864,bone,soft_tissue,False
CVCL_1113,CVCL_0698,0.4492320418357849,bone,fibroblast,False
CVCL_1113,CVCL_V617,0.44656261801719666,bone,fibroblast,False
CVCL_1113,CVCL_0878,0.437446653842926,bone,fibroblast,False
CVCL_1113,CVCL_8717,0.4314214587211609,bone,central_nervous_system,False
CVCL_1113,CVCL_0715,0.42838311195373535,bone,fibroblast,False
CVCL_1113,CVCL_0966,0.4264615476131439,bone,fibroblast,False
CVCL_1113,CVCL_A758,0.42456573247909546,bone,central_nervous_system,False
CVCL_1113,CVCL_0814,0.4205474257469177,bone,fibroblast,False
CVCL_1113,CVCL_1R16,0.41796842217445374,bone,central_nervous_system,False
CVCL_1113,CVCL_2909,0.41772371530532837,bone,bone,True
CVCL_1113,CVCL_0846,0.41449999809265137,bone,fibroblast,False
CVCL_1113,CVCL_2019,0.41317152976989746,bone,fibroblast,False
CVCL_1113,CVCL_0891,0.40665167570114136,bone,fibroblast,False
CVCL_1114,CVCL_1270,0.5793233513832092,breast,breast,True
CVCL_1114,CVCL_1681,0.5227848291397095,breast,upper_aerodigestive,False
CVCL_1114,CVCL_1293,0.496600478887558,breast,cervix,False
CVCL_1114,CVCL_3810,0.4955233037471771,breast,prostate,False
CVCL_1114,CVCL_1652,0.49343499541282654,breast,lung,False
CVCL_1114,CVCL_2226,0.4831514358520508,breast,upper_aerodigestive,False
CVCL_1114,CVCL_1634,0.4791967272758484,breast,pancreas,False
CVCL_1114,CVCL_A1VE,0.47430849075317383,breast,bile_duct,False
CVCL_1114,CVCL_2312,0.47088712453842163,breast,upper_aerodigestive,False
CVCL_1114,CVCL_2310,0.47043487429618835,breast,upper_aerodigestive,False
CVCL_1114,CVCL_5034,0.47020649909973145,breast,pancreas,False
CVCL_1114,CVCL_1245,0.46126046776771545,breast,breast,True
CVCL_1114,CVCL_2253,0.4609781801700592,breast,cervix,False
CVCL_1115,CVCL_2319,0.6057673692703247,breast,breast,True
CVCL_1115,CVCL_3424,0.5374743938446045,breast,breast,True
CVCL_1115,CVCL_1254,0.5108785629272461,breast,breast,True
CVCL_1115,CVCL_2062,0.5047432780265808,breast,breast,True
CVCL_1115,CVCL_1781,0.4920661151409149,breast,breast,True
CVCL_1115,CVCL_1812,0.4917105436325073,breast,breast,True
CVCL_1115,CVCL_1263,0.4891456663608551,breast,breast,True
CVCL_1115,CVCL_1251,0.4646487534046173,breast,breast,True
CVCL_1115,CVCL_0620,0.45655328035354614,breast,breast,True
CVCL_1115,CVCL_1252,0.44249293208122253,breast,breast,True
CVCL_1115,CVCL_1782,0.43562957644462585,breast,breast,True
CVCL_1117,CVCL_5010,0.655906081199646,central_nervous_system,central_nervous_system,True
CVCL_1117,CVCL_1715,0.6265243887901306,central_nervous_system,central_nervous_system,True
CVCL_1117,CVCL_1722,0.6262006759643555,central_nervous_system,central_nervous_system,True
CVCL_1117,CVCL_5069,0.6202264428138733,central_nervous_system,central_nervous_system,True
CVCL_1117,CVCL_1R16,0.614327609539032,central_nervous_system,central_nervous_system,True
CVCL_1117,CVCL_1795,0.5634399652481079,central_nervous_system,central_nervous_system,True
CVCL_1117,CVCL_3955,0.5529584288597107,central_nervous_system,central_nervous_system,True
CVCL_1117,CVCL_2297,0.552322506904602,central_nervous_system,central_nervous_system,True
CVCL_1117,CVCL_1798,0.5517276525497437,central_nervous_system,central_nervous_system,True
CVCL_1117,CVCL_1796,0.5488943457603455,central_nervous_system,central_nervous_system,True
CVCL_1117,CVCL_5033,0.5306549668312073,central_nervous_system,central_nervous_system,True
CVCL_1117,CVCL_3960,0.5280272364616394,central_nervous_system,central_nervous_system,True
CVCL_1117,CVCL_1173,0.5271714925765991,central_nervous_system,central_nervous_system,True
CVCL_1118,CVCL_0844,0.5063093304634094,central_nervous_system,central_nervous_system,True
CVCL_1118,CVCL_3956,0.4903796315193176,central_nervous_system,central_nervous_system,True
CVCL_1118,CVCL_1798,0.4902278482913971,central_nervous_system,central_nervous_system,True
CVCL_1118,CVCL_3960,0.47011885046958923,central_nervous_system,central_nervous_system,True
CVCL_1118,CVCL_5010,0.4695761799812317,central_nervous_system,central_nervous_system,True
CVCL_1118,CVCL_1706,0.46748465299606323,central_nervous_system,central_nervous_system,True
CVCL_1118,CVCL_1796,0.4649809002876282,central_nervous_system,central_nervous_system,True
CVCL_1118,CVCL_2297,0.46300914883613586,central_nervous_system,central_nervous_system,True
CVCL_1118,CVCL_1715,0.4574772119522095,central_nervous_system,central_nervous_system,True
CVCL_1118,CVCL_1323,0.44583767652511597,central_nervous_system,central_nervous_system,True
CVCL_1118,CVCL_1795,0.43535491824150085,central_nervous_system,central_nervous_system,True
CVCL_1118,CVCL_1722,0.43166086077690125,central_nervous_system,central_nervous_system,True
CVCL_1118,CVCL_1R16,0.4288763403892517,central_nervous_system,central_nervous_system,True
CVCL_1118,CVCL_1117,0.42543476819992065,central_nervous_system,central_nervous_system,True
CVCL_1118,CVCL_5069,0.4249330461025238,central_nervous_system,central_nervous_system,True
CVCL_1119,CVCL_A1UH,0.6731934547424316,pancreas,pancreas,True
CVCL_1119,CVCL_S507,0.6504753232002258,pancreas,pancreas,True
CVCL_1119,CVCL_5034,0.5824231505393982,pancreas,pancreas,True
CVCL_1119,CVCL_A1VG,0.5714830160140991,pancreas,bile_duct,False
CVCL_1119,CVCL_1637,0.5698806047439575,pancreas,pancreas,True
CVCL_1119,CVCL_A1VI,0.5565476417541504,pancreas,bile_duct,False
CVCL_1119,CVCL_5065,0.5531049966812134,pancreas,bile_duct,False
CVCL_1119,CVCL_1638,0.5495561361312866,pancreas,pancreas,True
CVCL_1119,CVCL_M469,0.5449719429016113,pancreas,pancreas,True
CVCL_1119,CVCL_LM84,0.5313408374786377,pancreas,pancreas,True
CVCL_1119,CVCL_A1VA,0.5261979699134827,pancreas,bile_duct,False
CVCL_1121,CVCL_1476,0.5769633650779724,lung,lung,True
CVCL_1121,CVCL_4996,0.4386981129646301,lung,cervix,False
CVCL_1121,CVCL_1481,0.4275863766670227,lung,lung,True
CVCL_1121,CVCL_1537,0.4212475121021271,lung,lung,True
CVCL_1121,CVCL_1532,0.3985126316547394,lung,lung,True
CVCL_1121,CVCL_1523,0.39453035593032837,lung,lung,True
CVCL_1121,CVCL_1654,0.3931911885738373,lung,lung,True
CVCL_1121,CVCL_2918,0.38622283935546875,lung,cervix,False
CVCL_1121,CVCL_3152,0.36824849247932434,lung,gastric,False
CVCL_1121,CVCL_1497,0.3570053279399872,lung,lung,True
CVCL_1121,CVCL_3337,0.35629379749298096,lung,esophagus,False
CVCL_1121,CVCL_1292,0.3539714217185974,lung,urinary_tract,False
CVCL_1121,CVCL_1350,0.3537612557411194,lung,esophagus,False
CVCL_1121,CVCL_1105,0.35297635197639465,lung,lung,True
CVCL_1122,CVCL_3317,0.6220060586929321,skin,skin,True
CVCL_1122,CVCL_0527,0.48446550965309143,skin,skin,True
CVCL_1122,CVCL_C307,0.4724547564983368,skin,eye,False
CVCL_1122,CVCL_6809,0.47114577889442444,skin,skin,True
CVCL_1122,CVCL_1036,0.4644562602043152,skin,skin,True
CVCL_1122,CVCL_1059,0.4506235122680664,skin,skin,True
CVCL_1122,CVCL_1403,0.44799745082855225,skin,skin,True
CVCL_1122,CVCL_A1VN,0.4469471275806427,skin,skin,True
CVCL_1122,CVCL_4D13,0.4468472898006439,skin,eye,False
CVCL_1122,CVCL_1303,0.44619694352149963,skin,skin,True
CVCL_1122,CVCL_6805,0.4458523392677307,skin,skin,True
CVCL_1122,CVCL_1133,0.44419360160827637,skin,skin,True
CVCL_1122,CVCL_2950,0.43704918026924133,skin,skin,True
CVCL_1122,CVCL_0039,0.43690428137779236,skin,skin,True
CVCL_1122,CVCL_A1UE,0.4359488785266876,skin,skin,True
CVCL_1123,CVCL_1606,0.8380897641181946,peripheral_nervous_system,peripheral_nervous_system,True
CVCL_1123,CVCL_1339,0.8371958136558533,peripheral_nervous_system,peripheral_nervous_system,True
CVCL_1123,CVCL_5627,0.8269990682601929,peripheral_nervous_system,peripheral_nervous_system,True
CVCL_1123,CVCL_2092,0.8249024152755737,peripheral_nervous_system,peripheral_nervous_system,True
CVCL_1123,CVCL_2143,0.8211564421653748,peripheral_nervous_system,peripheral_nervous_system,True
CVCL_1123,CVCL_1341,0.7937790751457214,peripheral_nervous_system,peripheral_nervous_system,True
CVCL_1123,CVCL_AX42,0.7894061803817749,peripheral_nervous_system,peripheral_nervous_system,True
CVCL_1123,CVCL_6594,0.7817230820655823,peripheral_nervous_system,peripheral_nervous_system,True
CVCL_1123,CVCL_2141,0.7716178894042969,peripheral_nervous_system,peripheral_nervous_system,True
CVCL_1123,CVCL_1701,0.7708304524421692,peripheral_nervous_system,peripheral_nervous_system,True
CVCL_1123,CVCL_AX49,0.7491626143455505,peripheral_nervous_system,peripheral_nervous_system,True
CVCL_1123,CVCL_1695,0.7475504875183105,peripheral_nervous_system,peripheral_nervous_system,True
CVCL_1123,CVCL_1605,0.7433228492736816,peripheral_nervous_system,peripheral_nervous_system,True
CVCL_1124,CVCL_2141,0.742260754108429,peripheral_nervous_system,peripheral_nervous_system,True
CVCL_1124,CVCL_1234,0.7056251168251038,peripheral_nervous_system,peripheral_nervous_system,True
CVCL_1124,CVCL_2143,0.6878088116645813,peripheral_nervous_system,peripheral_nervous_system,True
CVCL_1124,CVCL_5602,0.6787216663360596,peripheral_nervous_system,peripheral_nervous_system,True
CVCL_1124,CVCL_1701,0.6743178367614746,peripheral_nervous_system,peripheral_nervous_system,True
CVCL_1124,CVCL_1389,0.6719359159469604,peripheral_nervous_system,lung,False
CVCL_1124,CVCL_5627,0.6717391610145569,peripheral_nervous_system,peripheral_nervous_system,True
CVCL_1124,CVCL_1123,0.6692034006118774,peripheral_nervous_system,peripheral_nervous_system,True
CVCL_1124,CVCL_2092,0.6622986793518066,peripheral_nervous_system,peripheral_nervous_system,True
CVCL_1124,CVCL_1341,0.6573576331138611,peripheral_nervous_system,peripheral_nervous_system,True
CVCL_1124,CVCL_AX42,0.6564924120903015,peripheral_nervous_system,peripheral_nervous_system,True
CVCL_1124,CVCL_1568,0.6555650234222412,peripheral_nervous_system,lung,False
CVCL_1124,CVCL_6594,0.652263879776001,peripheral_nervous_system,peripheral_nervous_system,True
CVCL_1124,CVCL_1458,0.646331250667572,peripheral_nervous_system,lung,False
CVCL_1125,CVCL_1340,0.5727141499519348,peripheral_nervous_system,peripheral_nervous_system,True
CVCL_1125,CVCL_1700,0.5223172307014465,peripheral_nervous_system,peripheral_nervous_system,True
CVCL_1125,CVCL_AX49,0.5122700333595276,peripheral_nervous_system,peripheral_nervous_system,True
CVCL_1125,CVCL_2141,0.4897180497646332,peripheral_nervous_system,peripheral_nervous_system,True
CVCL_1125,CVCL_5627,0.4688071608543396,peripheral_nervous_system,peripheral_nervous_system,True
CVCL_1125,CVCL_1606,0.4680449068546295,peripheral_nervous_system,peripheral_nervous_system,True
CVCL_1125,CVCL_1771,0.4673229157924652,peripheral_nervous_system,peripheral_nervous_system,True
CVCL_1125,CVCL_1341,0.45798414945602417,peripheral_nervous_system,peripheral_nervous_system,True
CVCL_1125,CVCL_1339,0.4522572159767151,peripheral_nervous_system,peripheral_nervous_system,True
CVCL_1125,CVCL_0346,0.44208085536956787,peripheral_nervous_system,peripheral_nervous_system,True
CVCL_1125,CVCL_0528,0.442042738199234,peripheral_nervous_system,peripheral_nervous_system,True
CVCL_1125,CVCL_1440,0.44073382019996643,peripheral_nervous_system,peripheral_nervous_system,True
CVCL_1125,CVCL_1605,0.43826475739479065,peripheral_nervous_system,peripheral_nervous_system,True
CVCL_1125,CVCL_AX42,0.4379673898220062,peripheral_nervous_system,peripheral_nervous_system,True
CVCL_1125,CVCL_1234,0.4326299726963043,peripheral_nervous_system,peripheral_nervous_system,True
CVCL_1126,CVCL_1630,0.7324085235595703,blood,blood,True
CVCL_1126,CVCL_1327,0.7062356472015381,blood,blood,True
CVCL_1126,CVCL_1424,0.7045735716819763,blood,blood,True
CVCL_1126,CVCL_2022,0.6563770174980164,blood,blood,True
CVCL_1126,CVCL_1641,0.6245493292808533,blood,blood,True
CVCL_1126,CVCL_1805,0.6206481456756592,blood,blood,True
CVCL_1126,CVCL_1150,0.5961386561393738,blood,blood,True
CVCL_1126,CVCL_1380,0.591796875,blood,blood,True
CVCL_1126,CVCL_2016,0.5829123258590698,blood,lymphocyte,False
CVCL_1126,CVCL_1913,0.576222836971283,blood,blood,True
CVCL_1126,CVCL_1736,0.5660808086395264,blood,blood,True
CVCL_1126,CVCL_1714,0.5597528219223022,blood,blood,True
CVCL_1128,CVCL_1516,0.7374196648597717,lung,lung,True
CVCL_1128,CVCL_1141,0.7142271399497986,lung,lung,True
CVCL_1128,CVCL_1177,0.7133640050888062,lung,lung,True
CVCL_1128,CVCL_2418,0.6996983885765076,lung,lung,True
CVCL_1128,CVCL_1175,0.6914639472961426,lung,lung,True
CVCL_1128,CVCL_1565,0.678882360458374,lung,lung,True
CVCL_1128,CVCL_2438,0.6741940975189209,lung,lung,True
CVCL_1128,CVCL_1190,0.6663538217544556,lung,colorectal,False
CVCL_1128,CVCL_5129,0.657227635383606,lung,lung,True
CVCL_1128,CVCL_1454,0.6448476910591125,lung,lung,True
CVCL_1128,CVCL_1598,0.6359333395957947,lung,lung,True
CVCL_1128,CVCL_1522,0.622684895992279,lung,lung,True
CVCL_1128,CVCL_1525,0.6184977889060974,lung,lung,True
CVCL_1128,CVCL_1590,0.6137112379074097,lung,lung,True
CVCL_1129,CVCL_1587,0.45144402980804443,colorectal,colorectal,True
CVCL_1129,CVCL_3158,0.44012880325317383,colorectal,ovary,False
CVCL_1129,CVCL_1603,0.3823334276676178,colorectal,gastric,False
CVCL_1129,CVCL_EG28,0.37818944454193115,colorectal,colorectal,True
CVCL_1129,CVCL_0178,0.3715382516384125,colorectal,breast,False
CVCL_1129,CVCL_1383,0.3668433129787445,colorectal,colorectal,True
CVCL_1129,CVCL_VV27,0.3645602762699127,colorectal,bile_duct,False
CVCL_1129,CVCL_5005,0.35882335901260376,colorectal,upper_aerodigestive,False
CVCL_1129,CVCL_0033,0.35435545444488525,colorectal,breast,False
CVCL_1129,CVCL_3152,0.3476075530052185,colorectal,gastric,False
CVCL_1129,CVCL_1729,0.3426152467727661,colorectal,colorectal,True
CVCL_1129,CVCL_2752,0.34022194147109985,colorectal,urinary_tract,False
CVCL_1129,CVCL_1292,0.33966317772865295,colorectal,urinary_tract,False
CVCL_1129,CVCL_1400,0.3354171812534332,colorectal,breast,False
CVCL_1129,CVCL_1764,0.3335345983505249,colorectal,esophagus,False
CVCL_1130,CVCL_1137,0.6531498432159424,skin,skin,True
CVCL_1130,CVCL_2765,0.6286417245864868,skin,skin,True
CVCL_1130,CVCL_2408,0.6257685422897339,skin,skin,True
CVCL_1130,CVCL_1780,0.6151182651519775,skin,skin,True
CVCL_1130,CVCL_1135,0.6142680048942566,skin,skin,True
CVCL_1130,CVCL_1057,0.6118480563163757,skin,skin,True
CVCL_1130,CVCL_A1VN,0.6100374460220337,skin,skin,True
CVCL_1130,CVCL_1097,0.600335419178009,skin,skin,True
CVCL_1130,CVCL_6805,0.5981783866882324,skin,skin,True
CVCL_1130,CVCL_2950,0.5930298566818237,skin,skin,True
CVCL_1130,CVCL_0527,0.5929808616638184,skin,skin,True
CVCL_1130,CVCL_A341,0.5905421376228333,skin,skin,True
CVCL_1130,CVCL_1692,0.5857465267181396,skin,skin,True
CVCL_1130,CVCL_0331,0.577721118927002,skin,skin,True
CVCL_1130,CVCL_1672,0.5708335041999817,skin,skin,True
CVCL_1131,CVCL_5005,0.5742443203926086,esophagus,upper_aerodigestive,False
CVCL_1131,CVCL_2312,0.5476943850517273,esophagus,upper_aerodigestive,False
CVCL_1131,CVCL_1764,0.541371762752533,esophagus,esophagus,True
CVCL_1131,CVCL_1258,0.5264348983764648,esophagus,breast,False
CVCL_1131,CVCL_1759,0.522975504398346,esophagus,esophagus,True
CVCL_1131,CVCL_1218,0.5176045298576355,esophagus,upper_aerodigestive,False
CVCL_1131,CVCL_8705,0.5118366479873657,esophagus,cervix,False
CVCL_1131,CVCL_3087,0.5057536959648132,esophagus,upper_aerodigestive,False
CVCL_1131,CVCL_2678,0.50089031457901,esophagus,upper_aerodigestive,False
CVCL_1131,CVCL_1704,0.4928809106349945,esophagus,cervix,False
CVCL_1131,CVCL_1083,0.49280524253845215,esophagus,urinary_tract,False
CVCL_1131,CVCL_2465,0.491140216588974,esophagus,upper_aerodigestive,False
CVCL_1132,CVCL_1792,0.7178829908370972,uterus,eye,False
CVCL_1132,CVCL_1591,0.6808258295059204,uterus,lung,False
CVCL_1132,CVCL_1893,0.6723020076751709,uterus,eye,False
CVCL_1132,CVCL_0024,0.6303531527519226,uterus,lung,False
CVCL_1132,CVCL_1568,0.6269742846488953,uterus,lung,False
CVCL_1132,CVCL_1389,0.6056811809539795,uterus,lung,False
CVCL_1132,CVCL_1454,0.5933613181114197,uterus,lung,False
CVCL_1132,CVCL_1536,0.5738462209701538,uterus,lung,False
CVCL_1132,CVCL_1489,0.5667995810508728,uterus,lung,False
CVCL_1132,CVCL_1140,0.5662465691566467,uterus,lung,False
CVCL_1132,CVCL_1456,0.5587365031242371,uterus,lung,False
CVCL_1132,CVCL_1480,0.5583004355430603,uterus,lung,False
CVCL_1132,CVCL_2058,0.5546566843986511,uterus,lung,False
CVCL_1132,CVCL_2409,0.548615574836731,uterus,lung,False
CVCL_1133,CVCL_2075,0.7837663888931274,skin,skin,True
CVCL_1133,CVCL_6025,0.7652497887611389,skin,skin,True
CVCL_1133,CVCL_1220,0.7622555494308472,skin,skin,True
CVCL_1133,CVCL_1779,0.7288282513618469,skin,skin,True
CVCL_1133,CVCL_2605,0.7149516344070435,skin,skin,True
CVCL_1133,CVCL_5951,0.7132676839828491,skin,skin,True
CVCL_1133,CVCL_1282,0.7103400826454163,skin,skin,True
CVCL_1133,CVCL_1303,0.7086257338523865,skin,skin,True
CVCL_1133,CVCL_0039,0.69203120470047,skin,skin,True
CVCL_1133,CVCL_0526,0.6860201358795166,skin,skin,True
CVCL_1133,CVCL_C301,0.6848178505897522,skin,eye,False
CVCL_1134,CVCL_1303,0.7236403226852417,skin,skin,True
CVCL_1134,CVCL_3962,0.7177410125732422,skin,central_nervous_system,False
CVCL_1134,CVCL_1779,0.7029339075088501,skin,skin,True
CVCL_1134,CVCL_2075,0.6964124441146851,skin,skin,True
CVCL_1134,CVCL_0445,0.6910102367401123,skin,skin,True
CVCL_1134,CVCL_2950,0.6905965805053711,skin,skin,True
CVCL_1134,CVCL_1692,0.6555911898612976,skin,skin,True
CVCL_1134,CVCL_2605,0.653992772102356,skin,skin,True
CVCL_1134,CVCL_1672,0.6485068798065186,skin,skin,True
CVCL_1134,CVCL_0527,0.6398966312408447,skin,skin,True
CVCL_1134,CVCL_0526,0.6396227478981018,skin,skin,True
CVCL_1134,CVCL_0550,0.6384031772613525,skin,skin,True
CVCL_1134,CVCL_1402,0.637842059135437,skin,skin,True
CVCL_1134,CVCL_5951,0.634185791015625,skin,skin,True
CVCL_1135,CVCL_2408,0.9396710395812988,skin,skin,True
CVCL_1135,CVCL_A341,0.7958224415779114,skin,skin,True
CVCL_1135,CVCL_6809,0.751263439655304,skin,skin,True
CVCL_1135,CVCL_2765,0.7470349073410034,skin,skin,True
CVCL_1135,CVCL_1438,0.7290862202644348,skin,skin,True
CVCL_1135,CVCL_6805,0.7249168157577515,skin,skin,True
CVCL_1135,CVCL_1672,0.7050570845603943,skin,skin,True
CVCL_1135,CVCL_0039,0.6966531276702881,skin,skin,True
CVCL_1135,CVCL_1137,0.6826024651527405,skin,skin,True
CVCL_1135,CVCL_1692,0.6707928776741028,skin,skin,True
CVCL_1136,CVCL_1261,0.6434243321418762,breast,breast,True
CVCL_1136,CVCL_1256,0.5225540995597839,breast,breast,True
CVCL_1136,CVCL_1255,0.4373661279678345,breast,breast,True
CVCL_1136,CVCL_1245,0.42983806133270264,breast,breast,True
CVCL_1136,CVCL_1267,0.3863072991371155,breast,breast,True
CVCL_1136,CVCL_1247,0.38461315631866455,breast,breast,True
CVCL_1136,CVCL_0290,0.3635093867778778,breast,breast,True
CVCL_1136,CVCL_1106,0.3442037105560303,breast,breast,True
CVCL_1136,CVCL_0419,0.33641955256462097,breast,breast,True
CVCL_1136,CVCL_2754,0.2854185700416565,breast,breast,True
CVCL_1136,CVCL_1842,0.28541722893714905,breast,esophagus,False
CVCL_1136,CVCL_2319,0.2784541845321655,breast,breast,True
CVCL_1136,CVCL_0851,0.27629080414772034,breast,skin,False
CVCL_1136,CVCL_1270,0.2707490622997284,breast,breast,True
CVCL_1136,CVCL_1249,0.2691422700881958,breast,breast,True
CVCL_1137,CVCL_3962,0.7541083097457886,skin,central_nervous_system,False
CVCL_1137,CVCL_2765,0.75031578540802,skin,skin,True
CVCL_1137,CVCL_A341,0.7472549080848694,skin,skin,True
CVCL_1137,CVCL_2408,0.6890630125999451,skin,skin,True
CVCL_1137,CVCL_1672,0.6682069897651672,skin,skin,True
CVCL_1137,CVCL_0318,0.6571937799453735,skin,skin,True
CVCL_1137,CVCL_6809,0.6522156000137329,skin,skin,True
CVCL_1137,CVCL_6805,0.6501829624176025,skin,skin,True
CVCL_1137,CVCL_0527,0.6501268148422241,skin,skin,True
CVCL_1137,CVCL_1097,0.6444756984710693,skin,skin,True
CVCL_1137,CVCL_0526,0.6417495012283325,skin,skin,True
CVCL_1137,CVCL_1692,0.6322137713432312,skin,skin,True
CVCL_1138,CVCL_VV28,0.42928916215896606,lung,bile_duct,False
CVCL_1138,CVCL_A1VI,0.38177111744880676,lung,bile_duct,False
CVCL_1138,CVCL_5008,0.38170096278190613,lung,bile_duct,False
CVCL_1138,CVCL_4056,0.35675159096717834,lung,pancreas,False
CVCL_1138,CVCL_1119,0.350615918636322,lung,pancreas,False
CVCL_1138,CVCL_8147,0.3498205542564392,lung,pancreas,False
CVCL_1138,CVCL_A1VE,0.34415578842163086,lung,bile_duct,False
CVCL_1138,CVCL_0609,0.34314972162246704,lung,lung,True
CVCL_1138,CVCL_1265,0.3429730534553528,lung,lung,True
CVCL_1138,CVCL_1709,0.3416377604007721,lung,colorectal,False
CVCL_1138,CVCL_8067,0.3410192131996155,lung,lung,True
CVCL_1138,CVCL_5034,0.3398085832595825,lung,pancreas,False
CVCL_1138,CVCL_5065,0.33117616176605225,lung,bile_duct,False
CVCL_1138,CVCL_2214,0.33033981919288635,lung,bile_duct,False
CVCL_1138,CVCL_5051,0.32766538858413696,lung,pancreas,False
CVCL_1139,CVCL_B260,0.4476807117462158,lung,lung,True
CVCL_1139,CVCL_4897,0.3987182080745697,lung,pancreas,False
CVCL_1139,CVCL_3020,0.398566871881485,lung,ovary,False
CVCL_1139,CVCL_1769,0.3870944678783417,lung,bile_duct,False
CVCL_1139,CVCL_1635,0.3796289563179016,lung,pancreas,False
CVCL_1139,CVCL_1638,0.37937992811203003,lung,pancreas,False
CVCL_1139,CVCL_1482,0.3722344636917114,lung,lung,True
CVCL_1139,CVCL_1633,0.36968889832496643,lung,pancreas,False
CVCL_1139,CVCL_4717,0.3658718466758728,lung,pancreas,False
CVCL_1139,CVCL_1295,0.36342358589172363,lung,thyroid,False
CVCL_1139,CVCL_1634,0.35804587602615356,lung,pancreas,False
CVCL_1139,CVCL_1337,0.35754263401031494,lung,upper_aerodigestive,False
CVCL_1139,CVCL_8064,0.35408714413642883,lung,thyroid,False
CVCL_1139,CVCL_1652,0.3538895547389984,lung,lung,True
CVCL_1139,CVCL_1376,0.34757471084594727,lung,lung,True
CVCL_1140,CVCL_1454,0.7808403968811035,lung,lung,True
CVCL_1140,CVCL_2186,0.7232561707496643,lung,lung,True
CVCL_1140,CVCL_1175,0.7146368026733398,lung,lung,True
CVCL_1140,CVCL_1579,0.7143357396125793,lung,lung,True
CVCL_1140,CVCL_1391,0.7133331298828125,lung,lung,True
CVCL_1140,CVCL_1522,0.7126268744468689,lung,lung,True
CVCL_1140,CVCL_1598,0.6923933625221252,lung,lung,True
CVCL_1140,CVCL_2415,0.6905685663223267,lung,lung,True
CVCL_1140,CVCL_2418,0.6894482970237732,lung,lung,True
CVCL_1140,CVCL_1471,0.6885662078857422,lung,lung,True
CVCL_1140,CVCL_1387,0.6858696937561035,lung,lung,True
CVCL_1140,CVCL_1568,0.6735092997550964,lung,lung,True
CVCL_1140,CVCL_1536,0.6734679937362671,lung,lung,True
CVCL_1140,CVCL_1525,0.6728841066360474,lung,lung,True
CVCL_1141,CVCL_1175,0.7648534178733826,lung,lung,True
CVCL_1141,CVCL_1565,0.747546911239624,lung,lung,True
CVCL_1141,CVCL_1516,0.7198408246040344,lung,lung,True
CVCL_1141,CVCL_1454,0.7131948471069336,lung,lung,True
CVCL_1141,CVCL_2418,0.7129020690917969,lung,lung,True
CVCL_1141,CVCL_1525,0.7098810076713562,lung,lung,True
CVCL_1141,CVCL_1598,0.7070462107658386,lung,lung,True
CVCL_1141,CVCL_1539,0.7056851983070374,lung,lung,True
CVCL_1141,CVCL_1498,0.7019631862640381,lung,lung,True
CVCL_1141,CVCL_1522,0.6853100657463074,lung,lung,True
CVCL_1141,CVCL_1480,0.6849368810653687,lung,lung,True
CVCL_1141,CVCL_1473,0.6785323619842529,lung,lung,True
CVCL_1141,CVCL_1387,0.6759257316589355,lung,lung,True
CVCL_1141,CVCL_2919,0.6633124351501465,lung,cervix,False
CVCL_1150,CVCL_1913,0.6732229590415955,blood,blood,True
CVCL_1150,CVCL_2022,0.6696348786354065,blood,blood,True
CVCL_1150,CVCL_1424,0.6576254963874817,blood,blood,True
CVCL_1150,CVCL_1380,0.6567673683166504,blood,blood,True
CVCL_1150,CVCL_1641,0.6557403206825256,blood,blood,True
CVCL_1150,CVCL_1327,0.6462159156799316,blood,blood,True
CVCL_1150,CVCL_1630,0.6273985505104065,blood,blood,True
CVCL_1150,CVCL_1805,0.5922223925590515,blood,blood,True
CVCL_1150,CVCL_1736,0.5859124660491943,blood,blood,True
CVCL_1150,CVCL_1667,0.5854390859603882,blood,blood,True
CVCL_1150,CVCL_1714,0.5521979928016663,blood,blood,True
CVCL_1150,CVCL_1321,0.5267544984817505,blood,blood,True
CVCL_1151,CVCL_1980,0.7726863622665405,colorectal,colorectal,True
CVCL_1151,CVCL_5044,0.7612255811691284,colorectal,colorectal,True
CVCL_1151,CVCL_1386,0.7142831087112427,colorectal,colorectal,True
CVCL_1151,CVCL_1718,0.70790034532547,colorectal,colorectal,True
CVCL_1151,CVCL_2917,0.7062575817108154,colorectal,colorectal,True
CVCL_1151,CVCL_2873,0.7017512321472168,colorectal,colorectal,True
CVCL_1151,CVCL_0555,0.6991572380065918,colorectal,colorectal,True
CVCL_1151,CVCL_1564,0.6953503489494324,colorectal,colorectal,True
CVCL_1151,CVCL_5111,0.6793872714042664,colorectal,colorectal,True
CVCL_1151,CVCL_5249,0.6763762831687927,colorectal,colorectal,True
CVCL_1151,CVCL_1235,0.6677868366241455,colorectal,colorectal,True
CVCL_1151,CVCL_2035,0.663134753704071,colorectal,esophagus,False
CVCL_1151,CVCL_2450,0.6611244082450867,colorectal,colorectal,True
CVCL_1151,CVCL_5250,0.6546367406845093,colorectal,colorectal,True
CVCL_1155,CVCL_1161,0.6047291159629822,central_nervous_system,central_nervous_system,True
CVCL_1155,CVCL_VU79,0.5943525433540344,central_nervous_system,central_nervous_system,True
CVCL_1155,CVCL_1275,0.5811792016029358,central_nervous_system,central_nervous_system,True
CVCL_1155,CVCL_1591,0.5458816289901733,central_nervous_system,lung,False
CVCL_1155,CVCL_1893,0.5132972598075867,central_nervous_system,eye,False
CVCL_1155,CVCL_1132,0.5086334347724915,central_nervous_system,uterus,False
CVCL_1155,CVCL_1792,0.5018883347511292,central_nervous_system,eye,False
CVCL_1155,CVCL_2141,0.45864373445510864,central_nervous_system,peripheral_nervous_system,False
CVCL_1155,CVCL_1124,0.44441959261894226,central_nervous_system,peripheral_nervous_system,False
CVCL_1155,CVCL_0346,0.44128257036209106,central_nervous_system,peripheral_nervous_system,False
CVCL_1155,CVCL_2143,0.42777082324028015,central_nervous_system,peripheral_nervous_system,False
CVCL_1155,CVCL_1568,0.4251808822154999,central_nervous_system,lung,False
CVCL_1155,CVCL_1412,0.4154997766017914,central_nervous_system,peripheral_nervous_system,False
CVCL_1155,CVCL_1123,0.4081951379776001,central_nervous_system,peripheral_nervous_system,False
CVCL_1161,CVCL_1275,0.7982575297355652,central_nervous_system,central_nervous_system,True
CVCL_1161,CVCL_VU79,0.6875041127204895,central_nervous_system,central_nervous_system,True
CVCL_1161,CVCL_1591,0.6541309356689453,central_nervous_system,lung,False
CVCL_1161,CVCL_1792,0.6047483086585999,central_nervous_system,eye,False
CVCL_1161,CVCL_1893,0.6028304100036621,central_nervous_system,eye,False
CVCL_1161,CVCL_1132,0.5425117015838623,central_nervous_system,uterus,False
CVCL_1161,CVCL_1568,0.4965810179710388,central_nervous_system,lung,False
CVCL_1161,CVCL_M599,0.4089311957359314,central_nervous_system,soft_tissue,False
CVCL_1161,CVCL_1124,0.40698546171188354,central_nervous_system,peripheral_nervous_system,False
CVCL_1161,CVCL_2141,0.4035789370536804,central_nervous_system,peripheral_nervous_system,False
CVCL_1161,CVCL_0024,0.40323078632354736,central_nervous_system,lung,False
CVCL_1161,CVCL_1176,0.3853868246078491,central_nervous_system,lung,False
CVCL_1161,CVCL_1140,0.3762802481651306,central_nervous_system,lung,False
CVCL_1167,CVCL_2585,0.53377366065979,central_nervous_system,skin,False
CVCL_1167,CVCL_2584,0.5118468403816223,central_nervous_system,skin,False
CVCL_1167,CVCL_2798,0.48704370856285095,central_nervous_system,central_nervous_system,True
CVCL_1167,CVCL_1R17,0.4726947546005249,central_nervous_system,central_nervous_system,True
CVCL_1167,CVCL_YU13,0.4711434543132782,central_nervous_system,peripheral_nervous_system,False
CVCL_1167,CVCL_M823,0.46449539065361023,central_nervous_system,soft_tissue,False
CVCL_1167,CVCL_1R16,0.46202248334884644,central_nervous_system,central_nervous_system,True
CVCL_1167,CVCL_0401,0.43945926427841187,central_nervous_system,central_nervous_system,True
CVCL_1167,CVCL_1239,0.43050166964530945,central_nervous_system,central_nervous_system,True
CVCL_1167,CVCL_3603,0.4304916262626648,central_nervous_system,thyroid,False
CVCL_1167,CVCL_2588,0.4237111508846283,central_nervous_system,colorectal,False
CVCL_1167,CVCL_5069,0.4223652482032776,central_nervous_system,central_nervous_system,True
CVCL_1167,CVCL_1798,0.42010581493377686,central_nervous_system,central_nervous_system,True
CVCL_1168,CVCL_1179,0.7039644122123718,lymphocyte,lymphocyte,True
CVCL_1168,CVCL_1889,0.6968455910682678,lymphocyte,lymphocyte,True
CVCL_1168,CVCL_1088,0.6759240031242371,lymphocyte,lymphocyte,True
CVCL_1168,CVCL_1087,0.6758227944374084,lymphocyte,lymphocyte,True
CVCL_1168,CVCL_1902,0.6666841506958008,lymphocyte,lymphocyte,True
CVCL_1168,CVCL_0008,0.6635750532150269,lymphocyte,lymphocyte,True
CVCL_1168,CVCL_1222,0.6540781855583191,lymphocyte,lymphocyte,True
CVCL_1168,CVCL_2676,0.6479107141494751,lymphocyte,lymphocyte,True
CVCL_1168,CVCL_1186,0.6352046132087708,lymphocyte,lymphocyte,True
CVCL_1168,CVCL_1325,0.6339225769042969,lymphocyte,lymphocyte,True
CVCL_1168,CVCL_B371,0.6335859298706055,lymphocyte,lymphocyte,True
CVCL_1168,CVCL_1660,0.6329633593559265,lymphocyte,lymphocyte,True
CVCL_1168,CVCL_0511,0.6277121901512146,lymphocyte,lymphocyte,True
CVCL_1168,CVCL_1290,0.6256876587867737,lymphocyte,lymphocyte,True
CVCL_1169,CVCL_1608,0.6277009844779968,central_nervous_system,central_nervous_system,True
CVCL_1169,CVCL_3955,0.564075767993927,central_nervous_system,central_nervous_system,True
CVCL_1169,CVCL_1227,0.5538109540939331,central_nervous_system,central_nervous_system,True
CVCL_1169,CVCL_2799,0.5248038172721863,central_nervous_system,central_nervous_system,True
CVCL_1169,CVCL_5033,0.5139615535736084,central_nervous_system,central_nervous_system,True
CVCL_1169,CVCL_6735,0.5061722993850708,central_nervous_system,central_nervous_system,True
CVCL_1169,CVCL_5010,0.4908917248249054,central_nervous_system,central_nervous_system,True
CVCL_1169,CVCL_0844,0.4820253252983093,central_nervous_system,central_nervous_system,True
CVCL_1169,CVCL_5069,0.4792565405368805,central_nervous_system,central_nervous_system,True
CVCL_1169,CVCL_1796,0.4628966152667999,central_nervous_system,central_nervous_system,True
CVCL_1169,CVCL_3958,0.45247092843055725,central_nervous_system,central_nervous_system,True
CVCL_1169,CVCL_1R14,0.4512374997138977,central_nervous_system,central_nervous_system,True
CVCL_1169,CVCL_1323,0.4465399384498596,central_nervous_system,central_nervous_system,True
CVCL_1170,CVCL_2093,0.8043398857116699,lymphocyte,lymphocyte,True
CVCL_1170,CVCL_1711,0.7658615112304688,lymphocyte,lymphocyte,True
CVCL_1170,CVCL_2209,0.7552546858787537,lymphocyte,lymphocyte,True
CVCL_1170,CVCL_1324,0.7129998803138733,lymphocyte,lymphocyte,True
CVCL_1170,CVCL_2098,0.656379222869873,lymphocyte,lymphocyte,True
CVCL_1170,CVCL_1683,0.5435981154441833,lymphocyte,lymphocyte,True
CVCL_1170,CVCL_H614,0.5413607954978943,lymphocyte,lymphocyte,True
CVCL_1170,CVCL_1362,0.47164928913116455,lymphocyte,lymphocyte,True
CVCL_1170,CVCL_H637,0.41229158639907837,lymphocyte,lymphocyte,True
CVCL_1170,CVCL_8796,0.4053245484828949,lymphocyte,lymphocyte,True
CVCL_1170,CVCL_3526,0.3828117549419403,lymphocyte,lymphocyte,True
CVCL_1170,CVCL_RL84,0.3684367835521698,lymphocyte,lymphocyte,True
CVCL_1170,CVCL_1414,0.3666984438896179,lymphocyte,lymphocyte,True
CVCL_1170,CVCL_1321,0.36370980739593506,lymphocyte,blood,False
CVCL_1171,CVCL_2750,0.5786340832710266,upper_aerodigestive,urinary_tract,False
CVCL_1171,CVCL_5005,0.5550228357315063,upper_aerodigestive,upper_aerodigestive,True
CVCL_1171,CVCL_1107,0.5452077388763428,upper_aerodigestive,upper_aerodigestive,True
CVCL_1171,CVCL_L085,0.5438620448112488,upper_aerodigestive,upper_aerodigestive,True
CVCL_1171,CVCL_2312,0.5362821221351624,upper_aerodigestive,upper_aerodigestive,True
CVCL_1171,CVCL_2226,0.5189759731292725,upper_aerodigestive,upper_aerodigestive,True
CVCL_1171,CVCL_2229,0.5063657164573669,upper_aerodigestive,upper_aerodigestive,True
CVCL_1171,CVCL_1108,0.501081109046936,upper_aerodigestive,upper_aerodigestive,True
CVCL_1171,CVCL_1287,0.4962402582168579,upper_aerodigestive,upper_aerodigestive,True
CVCL_1171,CVCL_1808,0.4930129647254944,upper_aerodigestive,urinary_tract,False
CVCL_1171,CVCL_1681,0.49124085903167725,upper_aerodigestive,upper_aerodigestive,True
CVCL_1171,CVCL_1337,0.4911651015281677,upper_aerodigestive,upper_aerodigestive,True
CVCL_1171,CVCL_1335,0.4902869164943695,upper_aerodigestive,lung,False
CVCL_1171,CVCL_3160,0.4894431233406067,upper_aerodigestive,upper_aerodigestive,True
CVCL_1171,CVCL_6950,0.48445966839790344,upper_aerodigestive,cervix,False
CVCL_1173,CVCL_1795,0.6144409775733948,central_nervous_system,central_nervous_system,True
CVCL_1173,CVCL_0878,0.5936249494552612,central_nervous_system,fibroblast,False
CVCL_1173,CVCL_0932,0.5870208144187927,central_nervous_system,fibroblast,False
CVCL_1173,CVCL_3605,0.5791420340538025,central_nervous_system,fibroblast,False
CVCL_1173,CVCL_0891,0.5648096203804016,central_nervous_system,fibroblast,False
CVCL_1173,CVCL_A1UX,0.5567445158958435,central_nervous_system,bone,False
CVCL_1173,CVCL_1740,0.5522739887237549,central_nervous_system,fibroblast,False
CVCL_1173,CVCL_0941,0.5490821599960327,central_nervous_system,fibroblast,False
CVCL_1173,CVCL_0928,0.5372956395149231,central_nervous_system,fibroblast,False
CVCL_1173,CVCL_1031,0.5354650020599365,central_nervous_system,fibroblast,False
CVCL_1173,CVCL_1798,0.5351942777633667,central_nervous_system,central_nervous_system,True
CVCL_1173,CVCL_3806,0.5329774618148804,central_nervous_system,fibroblast,False
CVCL_1173,CVCL_5033,0.5316556096076965,central_nervous_system,central_nervous_system,True
CVCL_1173,CVCL_0846,0.5307754278182983,central_nervous_system,fibroblast,False
CVCL_1173,CVCL_2909,0.5284673571586609,central_nervous_system,bone,False
CVCL_1174,CVCL_1595,0.5877020955085754,lung,lung,True
CVCL_1174,CVCL_1577,0.5024643540382385,lung,lung,True
CVCL_1174,CVCL_2034,0.49466660618782043,lung,uterus,False
CVCL_1174,CVCL_1507,0.48614540696144104,lung,lung,True
CVCL_1174,CVCL_1542,0.4839792847633362,lung,lung,True
CVCL_1174,CVCL_1547,0.4796695411205292,lung,lung,True
CVCL_1174,CVCL_3612,0.46984177827835083,lung,ovary,False
CVCL_1174,CVCL_2143,0.44903504848480225,lung,peripheral_nervous_system,False
CVCL_1174,CVCL_1567,0.44666486978530884,lung,lung,True
CVCL_1174,CVCL_2409,0.44607269763946533,lung,lung,True
CVCL_1174,CVCL_1479,0.4375306963920593,lung,lung,True
CVCL_1174,CVCL_1490,0.43443378806114197,lung,lung,True
CVCL_1174,CVCL_1456,0.42941832542419434,lung,lung,True
CVCL_1175,CVCL_1525,0.7747209072113037,lung,lung,True
CVCL_1175,CVCL_1454,0.7512690424919128,lung,lung,True
CVCL_1175,CVCL_2418,0.7463554739952087,lung,lung,True
CVCL_1175,CVCL_1471,0.7356950640678406,lung,lung,True
CVCL_1175,CVCL_1480,0.7209232449531555,lung,lung,True
CVCL_1175,CVCL_1565,0.7188944816589355,lung,lung,True
CVCL_1175,CVCL_1522,0.7169872522354126,lung,lung,True
CVCL_1175,CVCL_1539,0.7146826386451721,lung,lung,True
CVCL_1175,CVCL_1516,0.7131825089454651,lung,lung,True
CVCL_1175,CVCL_1391,0.7104651927947998,lung,lung,True
CVCL_1175,CVCL_2415,0.701789915561676,lung,lung,True
CVCL_1175,CVCL_1455,0.6929336786270142,lung,lung,True
CVCL_1176,CVCL_1568,0.6464053392410278,lung,lung,True
CVCL_1176,CVCL_1536,0.5994778871536255,lung,lung,True
CVCL_1176,CVCL_1389,0.5964607000350952,lung,lung,True
CVCL_1176,CVCL_1489,0.5957136154174805,lung,lung,True
CVCL_1176,CVCL_1562,0.5655643343925476,lung,lung,True
CVCL_1176,CVCL_0024,0.5539767146110535,lung,lung,True
CVCL_1176,CVCL_1124,0.5427988767623901,lung,peripheral_nervous_system,False
CVCL_1176,CVCL_1454,0.5416056513786316,lung,lung,True
CVCL_1176,CVCL_0346,0.5290176868438721,lung,peripheral_nervous_system,False
CVCL_1176,CVCL_2409,0.5282884240150452,lung,lung,True
CVCL_1176,CVCL_1456,0.5246036648750305,lung,lung,True
CVCL_1176,CVCL_1542,0.5204839706420898,lung,lung,True
CVCL_1176,CVCL_2058,0.5202678442001343,lung,lung,True
CVCL_1176,CVCL_1579,0.513620913028717,lung,lung,True
CVCL_1176,CVCL_1140,0.5075389742851257,lung,lung,True
CVCL_1177,CVCL_1565,0.6517325043678284,lung,lung,True
CVCL_1177,CVCL_5129,0.6435644626617432,lung,lung,True
CVCL_1177,CVCL_2438,0.6282206177711487,lung,lung,True
CVCL_1177,CVCL_1516,0.6145957112312317,lung,lung,True
CVCL_1177,CVCL_1141,0.6099860072135925,lung,lung,True
CVCL_1177,CVCL_1175,0.5968946814537048,lung,lung,True
CVCL_1177,CVCL_1590,0.5691622495651245,lung,lung,True
CVCL_1177,CVCL_1522,0.5649020075798035,lung,lung,True
CVCL_1177,CVCL_1576,0.5622137784957886,lung,prostate,False
CVCL_1177,CVCL_1774,0.5611136555671692,lung,thyroid,False
CVCL_1177,CVCL_1487,0.5466364622116089,lung,lung,True
CVCL_1177,CVCL_1466,0.5456315279006958,lung,lung,True
CVCL_1177,CVCL_1584,0.5437782406806946,lung,lung,True
CVCL_1178,CVCL_1454,0.6779009103775024,lung,lung,True
CVCL_1178,CVCL_1480,0.676597535610199,lung,lung,True
CVCL_1178,CVCL_1455,0.6710443496704102,lung,lung,True
CVCL_1178,CVCL_1576,0.6708269715309143,lung,prostate,False
CVCL_1178,CVCL_1565,0.6609353423118591,lung,lung,True
CVCL_1178,CVCL_1458,0.6392863392829895,lung,lung,True
CVCL_1178,CVCL_1525,0.6371488571166992,lung,lung,True
CVCL_1178,CVCL_1510,0.6323486566543579,lung,lung,True
CVCL_1178,CVCL_0024,0.6287538409233093,lung,lung,True
CVCL_1178,CVCL_1175,0.6254146099090576,lung,lung,True
CVCL_1178,CVCL_1536,0.6147498488426208,lung,lung,True
CVCL_1178,CVCL_1140,0.6118545532226562,lung,lung,True
CVCL_1178,CVCL_1503,0.6072847843170166,lung,lung,True
CVCL_1178,CVCL_1539,0.6067643761634827,lung,lung,True
CVCL_1178,CVCL_1391,0.6042251586914062,lung,lung,True
CVCL_1179,CVCL_1902,0.7690470814704895,lymphocyte,lymphocyte,True
CVCL_1179,CVCL_1889,0.7507893443107605,lymphocyte,lymphocyte,True
CVCL_1179,CVCL_1967,0.7486794590950012,lymphocyte,lymphocyte,True
CVCL_1179,CVCL_1660,0.7374332547187805,lymphocyte,lymphocyte,True
CVCL_1179,CVCL_1222,0.7244081497192383,lymphocyte,lymphocyte,True
CVCL_1179,CVCL_2676,0.713242769241333,lymphocyte,lymphocyte,True
CVCL_1179,CVCL_2206,0.7113745808601379,lymphocyte,lymphocyte,True
CVCL_1179,CVCL_1793,0.7073168158531189,lymphocyte,lymphocyte,True
CVCL_1179,CVCL_1819,0.6800109148025513,lymphocyte,lymphocyte,True
CVCL_1181,CVCL_2314,0.5272477269172668,cervix,upper_aerodigestive,False
CVCL_1181,CVCL_2315,0.5092403888702393,cervix,upper_aerodigestive,False
CVCL_1181,CVCL_2312,0.49843648076057434,cervix,upper_aerodigestive,False
CVCL_1181,CVCL_1763,0.4867502450942993,cervix,esophagus,False
CVCL_1181,CVCL_2750,0.4749418795108795,cervix,urinary_tract,False
CVCL_1181,CVCL_6950,0.4721059799194336,cervix,cervix,True
CVCL_1181,CVCL_1171,0.4720938503742218,cervix,upper_aerodigestive,False
CVCL_1181,CVCL_A429,0.47122764587402344,cervix,bile_duct,False
CVCL_1181,CVCL_1107,0.4634493887424469,cervix,upper_aerodigestive,False
CVCL_1181,CVCL_1684,0.4530613422393799,cervix,upper_aerodigestive,False
CVCL_1181,CVCL_5105,0.446711927652359,cervix,upper_aerodigestive,False
CVCL_1181,CVCL_1808,0.43201881647109985,cervix,urinary_tract,False
CVCL_1181,CVCL_2229,0.4265451431274414,cervix,upper_aerodigestive,False
CVCL_1181,CVCL_2465,0.42650553584098816,cervix,upper_aerodigestive,False
CVCL_1181,CVCL_2226,0.4256124496459961,cervix,upper_aerodigestive,False
CVCL_1183,CVCL_1717,0.4445473551750183,breast,colorectal,False
CVCL_1183,CVCL_1987,0.3762976825237274,breast,colorectal,False
CVCL_1183,CVCL_8876,0.36205071210861206,breast,gastric,False
CVCL_1183,CVCL_1565,0.32180219888687134,breast,lung,False
CVCL_1183,CVCL_1188,0.30742424726486206,breast,gastric,False
CVCL_1183,CVCL_1294,0.3027052581310272,breast,colorectal,False
CVCL_1183,CVCL_8234,0.2948249280452728,breast,ovary,False
CVCL_1183,CVCL_0545,0.29461920261383057,breast,colorectal,False
CVCL_1183,CVCL_1648,0.29421570897102356,breast,colorectal,False
CVCL_1183,CVCL_1177,0.29290252923965454,breast,lung,False
CVCL_1183,CVCL_1382,0.29239773750305176,breast,colorectal,False
CVCL_1183,CVCL_1175,0.2914964556694031,breast,lung,False
CVCL_1183,CVCL_1141,0.2891995906829834,breast,lung,False
CVCL_1183,CVCL_5002,0.28800976276397705,breast,colorectal,False
CVCL_1184,CVCL_2961,0.49029234051704407,lung,gastric,False
CVCL_1184,CVCL_1768,0.4271271526813507,lung,gastric,False
CVCL_1184,CVCL_0399,0.4087221026420593,lung,colorectal,False
CVCL_1184,CVCL_1982,0.407306045293808,lung,colorectal,False
CVCL_1184,CVCL_0101,0.392231285572052,lung,gastric,False
CVCL_1184,CVCL_0371,0.39061930775642395,lung,gastric,False
CVCL_1184,CVCL_0397,0.3879507780075073,lung,colorectal,False
CVCL_1184,CVCL_0076,0.3758974075317383,lung,gastric,False
CVCL_1184,CVCL_1046,0.369288831949234,lung,gastric,False
CVCL_1184,CVCL_4846,0.3623010814189911,lung,gastric,False
CVCL_1184,CVCL_5072,0.35353711247444153,lung,gastric,False
CVCL_1184,CVCL_1980,0.35164448618888855,lung,colorectal,False
CVCL_1184,CVCL_5031,0.34761449694633484,lung,colorectal,False
CVCL_1184,CVCL_1622,0.34447476267814636,lung,esophagus,False
CVCL_1184,CVCL_5038,0.34379997849464417,lung,bile_duct,False
CVCL_1186,CVCL_2027,0.9039163589477539,lymphocyte,lymphocyte,True
CVCL_1186,CVCL_1861,0.768703818321228,lymphocyte,lymphocyte,True
CVCL_1186,CVCL_2676,0.7092413902282715,lymphocyte,lymphocyte,True
CVCL_1186,CVCL_1818,0.7067596912384033,lymphocyte,lymphocyte,True
CVCL_1186,CVCL_1870,0.7019380331039429,lymphocyte,blood,False
CVCL_1186,CVCL_1222,0.6962865591049194,lymphocyte,lymphocyte,True
CVCL_1186,CVCL_3302,0.6944552063941956,lymphocyte,lymphocyte,True
CVCL_1186,CVCL_1399,0.6907956004142761,lymphocyte,lymphocyte,True
CVCL_1186,CVCL_Y548,0.6819593906402588,lymphocyte,blood,False
CVCL_1186,CVCL_1087,0.6742281913757324,lymphocyte,lymphocyte,True
CVCL_1186,CVCL_3386,0.6733404397964478,lymphocyte,plasma_cell,False
CVCL_1187,CVCL_1767,0.5481113791465759,esophagus,esophagus,True
CVCL_1187,CVCL_U797,0.5419232845306396,esophagus,skin,False
CVCL_1187,CVCL_1086,0.5385637879371643,esophagus,upper_aerodigestive,False
CVCL_1187,CVCL_1083,0.5269861817359924,esophagus,urinary_tract,False
CVCL_1187,CVCL_4056,0.5082826614379883,esophagus,pancreas,False
CVCL_1187,CVCL_3001,0.5070545077323914,esophagus,upper_aerodigestive,False
CVCL_1187,CVCL_8147,0.4996650218963623,esophagus,pancreas,False
CVCL_1187,CVCL_5048,0.4884946048259735,esophagus,bile_duct,False
CVCL_1187,CVCL_2681,0.48753678798675537,esophagus,upper_aerodigestive,False
CVCL_1187,CVCL_1060,0.48627954721450806,esophagus,upper_aerodigestive,False
CVCL_1187,CVCL_2312,0.4861288368701935,esophagus,upper_aerodigestive,False
CVCL_1187,CVCL_1063,0.4812650978565216,esophagus,epidermoid_carcinoma,False
CVCL_1187,CVCL_1681,0.48034095764160156,esophagus,upper_aerodigestive,False
CVCL_1187,CVCL_1287,0.4770045578479767,esophagus,upper_aerodigestive,False
CVCL_1187,CVCL_3336,0.4674948453903198,esophagus,esophagus,True
CVCL_1188,CVCL_1542,0.49028486013412476,gastric,lung,False
CVCL_1188,CVCL_1454,0.4820095896720886,gastric,lung,False
CVCL_1188,CVCL_1522,0.47667771577835083,gastric,lung,False
CVCL_1188,CVCL_0024,0.4745873808860779,gastric,lung,False
CVCL_1188,CVCL_1536,0.4718267321586609,gastric,lung,False
CVCL_1188,CVCL_2415,0.46372300386428833,gastric,lung,False
CVCL_1188,CVCL_1489,0.4614337682723999,gastric,lung,False
CVCL_1188,CVCL_1140,0.45904111862182617,gastric,lung,False
CVCL_1188,CVCL_1455,0.45700913667678833,gastric,lung,False
CVCL_1188,CVCL_1507,0.4569861888885498,gastric,lung,False
CVCL_1188,CVCL_1391,0.4498283565044403,gastric,lung,False
CVCL_1188,CVCL_1471,0.44849100708961487,gastric,lung,False
CVCL_1188,CVCL_1473,0.44695815443992615,gastric,lung,False
CVCL_1188,CVCL_1539,0.4469183385372162,gastric,lung,False
CVCL_1188,CVCL_1498,0.43863606452941895,gastric,lung,False
CVCL_1189,CVCL_1590,0.7190248966217041,gastric,lung,False
CVCL_1189,CVCL_2438,0.6572927236557007,gastric,lung,False
CVCL_1189,CVCL_1140,0.5623716115951538,gastric,lung,False
CVCL_1189,CVCL_1454,0.556415855884552,gastric,lung,False
CVCL_1189,CVCL_2418,0.5409203767776489,gastric,lung,False
CVCL_1189,CVCL_1473,0.5395569205284119,gastric,lung,False
CVCL_1189,CVCL_2415,0.5390382409095764,gastric,lung,False
CVCL_1189,CVCL_1487,0.5338289141654968,gastric,lung,False
CVCL_1189,CVCL_1128,0.5253235697746277,gastric,lung,False
CVCL_1189,CVCL_1175,0.5244099497795105,gastric,lung,False
CVCL_1189,CVCL_1525,0.5226757526397705,gastric,lung,False
CVCL_1189,CVCL_1141,0.5226163268089294,gastric,lung,False
CVCL_1189,CVCL_1522,0.5205305218696594,gastric,lung,False
CVCL_1189,CVCL_1579,0.5162438750267029,gastric,lung,False
CVCL_1190,CVCL_1516,0.6390787363052368,colorectal,lung,False
CVCL_1190,CVCL_1175,0.6345650553703308,colorectal,lung,False
CVCL_1190,CVCL_2418,0.631824791431427,colorectal,lung,False
CVCL_1190,CVCL_2438,0.6300498843193054,colorectal,lung,False
CVCL_1190,CVCL_5129,0.6130756139755249,colorectal,lung,False
CVCL_1190,CVCL_1141,0.604011058807373,colorectal,lung,False
CVCL_1190,CVCL_3143,0.6016296148300171,colorectal,pancreas,False
CVCL_1190,CVCL_1598,0.5444328784942627,colorectal,lung,False
CVCL_1190,CVCL_1522,0.5408437848091125,colorectal,lung,False
CVCL_1190,CVCL_1487,0.5390707850456238,colorectal,lung,False
CVCL_1190,CVCL_1590,0.5368815660476685,colorectal,lung,False
CVCL_1190,CVCL_1693,0.5344809889793396,colorectal,lung,False
CVCL_1190,CVCL_1525,0.5328792929649353,colorectal,lung,False
CVCL_1191,CVCL_2682,0.5144440531730652,uterus,ovary,False
CVCL_1191,CVCL_5007,0.5048918724060059,uterus,uterus,True
CVCL_1191,CVCL_3117,0.493134468793869,uterus,ovary,False
CVCL_1191,CVCL_1911,0.47717761993408203,uterus,kidney,False
CVCL_1191,CVCL_E115,0.47715914249420166,uterus,uterus,True
CVCL_1191,CVCL_4640,0.4688184857368469,uterus,ovary,False
CVCL_1191,CVCL_3116,0.46857187151908875,uterus,ovary,False
CVCL_1191,CVCL_E063,0.46074002981185913,uterus,uterus,True
CVCL_1191,CVCL_DH06,0.46021538972854614,uterus,ovary,False
CVCL_1191,CVCL_0293,0.4509323537349701,uterus,uterus,True
CVCL_1191,CVCL_2927,0.4475003182888031,uterus,uterus,True
CVCL_1191,CVCL_B079,0.4438278377056122,uterus,ovary,False
CVCL_1191,CVCL_5096,0.4425220489501953,uterus,ovary,False
CVCL_1191,CVCL_0029,0.440164715051651,uterus,ovary,False
CVCL_1192,CVCL_1131,0.4116881191730499,ovary,esophagus,False
CVCL_1192,CVCL_1759,0.3825916051864624,ovary,esophagus,False
CVCL_1192,CVCL_1766,0.36281222105026245,ovary,esophagus,False
CVCL_1192,CVCL_0201,0.362399697303772,ovary,ovary,True
CVCL_1192,CVCL_1350,0.35283660888671875,ovary,esophagus,False
CVCL_1192,CVCL_5100,0.33117297291755676,ovary,ovary,True
CVCL_1192,CVCL_0532,0.32850512862205505,ovary,ovary,True
CVCL_1192,CVCL_1511,0.3175133764743805,ovary,lung,False
CVCL_1192,CVCL_2034,0.31745922565460205,ovary,uterus,False
CVCL_1192,CVCL_1547,0.31582868099212646,ovary,lung,False
CVCL_1192,CVCL_2930,0.31283286213874817,ovary,uterus,False
CVCL_1192,CVCL_1616,0.3091126084327698,ovary,ovary,True
CVCL_1192,CVCL_2077,0.3086751699447632,ovary,breast,False
CVCL_1193,CVCL_1849,0.5971586108207703,bile_duct,pancreas,False
CVCL_1193,CVCL_S507,0.5089636445045471,bile_duct,pancreas,False
CVCL_1193,CVCL_M465,0.5046418309211731,bile_duct,pancreas,False
CVCL_1193,CVCL_5034,0.5029125213623047,bile_duct,pancreas,False
CVCL_1193,CVCL_A1UH,0.4790651500225067,bile_duct,pancreas,False
CVCL_1193,CVCL_A1VG,0.4753064215183258,bile_duct,bile_duct,True
CVCL_1193,CVCL_EG28,0.46678057312965393,bile_duct,colorectal,False
CVCL_1193,CVCL_1636,0.46252918243408203,bile_duct,pancreas,False
CVCL_1193,CVCL_1794,0.4478309452533722,bile_duct,pancreas,False
CVCL_1193,CVCL_3338,0.44695401191711426,bile_duct,colorectal,False
CVCL_1193,CVCL_0026,0.44236859679222107,bile_duct,pancreas,False
CVCL_1193,CVCL_A1UI,0.4370862543582916,bile_duct,bile_duct,True
CVCL_1193,CVCL_1300,0.43291255831718445,bile_duct,pancreas,False
CVCL_1193,CVCL_1531,0.43166813254356384,bile_duct,lung,False
CVCL_1194,CVCL_1319,0.8191072940826416,lymphocyte,lymphocyte,True
CVCL_1194,CVCL_1870,0.7835766077041626,lymphocyte,blood,False
CVCL_1194,CVCL_1320,0.7610499262809753,lymphocyte,blood,False
CVCL_1194,CVCL_Y548,0.7523810267448425,lymphocyte,blood,False
CVCL_1194,CVCL_4613,0.7329582571983337,lymphocyte,blood,False
CVCL_1194,CVCL_Y547,0.7255439758300781,lymphocyte,blood,False
CVCL_1194,CVCL_Y549,0.7239790558815002,lymphocyte,blood,False
CVCL_1194,CVCL_3386,0.7188990116119385,lymphocyte,plasma_cell,False
CVCL_1194,CVCL_0823,0.6915305256843567,lymphocyte,lymphocyte,True
CVCL_1194,CVCL_1818,0.6885169744491577,lymphocyte,lymphocyte,True
CVCL_1194,CVCL_Y545,0.6883112192153931,lymphocyte,blood,False
CVCL_1194,CVCL_2027,0.685131311416626,lymphocyte,lymphocyte,True
CVCL_1194,CVCL_3169,0.6771594285964966,lymphocyte,lymphocyte,True
CVCL_1194,CVCL_1861,0.6540629267692566,lymphocyte,lymphocyte,True
CVCL_1195,CVCL_1464,0.5420130491256714,lung,lung,True
CVCL_1195,CVCL_1515,0.49801936745643616,lung,lung,True
CVCL_1195,CVCL_1475,0.49738895893096924,lung,lung,True
CVCL_1195,CVCL_5136,0.4464460611343384,lung,lung,True
CVCL_1195,CVCL_1537,0.42100444436073303,lung,lung,True
CVCL_1195,CVCL_1655,0.417965292930603,lung,lung,True
CVCL_1195,CVCL_1517,0.4096415340900421,lung,lung,True
CVCL_1195,CVCL_1508,0.4060520529747009,lung,lung,True
CVCL_1195,CVCL_2214,0.37482404708862305,lung,bile_duct,False
CVCL_1195,CVCL_1472,0.37278658151626587,lung,lung,True
CVCL_1195,CVCL_5008,0.3658691942691803,lung,bile_duct,False
CVCL_1195,CVCL_2059,0.3620717525482178,lung,lung,True
CVCL_1195,CVCL_1394,0.34557899832725525,lung,lung,True
CVCL_1196,CVCL_2162,0.7386359572410583,blood,blood,True
CVCL_1196,CVCL_2161,0.7131994962692261,blood,blood,True
CVCL_1196,CVCL_1632,0.6952078342437744,blood,blood,True
CVCL_1196,CVCL_2119,0.6864835023880005,blood,blood,True
CVCL_1196,CVCL_1694,0.6800932884216309,blood,blood,True
CVCL_1196,CVCL_1426,0.6792666912078857,blood,blood,True
CVCL_1196,CVCL_7916,0.6761851906776428,blood,blood,True
CVCL_1196,CVCL_1425,0.6704759001731873,blood,blood,True
CVCL_1197,CVCL_1681,0.5234667062759399,lung,upper_aerodigestive,False
CVCL_1197,CVCL_1288,0.5153355002403259,lung,upper_aerodigestive,False
CVCL_1197,CVCL_2681,0.4960065484046936,lung,upper_aerodigestive,False
CVCL_1197,CVCL_2679,0.4756070375442505,lung,upper_aerodigestive,False
CVCL_1197,CVCL_2229,0.47323885560035706,lung,upper_aerodigestive,False
CVCL_1197,CVCL_1060,0.469512015581131,lung,upper_aerodigestive,False
CVCL_1197,CVCL_3086,0.46919435262680054,lung,upper_aerodigestive,False
CVCL_1197,CVCL_1293,0.46555662155151367,lung,cervix,False
CVCL_1197,CVCL_1634,0.4574885964393616,lung,pancreas,False
CVCL_1197,CVCL_3599,0.45574313402175903,lung,urinary_tract,False
CVCL_1197,CVCL_1684,0.4541458785533905,lung,upper_aerodigestive,False
CVCL_1197,CVCL_2312,0.4523574113845825,lung,upper_aerodigestive,False
CVCL_1197,CVCL_2463,0.4464702308177948,lung,upper_aerodigestive,False
CVCL_1197,CVCL_1682,0.44523999094963074,lung,upper_aerodigestive,False
CVCL_1205,CVCL_5723,0.42544934153556824,uterus,central_nervous_system,False
CVCL_1205,CVCL_WS73,0.37498584389686584,uterus,central_nervous_system,False
CVCL_1205,CVCL_1117,0.3656424582004547,uterus,central_nervous_system,False
CVCL_1205,CVCL_1674,0.3500599265098572,uterus,soft_tissue,False
CVCL_1205,CVCL_A352,0.349178671836853,uterus,lung,False
CVCL_1205,CVCL_2420,0.3463950455188751,uterus,ovary,False
CVCL_1205,CVCL_8717,0.3460361361503601,uterus,central_nervous_system,False
CVCL_1205,CVCL_1795,0.3451767563819885,uterus,central_nervous_system,False
CVCL_1205,CVCL_1345,0.345037579536438,uterus,ovary,False
CVCL_1205,CVCL_0153,0.3402523696422577,uterus,thyroid,False
CVCL_1205,CVCL_1229,0.3396863639354706,uterus,soft_tissue,False
CVCL_1205,CVCL_A1UY,0.33190399408340454,uterus,soft_tissue,False
CVCL_1205,CVCL_1666,0.3307214677333832,uterus,skin,False
CVCL_1205,CVCL_IW56,0.3304882049560547,uterus,ovary,False
CVCL_1205,CVCL_VU89,0.3286862075328827,uterus,kidney,False
CVCL_1218,CVCL_2678,0.6116417050361633,upper_aerodigestive,upper_aerodigestive,True
CVCL_1218,CVCL_1354,0.6081869602203369,upper_aerodigestive,esophagus,False
CVCL_1218,CVCL_1348,0.6038574576377869,upper_aerodigestive,esophagus,False
CVCL_1218,CVCL_1764,0.5983355641365051,upper_aerodigestive,esophagus,False
CVCL_1218,CVCL_1767,0.5923978090286255,upper_aerodigestive,esophagus,False
CVCL_1218,CVCL_1675,0.5869179964065552,upper_aerodigestive,upper_aerodigestive,True
CVCL_1218,CVCL_2312,0.5722931027412415,upper_aerodigestive,upper_aerodigestive,True
CVCL_1218,CVCL_6950,0.5660329461097717,upper_aerodigestive,cervix,False
CVCL_1218,CVCL_2232,0.5639683604240417,upper_aerodigestive,upper_aerodigestive,True
CVCL_1218,CVCL_1060,0.5612518787384033,upper_aerodigestive,upper_aerodigestive,True
CVCL_1218,CVCL_L085,0.5585313439369202,upper_aerodigestive,upper_aerodigestive,True
CVCL_1218,CVCL_1761,0.5558371543884277,upper_aerodigestive,esophagus,False
CVCL_1218,CVCL_1107,0.5557814240455627,upper_aerodigestive,upper_aerodigestive,True
CVCL_1218,CVCL_1763,0.5499609112739563,upper_aerodigestive,esophagus,False
CVCL_1218,CVCL_2679,0.5427515506744385,upper_aerodigestive,upper_aerodigestive,True
CVCL_1219,CVCL_2447,0.5111159682273865,thyroid,thyroid,True
CVCL_1219,CVCL_1674,0.4839904308319092,thyroid,soft_tissue,False
CVCL_1219,CVCL_0863,0.4651699364185333,thyroid,fibroblast,False
CVCL_1219,CVCL_2955,0.45133134722709656,thyroid,bile_duct,False
CVCL_1219,CVCL_WU66,0.44920575618743896,thyroid,bone,False
CVCL_1219,CVCL_3954,0.447750985622406,thyroid,central_nervous_system,False
CVCL_1219,CVCL_3959,0.4062412977218628,thyroid,central_nervous_system,False
CVCL_1219,CVCL_1809,0.40484219789505005,thyroid,bone,False
CVCL_1219,CVCL_A1UY,0.3883947730064392,thyroid,soft_tissue,False
CVCL_1219,CVCL_1231,0.3876076638698578,thyroid,central_nervous_system,False
CVCL_1219,CVCL_4849,0.38687437772750854,thyroid,gastric,False
CVCL_1219,CVCL_C303,0.3825497627258301,thyroid,eye,False
CVCL_1220,CVCL_6025,0.7655731439590454,skin,skin,True
CVCL_1220,CVCL_2075,0.7549467086791992,skin,skin,True
CVCL_1220,CVCL_1402,0.7313833236694336,skin,skin,True
CVCL_1220,CVCL_8784,0.6847567558288574,skin,skin,True
CVCL_1220,CVCL_0445,0.6845959424972534,skin,skin,True
CVCL_1220,CVCL_2605,0.6804391145706177,skin,skin,True
CVCL_1220,CVCL_0039,0.6737407445907593,skin,skin,True
CVCL_1220,CVCL_2609,0.6733620762825012,skin,skin,True
CVCL_1220,CVCL_D828,0.6669569611549377,skin,skin,True
CVCL_1220,CVCL_0526,0.6634143590927124,skin,skin,True
CVCL_1220,CVCL_1303,0.6624590158462524,skin,skin,True
CVCL_1220,CVCL_1779,0.6622818112373352,skin,skin,True
CVCL_1221,CVCL_WS70,0.3774392604827881,kidney,soft_tissue,False
CVCL_1221,CVCL_8005,0.31442123651504517,kidney,soft_tissue,False
CVCL_1221,CVCL_2949,0.3053986430168152,kidney,breast,False
CVCL_1221,CVCL_1679,0.29810506105422974,kidney,lung,False
CVCL_1221,CVCL_2010,0.2871309220790863,kidney,ovary,False
CVCL_1221,CVCL_8007,0.28003349900245667,kidney,soft_tissue,False
CVCL_1221,CVCL_5589,0.2486356794834137,kidney,breast,False
CVCL_1221,CVCL_1567,0.24849620461463928,kidney,lung,False
CVCL_1221,CVCL_2059,0.24732434749603271,kidney,lung,False
CVCL_1221,CVCL_M149,0.2460963875055313,kidney,soft_tissue,False
CVCL_1221,CVCL_2585,0.24123695492744446,kidney,skin,False
CVCL_1221,CVCL_0543,0.23374325037002563,kidney,bone,False
CVCL_1221,CVCL_0205,0.23358666896820068,kidney,bile_duct,False
CVCL_1221,CVCL_1842,0.2326391637325287,kidney,esophagus,False
CVCL_1221,CVCL_1755,0.2320413440465927,kidney,soft_tissue,False
CVCL_1222,CVCL_1399,0.7923233509063721,lymphocyte,lymphocyte,True
CVCL_1222,CVCL_B371,0.7609853148460388,lymphocyte,lymphocyte,True
CVCL_1222,CVCL_2676,0.7603526711463928,lymphocyte,lymphocyte,True
CVCL_1222,CVCL_1881,0.7501346468925476,lymphocyte,lymphocyte,True
CVCL_1222,CVCL_1967,0.7491349577903748,lymphocyte,lymphocyte,True
CVCL_1222,CVCL_2027,0.7342447638511658,lymphocyte,lymphocyte,True
CVCL_1222,CVCL_2206,0.7274309396743774,lymphocyte,lymphocyte,True
CVCL_1226,CVCL_1715,0.4842522144317627,central_nervous_system,central_nervous_system,True
CVCL_1226,CVCL_5128,0.46353763341903687,central_nervous_system,lung,False
CVCL_1226,CVCL_5010,0.4537878930568695,central_nervous_system,central_nervous_system,True
CVCL_1226,CVCL_1117,0.42296814918518066,central_nervous_system,central_nervous_system,True
CVCL_1226,CVCL_1229,0.4207426905632019,central_nervous_system,soft_tissue,False
CVCL_1226,CVCL_1690,0.4204549491405487,central_nervous_system,central_nervous_system,True
CVCL_1226,CVCL_3954,0.40144434571266174,central_nervous_system,central_nervous_system,True
CVCL_1226,CVCL_0844,0.401295006275177,central_nervous_system,central_nervous_system,True
CVCL_1226,CVCL_5069,0.40006956458091736,central_nervous_system,central_nervous_system,True
CVCL_1226,CVCL_1796,0.39760538935661316,central_nervous_system,central_nervous_system,True
CVCL_1226,CVCL_4W66,0.39599427580833435,central_nervous_system,central_nervous_system,True
CVCL_1226,CVCL_0633,0.39195096492767334,central_nervous_system,central_nervous_system,True
CVCL_1226,CVCL_1722,0.39051663875579834,central_nervous_system,central_nervous_system,True
CVCL_1226,CVCL_1093,0.39018115401268005,central_nervous_system,central_nervous_system,True
CVCL_1227,CVCL_1608,0.5435029864311218,central_nervous_system,central_nervous_system,True
CVCL_1227,CVCL_2799,0.48917126655578613,central_nervous_system,central_nervous_system,True
CVCL_1227,CVCL_6735,0.47063544392585754,central_nervous_system,central_nervous_system,True
CVCL_1227,CVCL_1R14,0.45915958285331726,central_nervous_system,central_nervous_system,True
CVCL_1227,CVCL_3958,0.421983540058136,central_nervous_system,central_nervous_system,True
CVCL_1227,CVCL_5033,0.4008341431617737,central_nervous_system,central_nervous_system,True
CVCL_1227,CVCL_2050,0.3913075029850006,central_nervous_system,central_nervous_system,True
CVCL_1227,CVCL_2297,0.3852020800113678,central_nervous_system,central_nervous_system,True
CVCL_1227,CVCL_3955,0.38392722606658936,central_nervous_system,central_nervous_system,True
CVCL_1227,CVCL_3960,0.38151976466178894,central_nervous_system,central_nervous_system,True
CVCL_1227,CVCL_1323,0.37401753664016724,central_nervous_system,central_nervous_system,True
CVCL_1227,CVCL_1R16,0.3674774169921875,central_nervous_system,central_nervous_system,True
CVCL_1229,CVCL_1381,0.6262604594230652,soft_tissue,skin,False
CVCL_1229,CVCL_1734,0.5780999064445496,soft_tissue,soft_tissue,True
CVCL_1229,CVCL_5723,0.5452966690063477,soft_tissue,central_nervous_system,False
CVCL_1229,CVCL_3509,0.5278292298316956,soft_tissue,ovary,False
CVCL_1229,CVCL_4849,0.49594250321388245,soft_tissue,gastric,False
CVCL_1229,CVCL_2947,0.4867430329322815,soft_tissue,liver,False
CVCL_1229,CVCL_2960,0.47201552987098694,soft_tissue,thyroid,False
CVCL_1229,CVCL_2588,0.44892650842666626,soft_tissue,colorectal,False
CVCL_1229,CVCL_2447,0.4443514347076416,soft_tissue,thyroid,False
CVCL_1229,CVCL_1040,0.4384456276893616,soft_tissue,skin,False
CVCL_1229,CVCL_5128,0.4350166618824005,soft_tissue,lung,False
CVCL_1229,CVCL_1666,0.43457549810409546,soft_tissue,skin,False
CVCL_1230,CVCL_1321,0.7026218771934509,blood,blood,True
CVCL_1230,CVCL_2071,0.6939680576324463,blood,blood,True
CVCL_1230,CVCL_5224,0.6848416924476624,blood,blood,True
CVCL_1230,CVCL_2122,0.6779195070266724,blood,blood,True
CVCL_1230,CVCL_2110,0.6426721215248108,blood,blood,True
CVCL_1230,CVCL_2130,0.6349050998687744,blood,blood,True
CVCL_1230,CVCL_2118,0.6321050524711609,blood,blood,True
CVCL_1230,CVCL_1433,0.6272536516189575,blood,blood,True
CVCL_1230,CVCL_0614,0.5957586169242859,blood,blood,True
CVCL_1230,CVCL_2191,0.5711216330528259,blood,blood,True
CVCL_1230,CVCL_1380,0.5435236692428589,blood,blood,True
CVCL_1230,CVCL_2196,0.5354471206665039,blood,blood,True
CVCL_1230,CVCL_1071,0.5285841822624207,blood,blood,True
CVCL_1230,CVCL_2162,0.5189270973205566,blood,blood,True
CVCL_1231,CVCL_5010,0.4581263065338135,central_nervous_system,central_nervous_system,True
CVCL_1231,CVCL_5083,0.4502350091934204,central_nervous_system,uterus,False
CVCL_1231,CVCL_1R16,0.43507805466651917,central_nervous_system,central_nervous_system,True
CVCL_1231,CVCL_0844,0.43399137258529663,central_nervous_system,central_nervous_system,True
CVCL_1231,CVCL_A1UY,0.4304559528827667,central_nervous_system,soft_tissue,False
CVCL_1231,CVCL_1722,0.42763447761535645,central_nervous_system,central_nervous_system,True
CVCL_1231,CVCL_1R17,0.4226895272731781,central_nervous_system,central_nervous_system,True
CVCL_1231,CVCL_WU66,0.4097679853439331,central_nervous_system,bone,False
CVCL_1231,CVCL_0871,0.4093404710292816,central_nervous_system,soft_tissue,False
CVCL_1231,CVCL_V617,0.40760812163352966,central_nervous_system,fibroblast,False
CVCL_1231,CVCL_B255,0.4050804674625397,central_nervous_system,soft_tissue,False
CVCL_1231,CVCL_0846,0.4006233513355255,central_nervous_system,fibroblast,False
CVCL_1231,CVCL_1809,0.39371949434280396,central_nervous_system,bone,False
CVCL_1231,CVCL_YU13,0.39107224345207214,central_nervous_system,peripheral_nervous_system,False
CVCL_1232,CVCL_YU13,0.4047973155975342,peripheral_nervous_system,peripheral_nervous_system,True
CVCL_1232,CVCL_8717,0.37719255685806274,peripheral_nervous_system,central_nervous_system,False
CVCL_1232,CVCL_0698,0.36674872040748596,peripheral_nervous_system,fibroblast,False
CVCL_1232,CVCL_WS73,0.3626325726509094,peripheral_nervous_system,central_nervous_system,False
CVCL_1232,CVCL_1125,0.3595741391181946,peripheral_nervous_system,peripheral_nervous_system,True
CVCL_1232,CVCL_2909,0.3543640673160553,peripheral_nervous_system,bone,False
CVCL_1232,CVCL_0993,0.3516201376914978,peripheral_nervous_system,fibroblast,False
CVCL_1232,CVCL_1340,0.34928932785987854,peripheral_nervous_system,peripheral_nervous_system,True
CVCL_1232,CVCL_0878,0.3471893072128296,peripheral_nervous_system,fibroblast,False
CVCL_1232,CVCL_4W66,0.3469207286834717,peripheral_nervous_system,central_nervous_system,False
CVCL_1232,CVCL_0715,0.3435417413711548,peripheral_nervous_system,fibroblast,False
CVCL_1232,CVCL_2182,0.3341324031352997,peripheral_nervous_system,fibroblast,False
CVCL_1232,CVCL_AX49,0.33116358518600464,peripheral_nervous_system,peripheral_nervous_system,True
CVCL_1232,CVCL_1234,0.32200682163238525,peripheral_nervous_system,peripheral_nervous_system,True
CVCL_1232,CVCL_0966,0.3190113604068756,peripheral_nervous_system,fibroblast,False
CVCL_1233,CVCL_2297,0.5335432291030884,central_nervous_system,central_nervous_system,True
CVCL_1233,CVCL_4W66,0.513839840888977,central_nervous_system,central_nervous_system,True
CVCL_1233,CVCL_8585,0.5087452530860901,central_nervous_system,central_nervous_system,True
CVCL_1233,CVCL_1722,0.5075779557228088,central_nervous_system,central_nervous_system,True
CVCL_1233,CVCL_1323,0.4916207790374756,central_nervous_system,central_nervous_system,True
CVCL_1233,CVCL_1117,0.48932552337646484,central_nervous_system,central_nervous_system,True
CVCL_1233,CVCL_5069,0.48802241683006287,central_nervous_system,central_nervous_system,True
CVCL_1233,CVCL_5010,0.4821842610836029,central_nervous_system,central_nervous_system,True
CVCL_1233,CVCL_3957,0.4812367558479309,central_nervous_system,central_nervous_system,True
CVCL_1233,CVCL_1715,0.47483745217323303,central_nervous_system,central_nervous_system,True
CVCL_1233,CVCL_1R16,0.46072375774383545,central_nervous_system,central_nervous_system,True
CVCL_1233,CVCL_0871,0.4602912366390228,central_nervous_system,soft_tissue,False
CVCL_1233,CVCL_WS73,0.45505043864250183,central_nervous_system,central_nervous_system,True
CVCL_1233,CVCL_3075,0.4519280195236206,central_nervous_system,central_nervous_system,True
CVCL_1234,CVCL_1771,0.7115837335586548,peripheral_nervous_system,peripheral_nervous_system,True
CVCL_1234,CVCL_1701,0.6701740026473999,peripheral_nervous_system,peripheral_nervous_system,True
CVCL_1234,CVCL_2141,0.6650739908218384,peripheral_nervous_system,peripheral_nervous_system,True
CVCL_1234,CVCL_AX49,0.6045410633087158,peripheral_nervous_system,peripheral_nervous_system,True
CVCL_1234,CVCL_1123,0.6006414890289307,peripheral_nervous_system,peripheral_nervous_system,True
CVCL_1234,CVCL_1606,0.5988471508026123,peripheral_nervous_system,peripheral_nervous_system,True
CVCL_1234,CVCL_AX42,0.5976077914237976,peripheral_nervous_system,peripheral_nervous_system,True
CVCL_1234,CVCL_5627,0.5970740914344788,peripheral_nervous_system,peripheral_nervous_system,True
CVCL_1234,CVCL_1440,0.5925251841545105,peripheral_nervous_system,peripheral_nervous_system,True
CVCL_1234,CVCL_2143,0.58602374792099,peripheral_nervous_system,peripheral_nervous_system,True
CVCL_1234,CVCL_2092,0.5835648775100708,peripheral_nervous_system,peripheral_nervous_system,True
CVCL_1234,CVCL_1339,0.5771377086639404,peripheral_nervous_system,peripheral_nervous_system,True
CVCL_1234,CVCL_2105,0.575598418712616,peripheral_nervous_system,peripheral_nervous_system,True
CVCL_1235,CVCL_2450,0.9210905432701111,colorectal,colorectal,True
CVCL_1235,CVCL_0555,0.6808055639266968,colorectal,colorectal,True
CVCL_1235,CVCL_1564,0.6739566922187805,colorectal,colorectal,True
CVCL_1235,CVCL_2873,0.6622975468635559,colorectal,colorectal,True
CVCL_1235,CVCL_0632,0.6500759124755859,colorectal,colorectal,True
CVCL_1235,CVCL_5038,0.6483227014541626,colorectal,bile_duct,False
CVCL_1235,CVCL_1708,0.638584315776825,colorectal,colorectal,True
CVCL_1235,CVCL_5250,0.6362252831459045,colorectal,colorectal,True
CVCL_1235,CVCL_1980,0.6193806529045105,colorectal,colorectal,True
CVCL_1235,CVCL_5111,0.6165167093276978,colorectal,colorectal,True
CVCL_1235,CVCL_5078,0.6071735620498657,colorectal,colorectal,True
CVCL_1235,CVCL_1386,0.6010955572128296,colorectal,colorectal,True
CVCL_1235,CVCL_5248,0.5990157723426819,colorectal,colorectal,True
CVCL_1235,CVCL_8175,0.5874401330947876,colorectal,colorectal,True
CVCL_1238,CVCL_1479,0.3564797639846802,bone,lung,False
CVCL_1238,CVCL_7146,0.3445958197116852,bone,soft_tissue,False
CVCL_1238,CVCL_U760,0.31994861364364624,bone,soft_tissue,False
CVCL_1238,CVCL_8007,0.31940630078315735,bone,soft_tissue,False
CVCL_1238,CVCL_7051,0.3142531216144562,bone,soft_tissue,False
CVCL_1238,CVCL_0077,0.31357666850090027,bone,liver,False
CVCL_1238,CVCL_VU69,0.3125758171081543,bone,ovary,False
CVCL_1238,CVCL_8000,0.3084810674190521,bone,soft_tissue,False
CVCL_1238,CVCL_3612,0.302815705537796,bone,ovary,False
CVCL_1238,CVCL_V616,0.2974338233470917,bone,central_nervous_system,False
CVCL_1238,CVCL_0542,0.29549944400787354,bone,adrenal_cortex,False
CVCL_1238,CVCL_4656,0.2947964370250702,bone,uterus,False
CVCL_1238,CVCL_WU91,0.29121050238609314,bone,soft_tissue,False
CVCL_1238,CVCL_0134,0.2891521155834198,bone,ovary,False
CVCL_1238,CVCL_1Y70,0.2886960804462433,bone,peripheral_nervous_system,False
CVCL_1239,CVCL_0844,0.4837810695171356,central_nervous_system,central_nervous_system,True
CVCL_1239,CVCL_1688,0.46619176864624023,central_nervous_system,central_nervous_system,True
CVCL_1239,CVCL_4773,0.46388646960258484,central_nervous_system,central_nervous_system,True
CVCL_1239,CVCL_1093,0.4452230632305145,central_nervous_system,central_nervous_system,True
CVCL_1239,CVCL_3954,0.4411562979221344,central_nervous_system,central_nervous_system,True
CVCL_1239,CVCL_YU13,0.44098421931266785,central_nervous_system,peripheral_nervous_system,False
CVCL_1239,CVCL_1R16,0.42717042565345764,central_nervous_system,central_nervous_system,True
CVCL_1239,CVCL_A758,0.4047485888004303,central_nervous_system,central_nervous_system,True
CVCL_1239,CVCL_0401,0.4045892655849457,central_nervous_system,central_nervous_system,True
CVCL_1239,CVCL_2798,0.40289169549942017,central_nervous_system,central_nervous_system,True
CVCL_1245,CVCL_1256,0.5329418778419495,breast,breast,True
CVCL_1245,CVCL_1270,0.5252302289009094,breast,breast,True
CVCL_1245,CVCL_0290,0.45484113693237305,breast,breast,True
CVCL_1245,CVCL_1681,0.45058873295783997,breast,upper_aerodigestive,False
CVCL_1245,CVCL_1267,0.42133891582489014,breast,breast,True
CVCL_1245,CVCL_1083,0.41328147053718567,breast,urinary_tract,False
CVCL_1245,CVCL_A1VE,0.4122171700000763,breast,bile_duct,False
CVCL_1245,CVCL_1634,0.4119880199432373,breast,pancreas,False
CVCL_1245,CVCL_1482,0.4073229730129242,breast,lung,False
CVCL_1245,CVCL_1293,0.40166619420051575,breast,cervix,False
CVCL_1245,CVCL_1485,0.39895907044410706,breast,lung,False
CVCL_1245,CVCL_2310,0.39882585406303406,breast,upper_aerodigestive,False
CVCL_1247,CVCL_1267,0.48445624113082886,breast,breast,True
CVCL_1247,CVCL_0419,0.4073227047920227,breast,breast,True
CVCL_1247,CVCL_1261,0.40181711316108704,breast,breast,True
CVCL_1247,CVCL_4649,0.3819350600242615,breast,ovary,False
CVCL_1247,CVCL_1256,0.36946243047714233,breast,breast,True
CVCL_1247,CVCL_2312,0.3656187951564789,breast,upper_aerodigestive,False
CVCL_1247,CVCL_1503,0.36227449774742126,breast,lung,False
CVCL_1247,CVCL_1252,0.3579638600349426,breast,breast,True
CVCL_1247,CVCL_3152,0.35237035155296326,breast,gastric,False
CVCL_1247,CVCL_5594,0.3520774245262146,breast,breast,True
CVCL_1247,CVCL_2067,0.34332242608070374,breast,breast,True
CVCL_1247,CVCL_2584,0.3432373106479645,breast,skin,False
CVCL_1247,CVCL_1483,0.34078484773635864,breast,lung,False
CVCL_1247,CVCL_0871,0.3393729329109192,breast,soft_tissue,False
CVCL_1249,CVCL_1256,0.3620001971721649,breast,breast,True
CVCL_1249,CVCL_1245,0.3522447943687439,breast,breast,True
CVCL_1249,CVCL_1706,0.33834078907966614,breast,central_nervous_system,False
CVCL_1249,CVCL_0618,0.33107370138168335,breast,breast,True
CVCL_1249,CVCL_0851,0.327213317155838,breast,skin,False
CVCL_1249,CVCL_1267,0.32654881477355957,breast,breast,True
CVCL_1249,CVCL_3603,0.3250999450683594,breast,thyroid,False
CVCL_1249,CVCL_1255,0.32438066601753235,breast,breast,True
CVCL_1249,CVCL_8787,0.3222876489162445,breast,skin,False
CVCL_1249,CVCL_0393,0.32120615243911743,breast,central_nervous_system,False
CVCL_1249,CVCL_1092,0.31710296869277954,breast,breast,True
CVCL_1249,CVCL_A1UE,0.3134235441684723,breast,skin,False
CVCL_1249,CVCL_0419,0.30921831727027893,breast,breast,True
CVCL_1249,CVCL_0622,0.30747970938682556,breast,skin,False
CVCL_1251,CVCL_1661,0.6938393115997314,breast,breast,True
CVCL_1251,CVCL_1400,0.5847336649894714,breast,breast,True
CVCL_1251,CVCL_1812,0.5834727883338928,breast,breast,True
CVCL_1251,CVCL_1781,0.576878547668457,breast,breast,True
CVCL_1251,CVCL_2062,0.5732686519622803,breast,breast,True
CVCL_1251,CVCL_2319,0.5229702591896057,breast,breast,True
CVCL_1251,CVCL_1263,0.516304075717926,breast,breast,True
CVCL_1251,CVCL_5591,0.507712185382843,breast,breast,True
CVCL_1251,CVCL_1408,0.5004764795303345,breast,breast,True
CVCL_1251,CVCL_1782,0.4784350097179413,breast,breast,True
CVCL_1251,CVCL_3423,0.472918838262558,breast,breast,True
CVCL_1252,CVCL_2319,0.5350221991539001,breast,breast,True
CVCL_1252,CVCL_1254,0.4560942053794861,breast,breast,True
CVCL_1252,CVCL_1812,0.44774100184440613,breast,breast,True
CVCL_1252,CVCL_2062,0.4309566617012024,breast,breast,True
CVCL_1252,CVCL_0033,0.41181862354278564,breast,breast,True
CVCL_1252,CVCL_0588,0.4061213731765747,breast,breast,True
CVCL_1252,CVCL_0179,0.39572465419769287,breast,breast,True
CVCL_1252,CVCL_1074,0.3910360634326935,breast,breast,True
CVCL_1252,CVCL_0620,0.39005956053733826,breast,breast,True
CVCL_1252,CVCL_1781,0.3880935609340668,breast,breast,True
CVCL_1252,CVCL_3424,0.3775649070739746,breast,breast,True
CVCL_1252,CVCL_0253,0.37398916482925415,breast,breast,True
CVCL_1252,CVCL_2067,0.36926719546318054,breast,breast,True
CVCL_1254,CVCL_2319,0.5462486147880554,breast,breast,True
CVCL_1254,CVCL_3424,0.4677771329879761,breast,breast,True
CVCL_1254,CVCL_0179,0.4473922848701477,breast,breast,True
CVCL_1254,CVCL_1251,0.44616538286209106,breast,breast,True
CVCL_1254,CVCL_1400,0.4301449656486511,breast,breast,True
CVCL_1254,CVCL_2094,0.42406517267227173,breast,breast,True
CVCL_1254,CVCL_1408,0.41690167784690857,breast,breast,True
CVCL_1254,CVCL_0620,0.41364744305610657,breast,breast,True
CVCL_1254,CVCL_1781,0.41172924637794495,breast,breast,True
CVCL_1254,CVCL_1812,0.39882588386535645,breast,breast,True
CVCL_1255,CVCL_1261,0.4983585774898529,breast,breast,True
CVCL_1255,CVCL_1256,0.4270564615726471,breast,breast,True
CVCL_1255,CVCL_1245,0.3602089285850525,breast,breast,True
CVCL_1255,CVCL_0622,0.3387472331523895,breast,skin,False
CVCL_1255,CVCL_1706,0.3360551595687866,breast,central_nervous_system,False
CVCL_1255,CVCL_1097,0.3307934105396271,breast,skin,False
CVCL_1255,CVCL_0393,0.3242418169975281,breast,central_nervous_system,False
CVCL_1255,CVCL_0851,0.31369468569755554,breast,skin,False
CVCL_1255,CVCL_1267,0.31345024704933167,breast,breast,True
CVCL_1255,CVCL_6805,0.3123510181903839,breast,skin,False
CVCL_1255,CVCL_1059,0.30944111943244934,breast,skin,False
CVCL_1255,CVCL_0600,0.3071594536304474,breast,skin,False
CVCL_1255,CVCL_0040,0.3055718243122101,breast,skin,False
CVCL_1256,CVCL_1261,0.496447890996933,breast,breast,True
CVCL_1256,CVCL_1267,0.4466237425804138,breast,breast,True
CVCL_1256,CVCL_0419,0.42591241002082825,breast,breast,True
CVCL_1256,CVCL_1270,0.34305539727211,breast,breast,True
CVCL_1256,CVCL_0290,0.3291672468185425,breast,breast,True
CVCL_1256,CVCL_1350,0.32279494404792786,breast,esophagus,False
CVCL_1256,CVCL_1083,0.31218254566192627,breast,urinary_tract,False
CVCL_1256,CVCL_1552,0.3121791481971741,breast,lung,False
CVCL_1256,CVCL_1060,0.30715611577033997,breast,upper_aerodigestive,False
CVCL_1256,CVCL_1497,0.3013232350349426,breast,lung,False
CVCL_1258,CVCL_2312,0.5291995406150818,breast,upper_aerodigestive,False
CVCL_1258,CVCL_1767,0.5164426565170288,breast,esophagus,False
CVCL_1258,CVCL_5005,0.5063174962997437,breast,upper_aerodigestive,False
CVCL_1258,CVCL_1060,0.5030835270881653,breast,upper_aerodigestive,False
CVCL_1258,CVCL_1764,0.48977842926979065,breast,esophagus,False
CVCL_1258,CVCL_1763,0.4756198227405548,breast,esophagus,False
CVCL_1258,CVCL_1171,0.4752822518348694,breast,upper_aerodigestive,False
CVCL_1258,CVCL_1289,0.4752350449562073,breast,upper_aerodigestive,False
CVCL_1258,CVCL_3160,0.4711897671222687,breast,upper_aerodigestive,False
CVCL_1258,CVCL_1808,0.470475971698761,breast,urinary_tract,False
CVCL_1258,CVCL_2807,0.4650135338306427,breast,skin,False
CVCL_1258,CVCL_5006,0.464402437210083,breast,upper_aerodigestive,False
CVCL_1258,CVCL_3152,0.46083489060401917,breast,gastric,False
CVCL_1259,CVCL_1270,0.5278564691543579,breast,breast,True
CVCL_1259,CVCL_5005,0.5081830024719238,breast,upper_aerodigestive,False
CVCL_1259,CVCL_1108,0.47310635447502136,breast,upper_aerodigestive,False
CVCL_1259,CVCL_1767,0.46196943521499634,breast,esophagus,False
CVCL_1259,CVCL_2807,0.4523569345474243,breast,skin,False
CVCL_1259,CVCL_1354,0.4450576901435852,breast,esophagus,False
CVCL_1259,CVCL_2977,0.44367295503616333,breast,urinary_tract,False
CVCL_1259,CVCL_2754,0.44335535168647766,breast,breast,True
CVCL_1259,CVCL_1482,0.4390661418437958,breast,lung,False
CVCL_1259,CVCL_1293,0.43801963329315186,breast,cervix,False
CVCL_1259,CVCL_1485,0.43264609575271606,breast,lung,False
CVCL_1259,CVCL_4718,0.42856475710868835,breast,pancreas,False
CVCL_1261,CVCL_1267,0.40377986431121826,breast,breast,True
CVCL_1261,CVCL_1245,0.34932756423950195,breast,breast,True
CVCL_1261,CVCL_0290,0.3318738639354706,breast,breast,True
CVCL_1261,CVCL_1106,0.32942911982536316,breast,breast,True
CVCL_1261,CVCL_1782,0.3270999491214752,breast,breast,True
CVCL_1261,CVCL_1074,0.3269326984882355,breast,breast,True
CVCL_1261,CVCL_2062,0.3240865170955658,breast,breast,True
CVCL_1261,CVCL_0419,0.31821778416633606,breast,breast,True
CVCL_1261,CVCL_5101,0.30346524715423584,breast,bile_duct,False
CVCL_1261,CVCL_0033,0.29571592807769775,breast,breast,True
CVCL_1261,CVCL_2094,0.2906423509120941,breast,breast,True
CVCL_1263,CVCL_1400,0.5376009345054626,breast,breast,True
CVCL_1263,CVCL_1812,0.5242042541503906,breast,breast,True
CVCL_1263,CVCL_1661,0.5237533450126648,breast,breast,True
CVCL_1263,CVCL_1781,0.4822984039783478,breast,breast,True
CVCL_1263,CVCL_2062,0.47710084915161133,breast,breast,True
CVCL_1263,CVCL_1782,0.4755154848098755,breast,breast,True
CVCL_1263,CVCL_0588,0.46279430389404297,breast,breast,True
CVCL_1263,CVCL_2319,0.45762723684310913,breast,breast,True
CVCL_1263,CVCL_1532,0.44102585315704346,breast,lung,False
CVCL_1263,CVCL_1530,0.4187706410884857,breast,lung,False
CVCL_1263,CVCL_2094,0.4130779504776001,breast,breast,True
CVCL_1265,CVCL_5245,0.6114449501037598,lung,colorectal,False
CVCL_1265,CVCL_6831,0.5810917615890503,lung,lung,True
CVCL_1265,CVCL_1494,0.5575678944587708,lung,lung,True
CVCL_1265,CVCL_5160,0.5183851718902588,lung,lung,True
CVCL_1265,CVCL_1500,0.49691900610923767,lung,lung,True
CVCL_1265,CVCL_2061,0.49459585547447205,lung,lung,True
CVCL_1265,CVCL_5034,0.4551120102405548,lung,pancreas,False
CVCL_1265,CVCL_5005,0.45452186465263367,lung,upper_aerodigestive,False
CVCL_1265,CVCL_1654,0.45084938406944275,lung,lung,True
CVCL_1265,CVCL_1269,0.4390426278114319,lung,lung,True
CVCL_1265,CVCL_1482,0.43536609411239624,lung,lung,True
CVCL_1265,CVCL_1561,0.43094414472579956,lung,lung,True
CVCL_1265,CVCL_3337,0.4216870367527008,lung,esophagus,False
CVCL_1265,CVCL_4717,0.4101564288139343,lung,pancreas,False
CVCL_1265,CVCL_1637,0.4100031852722168,lung,pancreas,False
CVCL_1267,CVCL_1808,0.4346713721752167,breast,urinary_tract,False
CVCL_1267,CVCL_2312,0.4310900866985321,breast,upper_aerodigestive,False
CVCL_1267,CVCL_1759,0.41466957330703735,breast,esophagus,False
CVCL_1267,CVCL_0290,0.4141366481781006,breast,breast,True
CVCL_1267,CVCL_1258,0.396776020526886,breast,breast,True
CVCL_1267,CVCL_2686,0.3956105709075928,breast,ovary,False
CVCL_1267,CVCL_1497,0.3941362798213959,breast,lung,False
CVCL_1267,CVCL_1114,0.38820192217826843,breast,breast,True
CVCL_1267,CVCL_1766,0.3821598291397095,breast,esophagus,False
CVCL_1269,CVCL_5126,0.4374018609523773,lung,lung,True
CVCL_1269,CVCL_1731,0.4214076101779938,lung,lung,True
CVCL_1269,CVCL_1546,0.40584394335746765,lung,lung,True
CVCL_1269,CVCL_5160,0.40144479274749756,lung,lung,True
CVCL_1269,CVCL_3881,0.3995545506477356,lung,pancreas,False
CVCL_1269,CVCL_6831,0.39672383666038513,lung,lung,True
CVCL_1269,CVCL_1131,0.39315861463546753,lung,esophagus,False
CVCL_1269,CVCL_1465,0.3926646113395691,lung,lung,True
CVCL_1269,CVCL_5245,0.39261680841445923,lung,colorectal,False
CVCL_1269,CVCL_1524,0.39037519693374634,lung,lung,True
CVCL_1269,CVCL_1543,0.3888918459415436,lung,lung,True
CVCL_1269,CVCL_V622,0.3836764395236969,lung,lung,True
CVCL_1269,CVCL_1651,0.3832373321056366,lung,lung,True
CVCL_1269,CVCL_1552,0.37410208582878113,lung,lung,True
CVCL_1270,CVCL_A1VE,0.5003414750099182,breast,bile_duct,False
CVCL_1270,CVCL_1681,0.4961720108985901,breast,upper_aerodigestive,False
CVCL_1270,CVCL_3810,0.49366918206214905,breast,prostate,False
CVCL_1270,CVCL_1293,0.4921569228172302,breast,cervix,False
CVCL_1270,CVCL_1107,0.48543041944503784,breast,upper_aerodigestive,False
CVCL_1270,CVCL_2310,0.4850398600101471,breast,upper_aerodigestive,False
CVCL_1270,CVCL_1485,0.48049452900886536,breast,lung,False
CVCL_1270,CVCL_2723,0.4682839512825012,breast,prostate,False
CVCL_1270,CVCL_1108,0.46487390995025635,breast,upper_aerodigestive,False
CVCL_1270,CVCL_1767,0.46433746814727783,breast,esophagus,False
CVCL_1270,CVCL_2722,0.4600328803062439,breast,prostate,False
CVCL_1273,CVCL_WS73,0.43890613317489624,unknown,central_nervous_system,False
CVCL_1273,CVCL_8717,0.42442959547042847,unknown,central_nervous_system,False
CVCL_1273,CVCL_V617,0.35142582654953003,unknown,fibroblast,False
CVCL_1273,CVCL_1608,0.3493041694164276,unknown,central_nervous_system,False
CVCL_1273,CVCL_1226,0.3481105864048004,unknown,central_nervous_system,False
CVCL_1273,CVCL_3603,0.34380868077278137,unknown,thyroid,False
CVCL_1273,CVCL_0698,0.3423649072647095,unknown,fibroblast,False
CVCL_1273,CVCL_2799,0.3393368721008301,unknown,central_nervous_system,False
CVCL_1273,CVCL_1Y70,0.3380129933357239,unknown,peripheral_nervous_system,False
CVCL_1273,CVCL_0426,0.33690962195396423,unknown,bone,False
CVCL_1273,CVCL_1430,0.3364501893520355,unknown,lung,False
CVCL_1273,CVCL_1722,0.3341664671897888,unknown,central_nervous_system,False
CVCL_1273,CVCL_1R17,0.33181264996528625,unknown,central_nervous_system,False
CVCL_1273,CVCL_1233,0.32749247550964355,unknown,central_nervous_system,False
CVCL_1273,CVCL_0871,0.32464513182640076,unknown,soft_tissue,False
CVCL_1274,CVCL_E115,0.5008460879325867,uterus,uterus,True
CVCL_1274,CVCL_1707,0.49676424264907837,uterus,uterus,True
CVCL_1274,CVCL_1111,0.4907749593257904,uterus,kidney,False
CVCL_1274,CVCL_0235,0.48637333512306213,uterus,kidney,False
CVCL_1274,CVCL_2924,0.48233771324157715,uterus,uterus,True
CVCL_1274,CVCL_1050,0.48104602098464966,uterus,kidney,False
CVCL_1274,CVCL_0234,0.480807900428772,uterus,kidney,False
CVCL_1274,CVCL_2929,0.46798834204673767,uterus,uterus,True
CVCL_1274,CVCL_1056,0.4674658477306366,uterus,kidney,False
CVCL_1274,CVCL_2742,0.4641053080558777,uterus,kidney,False
CVCL_1274,CVCL_V607,0.4622929096221924,uterus,kidney,False
CVCL_1274,CVCL_2986,0.4506130814552307,uterus,kidney,False
CVCL_1274,CVCL_2925,0.4439268410205841,uterus,uterus,True
CVCL_1275,CVCL_VU79,0.6400087475776672,central_nervous_system,central_nervous_system,True
CVCL_1275,CVCL_1591,0.6103127002716064,central_nervous_system,lung,False
CVCL_1275,CVCL_1792,0.5503085851669312,central_nervous_system,eye,False
CVCL_1275,CVCL_1893,0.5490814447402954,central_nervous_system,eye,False
CVCL_1275,CVCL_1132,0.5309414863586426,central_nervous_system,uterus,False
CVCL_1275,CVCL_1568,0.43138986825942993,central_nervous_system,lung,False
CVCL_1275,CVCL_2141,0.3708335757255554,central_nervous_system,peripheral_nervous_system,False
CVCL_1275,CVCL_1140,0.3673490285873413,central_nervous_system,lung,False
CVCL_1275,CVCL_1454,0.3647467792034149,central_nervous_system,lung,False
CVCL_1275,CVCL_0024,0.35799992084503174,central_nervous_system,lung,False
CVCL_1275,CVCL_1176,0.3500444293022156,central_nervous_system,lung,False
CVCL_1275,CVCL_1234,0.34407132863998413,central_nervous_system,peripheral_nervous_system,False
CVCL_1279,CVCL_0042,0.37412580847740173,gastric,bone,False
CVCL_1279,CVCL_1989,0.3559383451938629,gastric,colorectal,False
CVCL_1279,CVCL_0392,0.3539618253707886,gastric,central_nervous_system,False
CVCL_1279,CVCL_1479,0.3499951660633087,gastric,lung,False
CVCL_1279,CVCL_V618,0.3430318832397461,gastric,bone,False
CVCL_1279,CVCL_1562,0.32993778586387634,gastric,lung,False
CVCL_1279,CVCL_1167,0.32787901163101196,gastric,central_nervous_system,False
CVCL_1279,CVCL_1755,0.32282504439353943,gastric,soft_tissue,False
CVCL_1279,CVCL_1Y70,0.3192143440246582,gastric,peripheral_nervous_system,False
CVCL_1279,CVCL_0401,0.3119465410709381,gastric,central_nervous_system,False
CVCL_1279,CVCL_1176,0.31115949153900146,gastric,lung,False
CVCL_1279,CVCL_1406,0.3106779158115387,gastric,uterus,False
CVCL_1279,CVCL_1703,0.3088914155960083,gastric,bone,False
CVCL_1279,CVCL_1771,0.3080313205718994,gastric,peripheral_nervous_system,False
CVCL_1280,CVCL_1414,0.5577169060707092,lymphocyte,lymphocyte,True
CVCL_1280,CVCL_2889,0.5539966821670532,lymphocyte,lymphocyte,True
CVCL_1280,CVCL_3526,0.51554274559021,lymphocyte,lymphocyte,True
CVCL_1280,CVCL_0337,0.5055245161056519,lymphocyte,lymphocyte,True
CVCL_1280,CVCL_8796,0.49541255831718445,lymphocyte,lymphocyte,True
CVCL_1280,CVCL_3032,0.47780534625053406,lymphocyte,lymphocyte,True
CVCL_1280,CVCL_0009,0.42854034900665283,lymphocyte,lymphocyte,True
CVCL_1280,CVCL_1319,0.42354097962379456,lymphocyte,lymphocyte,True
CVCL_1280,CVCL_1361,0.42063653469085693,lymphocyte,lymphocyte,True
CVCL_1280,CVCL_2016,0.4130908250808716,lymphocyte,lymphocyte,True
CVCL_1280,CVCL_2541,0.41285598278045654,lymphocyte,lymphocyte,True
CVCL_1280,CVCL_RL84,0.41075536608695984,lymphocyte,lymphocyte,True
CVCL_1280,CVCL_1320,0.4093603491783142,lymphocyte,blood,False
CVCL_1280,CVCL_1362,0.39672085642814636,lymphocyte,lymphocyte,True
CVCL_1282,CVCL_5951,0.7264890074729919,skin,skin,True
CVCL_1282,CVCL_0039,0.694844126701355,skin,skin,True
CVCL_1282,CVCL_1779,0.6862914562225342,skin,skin,True
CVCL_1282,CVCL_0445,0.682641863822937,skin,skin,True
CVCL_1282,CVCL_1692,0.6786924600601196,skin,skin,True
CVCL_1282,CVCL_2608,0.6767966747283936,skin,skin,True
CVCL_1282,CVCL_A1UF,0.675001859664917,skin,skin,True
CVCL_1282,CVCL_1672,0.6675451397895813,skin,skin,True
CVCL_1282,CVCL_0527,0.6673452258110046,skin,skin,True
CVCL_1282,CVCL_2950,0.6645271182060242,skin,skin,True
CVCL_1282,CVCL_2075,0.6591529846191406,skin,skin,True
CVCL_1282,CVCL_2607,0.6565375924110413,skin,skin,True
CVCL_1285,CVCL_2592,0.4282212257385254,lung,lung,True
CVCL_1285,CVCL_1427,0.4066406190395355,lung,lung,True
CVCL_1285,CVCL_2597,0.3968418538570404,lung,lung,True
CVCL_1285,CVCL_2593,0.3891882598400116,lung,lung,True
CVCL_1285,CVCL_2583,0.3879009783267975,lung,skin,False
CVCL_1285,CVCL_2585,0.3854050636291504,lung,skin,False
CVCL_1285,CVCL_0366,0.3840963542461395,lung,liver,False
CVCL_1285,CVCL_2581,0.37174052000045776,lung,lung,True
CVCL_1285,CVCL_2591,0.3688678443431854,lung,lung,True
CVCL_1285,CVCL_A1VQ,0.3647133409976959,lung,soft_tissue,False
CVCL_1285,CVCL_0844,0.360959529876709,lung,central_nervous_system,False
CVCL_1285,CVCL_2291,0.3602198362350464,lung,ovary,False
CVCL_1285,CVCL_1167,0.3554450571537018,lung,central_nervous_system,False
CVCL_1285,CVCL_1394,0.3529014587402344,lung,lung,True
CVCL_1285,CVCL_YU13,0.35259684920310974,lung,peripheral_nervous_system,False
CVCL_1286,CVCL_1285,0.3310970664024353,lung,lung,True
CVCL_1286,CVCL_0366,0.325763076543808,lung,liver,False
CVCL_1286,CVCL_8708,0.31016218662261963,lung,thyroid,False
CVCL_1286,CVCL_1219,0.30859073996543884,lung,thyroid,False
CVCL_1286,CVCL_5083,0.3062598705291748,lung,uterus,False
CVCL_1286,CVCL_1511,0.30586498975753784,lung,lung,True
CVCL_1286,CVCL_1722,0.3049286901950836,lung,central_nervous_system,False
CVCL_1286,CVCL_1302,0.30394455790519714,lung,lung,True
CVCL_1286,CVCL_1231,0.29831475019454956,lung,central_nervous_system,False
CVCL_1286,CVCL_L079,0.29661035537719727,lung,upper_aerodigestive,False
CVCL_1286,CVCL_0497,0.29519471526145935,lung,liver,False
CVCL_1287,CVCL_3599,0.7084929347038269,upper_aerodigestive,urinary_tract,False
CVCL_1287,CVCL_8929,0.7068510055541992,upper_aerodigestive,upper_aerodigestive,True
CVCL_1287,CVCL_2222,0.7045648694038391,upper_aerodigestive,upper_aerodigestive,True
CVCL_1287,CVCL_2462,0.677089273929596,upper_aerodigestive,upper_aerodigestive,True
CVCL_1287,CVCL_1063,0.6757403016090393,upper_aerodigestive,epidermoid_carcinoma,False
CVCL_1287,CVCL_2229,0.6733717918395996,upper_aerodigestive,upper_aerodigestive,True
CVCL_1287,CVCL_1107,0.6619100570678711,upper_aerodigestive,upper_aerodigestive,True
CVCL_1287,CVCL_1091,0.6526836156845093,upper_aerodigestive,prostate,False
CVCL_1287,CVCL_2457,0.6491999626159668,upper_aerodigestive,upper_aerodigestive,True
CVCL_1287,CVCL_2723,0.6450908780097961,upper_aerodigestive,prostate,False
CVCL_1287,CVCL_2679,0.6449066400527954,upper_aerodigestive,upper_aerodigestive,True
CVCL_1287,CVCL_2807,0.6430821418762207,upper_aerodigestive,skin,False
CVCL_1287,CVCL_1681,0.6411672830581665,upper_aerodigestive,upper_aerodigestive,True
CVCL_1288,CVCL_8930,0.5641961693763733,upper_aerodigestive,upper_aerodigestive,True
CVCL_1288,CVCL_3086,0.5509583950042725,upper_aerodigestive,upper_aerodigestive,True
CVCL_1288,CVCL_2680,0.5506138801574707,upper_aerodigestive,upper_aerodigestive,True
CVCL_1288,CVCL_L083,0.5361828207969666,upper_aerodigestive,upper_aerodigestive,True
CVCL_1288,CVCL_U797,0.5289500951766968,upper_aerodigestive,skin,False
CVCL_1288,CVCL_8064,0.5210975408554077,upper_aerodigestive,thyroid,False
CVCL_1288,CVCL_1681,0.520508885383606,upper_aerodigestive,upper_aerodigestive,True
CVCL_1288,CVCL_8929,0.5197370648384094,upper_aerodigestive,upper_aerodigestive,True
CVCL_1288,CVCL_3599,0.5098608732223511,upper_aerodigestive,urinary_tract,False
CVCL_1288,CVCL_1086,0.5095614790916443,upper_aerodigestive,upper_aerodigestive,True
CVCL_1288,CVCL_1287,0.49370908737182617,upper_aerodigestive,upper_aerodigestive,True
CVCL_1288,CVCL_2229,0.49168333411216736,upper_aerodigestive,upper_aerodigestive,True
CVCL_1288,CVCL_1684,0.48890942335128784,upper_aerodigestive,upper_aerodigestive,True
CVCL_1289,CVCL_2679,0.6613720655441284,upper_aerodigestive,upper_aerodigestive,True
CVCL_1289,CVCL_1808,0.6481953859329224,upper_aerodigestive,urinary_tract,False
CVCL_1289,CVCL_6950,0.6462769508361816,upper_aerodigestive,cervix,False
CVCL_1289,CVCL_2222,0.6461750268936157,upper_aerodigestive,upper_aerodigestive,True
CVCL_1289,CVCL_1767,0.6437450647354126,upper_aerodigestive,esophagus,False
CVCL_1289,CVCL_2229,0.6410499811172485,upper_aerodigestive,upper_aerodigestive,True
CVCL_1289,CVCL_3160,0.6290704607963562,upper_aerodigestive,upper_aerodigestive,True
CVCL_1289,CVCL_2232,0.6248483657836914,upper_aerodigestive,upper_aerodigestive,True
CVCL_1289,CVCL_1287,0.6171289086341858,upper_aerodigestive,upper_aerodigestive,True
CVCL_1289,CVCL_1102,0.6118375658988953,upper_aerodigestive,upper_aerodigestive,True
CVCL_1289,CVCL_1763,0.6084305047988892,upper_aerodigestive,esophagus,False
CVCL_1289,CVCL_2661,0.6069296598434448,upper_aerodigestive,esophagus,False
CVCL_1289,CVCL_1063,0.6048882603645325,upper_aerodigestive,epidermoid_carcinoma,False
CVCL_1289,CVCL_5017,0.6039591431617737,upper_aerodigestive,upper_aerodigestive,True
CVCL_1290,CVCL_1735,0.7005593776702881,lymphocyte,lymphocyte,True
CVCL_1290,CVCL_1660,0.6981725096702576,lymphocyte,lymphocyte,True
CVCL_1290,CVCL_0511,0.6886626482009888,lymphocyte,lymphocyte,True
CVCL_1290,CVCL_1088,0.6780654788017273,lymphocyte,lymphocyte,True
CVCL_1290,CVCL_1399,0.6724199652671814,lymphocyte,lymphocyte,True
CVCL_1290,CVCL_1222,0.6645862460136414,lymphocyte,lymphocyte,True
CVCL_1290,CVCL_1179,0.6642224192619324,lymphocyte,lymphocyte,True
CVCL_1290,CVCL_1087,0.6594239473342896,lymphocyte,lymphocyte,True
CVCL_1290,CVCL_1902,0.6584964990615845,lymphocyte,lymphocyte,True
CVCL_1290,CVCL_2676,0.6580037474632263,lymphocyte,lymphocyte,True
CVCL_1290,CVCL_0539,0.6565571427345276,lymphocyte,lymphocyte,True
CVCL_1290,CVCL_1889,0.6425108909606934,lymphocyte,lymphocyte,True
CVCL_1290,CVCL_0008,0.6345415115356445,lymphocyte,lymphocyte,True
CVCL_1290,CVCL_B371,0.6335246562957764,lymphocyte,lymphocyte,True
CVCL_1291,CVCL_1523,0.555576503276825,urinary_tract,lung,False
CVCL_1291,CVCL_1652,0.5297772884368896,urinary_tract,lung,False
CVCL_1291,CVCL_1292,0.5014687776565552,urinary_tract,urinary_tract,True
CVCL_1291,CVCL_3158,0.4774365723133087,urinary_tract,ovary,False
CVCL_1291,CVCL_8065,0.47516170144081116,urinary_tract,uterus,False
CVCL_1291,CVCL_1483,0.42603665590286255,urinary_tract,lung,False
CVCL_1291,CVCL_2465,0.4254475235939026,urinary_tract,upper_aerodigestive,False
CVCL_1291,CVCL_1417,0.42174017429351807,urinary_tract,gastric,False
CVCL_1291,CVCL_1476,0.41517239809036255,urinary_tract,lung,False
CVCL_1291,CVCL_V613,0.40934377908706665,urinary_tract,central_nervous_system,False
CVCL_1291,CVCL_4717,0.4011208415031433,urinary_tract,pancreas,False
CVCL_1292,CVCL_3055,0.4585978388786316,urinary_tract,gastric,False
CVCL_1292,CVCL_3629,0.4510345458984375,urinary_tract,bile_duct,False
CVCL_1292,CVCL_3152,0.4356590509414673,urinary_tract,gastric,False
CVCL_1292,CVCL_2067,0.4317176640033722,urinary_tract,breast,False
CVCL_1292,CVCL_3158,0.43137964606285095,urinary_tract,ovary,False
CVCL_1292,CVCL_1767,0.4300341308116913,urinary_tract,esophagus,False
CVCL_1292,CVCL_1197,0.42985424399375916,urinary_tract,lung,False
CVCL_1292,CVCL_1105,0.4262544512748718,urinary_tract,lung,False
CVCL_1292,CVCL_2465,0.42017295956611633,urinary_tract,upper_aerodigestive,False
CVCL_1292,CVCL_5048,0.41547083854675293,urinary_tract,bile_duct,False
CVCL_1292,CVCL_1652,0.4127996861934662,urinary_tract,lung,False
CVCL_1292,CVCL_1086,0.40665116906166077,urinary_tract,upper_aerodigestive,False
CVCL_1292,CVCL_8065,0.4019058346748352,urinary_tract,uterus,False
CVCL_1292,CVCL_2312,0.4006536602973938,urinary_tract,upper_aerodigestive,False
CVCL_1293,CVCL_2313,0.6862351894378662,cervix,upper_aerodigestive,False
CVCL_1293,CVCL_2310,0.676186740398407,cervix,upper_aerodigestive,False
CVCL_1293,CVCL_2229,0.6698204278945923,cervix,upper_aerodigestive,False
CVCL_1293,CVCL_1681,0.6697753071784973,cervix,upper_aerodigestive,False
CVCL_1293,CVCL_1091,0.6689220070838928,cervix,prostate,False
CVCL_1293,CVCL_2462,0.6686615347862244,cervix,upper_aerodigestive,False
CVCL_1293,CVCL_3599,0.6639394760131836,cervix,urinary_tract,False
CVCL_1293,CVCL_2723,0.6586629152297974,cervix,prostate,False
CVCL_1293,CVCL_2722,0.6542675495147705,cervix,prostate,False
CVCL_1293,CVCL_1107,0.6533970832824707,cervix,upper_aerodigestive,False
CVCL_1293,CVCL_2253,0.6461611390113831,cervix,cervix,True
CVCL_1293,CVCL_A1VE,0.6455239653587341,cervix,bile_duct,False
CVCL_1293,CVCL_2582,0.6448278427124023,cervix,lung,False
CVCL_1293,CVCL_1767,0.6439806222915649,cervix,esophagus,False
CVCL_1293,CVCL_1485,0.6435149312019348,cervix,lung,False
CVCL_1294,CVCL_1382,0.7728445529937744,colorectal,colorectal,True
CVCL_1294,CVCL_1648,0.7461313605308533,colorectal,colorectal,True
CVCL_1294,CVCL_1718,0.7305918335914612,colorectal,colorectal,True
CVCL_1294,CVCL_1386,0.7299504280090332,colorectal,colorectal,True
CVCL_1294,CVCL_8175,0.7288500666618347,colorectal,colorectal,True
CVCL_1294,CVCL_1708,0.7267549633979797,colorectal,colorectal,True
CVCL_1294,CVCL_5248,0.7265712022781372,colorectal,colorectal,True
CVCL_1294,CVCL_1980,0.7229920625686646,colorectal,colorectal,True
CVCL_1294,CVCL_5250,0.7165517210960388,colorectal,colorectal,True
CVCL_1294,CVCL_2917,0.7140750885009766,colorectal,colorectal,True
CVCL_1294,CVCL_5044,0.713042140007019,colorectal,colorectal,True
CVCL_1294,CVCL_5078,0.7075096368789673,colorectal,colorectal,True
CVCL_1294,CVCL_5002,0.70449298620224,colorectal,colorectal,True
CVCL_1295,CVCL_8064,0.4316031336784363,thyroid,thyroid,True
CVCL_1295,CVCL_B260,0.4114537239074707,thyroid,lung,False
CVCL_1295,CVCL_1375,0.4051974415779114,thyroid,lung,False
CVCL_1295,CVCL_1070,0.3683207035064697,thyroid,central_nervous_system,False
CVCL_1295,CVCL_1769,0.36641815304756165,thyroid,bile_duct,False
CVCL_1295,CVCL_2447,0.36201536655426025,thyroid,thyroid,True
CVCL_1295,CVCL_2960,0.3546316623687744,thyroid,thyroid,True
CVCL_1295,CVCL_1052,0.34976765513420105,thyroid,central_nervous_system,False
CVCL_1295,CVCL_1594,0.33626121282577515,thyroid,lung,False
CVCL_1295,CVCL_1760,0.3321089446544647,thyroid,esophagus,False
CVCL_1295,CVCL_0543,0.3264198303222656,thyroid,bone,False
CVCL_1295,CVCL_1688,0.325089693069458,thyroid,central_nervous_system,False
CVCL_1295,CVCL_5158,0.3199619650840759,thyroid,lung,False
CVCL_1298,CVCL_1610,0.632918655872345,bone,bone,True
CVCL_1298,CVCL_8716,0.4678587019443512,bone,bone,True
CVCL_1298,CVCL_WU91,0.34022295475006104,bone,soft_tissue,False
CVCL_1298,CVCL_2909,0.33782967925071716,bone,bone,True
CVCL_1298,CVCL_7146,0.32752445340156555,bone,soft_tissue,False
CVCL_1298,CVCL_0878,0.28453049063682556,bone,fibroblast,False
CVCL_1298,CVCL_1666,0.27976545691490173,bone,skin,False
CVCL_1298,CVCL_A1UX,0.27940529584884644,bone,bone,True
CVCL_1298,CVCL_M823,0.2768893539905548,bone,soft_tissue,False
CVCL_1298,CVCL_0846,0.2762192189693451,bone,fibroblast,False
CVCL_1298,CVCL_1279,0.2681175768375397,bone,gastric,False
CVCL_1298,CVCL_0979,0.2669345438480377,bone,fibroblast,False
CVCL_1298,CVCL_1Y70,0.25958487391471863,bone,peripheral_nervous_system,False
CVCL_1298,CVCL_1R17,0.25792622566223145,bone,central_nervous_system,False
CVCL_1299,CVCL_M465,0.6019610166549683,pancreas,pancreas,True
CVCL_1299,CVCL_M469,0.557540774345398,pancreas,pancreas,True
CVCL_1299,CVCL_1637,0.5328938961029053,pancreas,pancreas,True
CVCL_1299,CVCL_A1UH,0.5259354114532471,pancreas,pancreas,True
CVCL_1299,CVCL_5034,0.5253321528434753,pancreas,pancreas,True
CVCL_1299,CVCL_LM84,0.5251680612564087,pancreas,pancreas,True
CVCL_1299,CVCL_1119,0.506687343120575,pancreas,pancreas,True
CVCL_1299,CVCL_1635,0.49832841753959656,pancreas,pancreas,True
CVCL_1299,CVCL_S507,0.47138145565986633,pancreas,pancreas,True
CVCL_1299,CVCL_A1VG,0.465124249458313,pancreas,bile_duct,False
CVCL_1299,CVCL_M466,0.4608438313007355,pancreas,pancreas,True
CVCL_1299,CVCL_1638,0.4527704119682312,pancreas,pancreas,True
CVCL_1299,CVCL_5065,0.44072577357292175,pancreas,bile_duct,False
CVCL_1299,CVCL_0371,0.44011157751083374,pancreas,gastric,False
CVCL_1300,CVCL_5034,0.5833023190498352,pancreas,pancreas,True
CVCL_1300,CVCL_S507,0.533359169960022,pancreas,pancreas,True
CVCL_1300,CVCL_1849,0.522415816783905,pancreas,pancreas,True
CVCL_1300,CVCL_0026,0.4968826472759247,pancreas,pancreas,True
CVCL_1300,CVCL_M466,0.48714131116867065,pancreas,pancreas,True
CVCL_1300,CVCL_2977,0.48392254114151,pancreas,urinary_tract,False
CVCL_1300,CVCL_2714,0.48125791549682617,pancreas,urinary_tract,False
CVCL_1300,CVCL_1670,0.4743293225765228,pancreas,urinary_tract,False
CVCL_1300,CVCL_1119,0.4690042734146118,pancreas,pancreas,True
CVCL_1300,CVCL_0186,0.4660368859767914,pancreas,pancreas,True
CVCL_1300,CVCL_A1UH,0.4562234580516815,pancreas,pancreas,True
CVCL_1300,CVCL_1638,0.4472789764404297,pancreas,pancreas,True
CVCL_1300,CVCL_A1VG,0.44535884261131287,pancreas,bile_duct,False
CVCL_1300,CVCL_M261,0.4391765594482422,pancreas,bile_duct,False
CVCL_1300,CVCL_2743,0.43349403142929077,pancreas,urinary_tract,False
CVCL_1301,CVCL_1479,0.4665430784225464,gastric,lung,False
CVCL_1301,CVCL_VU69,0.4429436922073364,gastric,ovary,False
CVCL_1301,CVCL_1755,0.40690919756889343,gastric,soft_tissue,False
CVCL_1301,CVCL_8007,0.37073126435279846,gastric,soft_tissue,False
CVCL_1301,CVCL_6C44,0.35339534282684326,gastric,soft_tissue,False
CVCL_1301,CVCL_1595,0.34560292959213257,gastric,lung,False
CVCL_1301,CVCL_1577,0.3322059214115143,gastric,lung,False
CVCL_1301,CVCL_0542,0.3294704854488373,gastric,adrenal_cortex,False
CVCL_1301,CVCL_U760,0.32684025168418884,gastric,soft_tissue,False
CVCL_1301,CVCL_3612,0.32205766439437866,gastric,ovary,False
CVCL_1302,CVCL_1514,0.5080845952033997,lung,lung,True
CVCL_1302,CVCL_2594,0.44766873121261597,lung,lung,True
CVCL_1302,CVCL_2063,0.39717888832092285,lung,lung,True
CVCL_1302,CVCL_1511,0.3779591917991638,lung,lung,True
CVCL_1302,CVCL_1546,0.34824591875076294,lung,lung,True
CVCL_1302,CVCL_5134,0.33978259563446045,lung,lung,True
CVCL_1302,CVCL_1524,0.33718234300613403,lung,lung,True
CVCL_1302,CVCL_1629,0.335223913192749,lung,ovary,False
CVCL_1302,CVCL_1427,0.3299243748188019,lung,lung,True
CVCL_1302,CVCL_1491,0.3282349109649658,lung,lung,True
CVCL_1302,CVCL_1550,0.3257133364677429,lung,lung,True
CVCL_1302,CVCL_1561,0.3180689215660095,lung,lung,True
CVCL_1302,CVCL_1559,0.3155205547809601,lung,lung,True
CVCL_1302,CVCL_5127,0.3139178454875946,lung,lung,True
CVCL_1303,CVCL_2075,0.8236787915229797,skin,skin,True
CVCL_1303,CVCL_1779,0.7856886982917786,skin,skin,True
CVCL_1303,CVCL_2605,0.7741655707359314,skin,skin,True
CVCL_1303,CVCL_2950,0.7593625783920288,skin,skin,True
CVCL_1303,CVCL_1402,0.7401027679443359,skin,skin,True
CVCL_1303,CVCL_2610,0.7272862792015076,skin,skin,True
CVCL_1303,CVCL_6025,0.7217763066291809,skin,skin,True
CVCL_1303,CVCL_2609,0.706016480922699,skin,skin,True
CVCL_1304,CVCL_4658,0.5940766334533691,ovary,uterus,False
CVCL_1304,CVCL_1615,0.591460108757019,ovary,ovary,True
CVCL_1304,CVCL_3116,0.5847890377044678,ovary,ovary,True
CVCL_1304,CVCL_2930,0.5612390041351318,ovary,uterus,False
CVCL_1304,CVCL_3111,0.55519038438797,ovary,ovary,True
CVCL_1304,CVCL_5007,0.5177901387214661,ovary,uterus,False
CVCL_1304,CVCL_3117,0.5022798776626587,ovary,ovary,True
CVCL_1304,CVCL_3867,0.5013137459754944,ovary,uterus,False
CVCL_1304,CVCL_E063,0.49985918402671814,ovary,uterus,False
CVCL_1304,CVCL_2785,0.49141132831573486,ovary,liver,False
CVCL_1304,CVCL_2927,0.47959229350090027,ovary,uterus,False
CVCL_1304,CVCL_DH06,0.47868749499320984,ovary,ovary,True
CVCL_1307,CVCL_1779,0.7570620179176331,skin,skin,True
CVCL_1307,CVCL_1672,0.7504278421401978,skin,skin,True
CVCL_1307,CVCL_B4KU,0.7454943656921387,skin,skin,True
CVCL_1307,CVCL_3962,0.7260514497756958,skin,central_nervous_system,False
CVCL_1307,CVCL_1692,0.7107023596763611,skin,skin,True
CVCL_1307,CVCL_2608,0.7053084373474121,skin,skin,True
CVCL_1307,CVCL_0527,0.6975359320640564,skin,skin,True
CVCL_1307,CVCL_5951,0.694409191608429,skin,skin,True
CVCL_1307,CVCL_0526,0.6897305250167847,skin,skin,True
CVCL_1307,CVCL_2075,0.6860377788543701,skin,skin,True
CVCL_1307,CVCL_2610,0.6834493279457092,skin,skin,True
CVCL_1307,CVCL_A341,0.6788049936294556,skin,skin,True
CVCL_1307,CVCL_1780,0.6760430932044983,skin,skin,True
CVCL_1311,CVCL_2080,0.5623201727867126,lung,lung,True
CVCL_1311,CVCL_1544,0.5352891683578491,lung,lung,True
CVCL_1311,CVCL_1427,0.5232831835746765,lung,lung,True
CVCL_1311,CVCL_2590,0.522212564945221,lung,lung,True
CVCL_1311,CVCL_2596,0.49755433201789856,lung,lung,True
CVCL_1311,CVCL_2591,0.44024014472961426,lung,lung,True
CVCL_1311,CVCL_2597,0.4391883611679077,lung,lung,True
CVCL_1311,CVCL_1518,0.43725743889808655,lung,lung,True
CVCL_1311,CVCL_C304,0.4274481534957886,lung,eye,False
CVCL_1311,CVCL_0882,0.4272444546222687,lung,fibroblast,False
CVCL_1311,CVCL_1312,0.40211719274520874,lung,lung,True
CVCL_1311,CVCL_WU66,0.3902179002761841,lung,bone,False
CVCL_1311,CVCL_0698,0.3892296552658081,lung,fibroblast,False
CVCL_1311,CVCL_0846,0.38774189352989197,lung,fibroblast,False
CVCL_1312,CVCL_1544,0.5843477249145508,lung,lung,True
CVCL_1312,CVCL_1553,0.5661335587501526,lung,lung,True
CVCL_1312,CVCL_2080,0.5470185279846191,lung,lung,True
CVCL_1312,CVCL_2591,0.5013903975486755,lung,lung,True
CVCL_1312,CVCL_2597,0.45592954754829407,lung,lung,True
CVCL_1312,CVCL_2596,0.43193644285202026,lung,lung,True
CVCL_1312,CVCL_1430,0.4306581914424896,lung,lung,True
CVCL_1312,CVCL_1427,0.41814595460891724,lung,lung,True
CVCL_1312,CVCL_2581,0.38828644156455994,lung,lung,True
CVCL_1312,CVCL_2592,0.3751435875892639,lung,lung,True
CVCL_1312,CVCL_2593,0.3698592185974121,lung,lung,True
CVCL_1312,CVCL_2671,0.3655683696269989,lung,lung,True
CVCL_1312,CVCL_0966,0.3572787940502167,lung,fibroblast,False
CVCL_1312,CVCL_0871,0.35087910294532776,lung,soft_tissue,False
CVCL_1319,CVCL_Y548,0.8319904804229736,lymphocyte,blood,False
CVCL_1319,CVCL_1320,0.8086462616920471,lymphocyte,blood,False
CVCL_1319,CVCL_1870,0.7717492580413818,lymphocyte,blood,False
CVCL_1319,CVCL_Y547,0.7443541884422302,lymphocyte,blood,False
CVCL_1319,CVCL_4613,0.7265628576278687,lymphocyte,blood,False
CVCL_1319,CVCL_Y549,0.7206855416297913,lymphocyte,blood,False
CVCL_1319,CVCL_1818,0.7103311419487,lymphocyte,lymphocyte,True
CVCL_1319,CVCL_2027,0.7028488516807556,lymphocyte,lymphocyte,True
CVCL_1319,CVCL_3386,0.696834921836853,lymphocyte,plasma_cell,False
CVCL_1319,CVCL_1861,0.6636130213737488,lymphocyte,lymphocyte,True
CVCL_1319,CVCL_2526,0.6549210548400879,lymphocyte,plasma_cell,False
CVCL_1319,CVCL_1186,0.647937536239624,lymphocyte,lymphocyte,True
CVCL_1320,CVCL_Y548,0.8298486471176147,blood,blood,True
CVCL_1320,CVCL_Y549,0.7999707460403442,blood,blood,True
CVCL_1320,CVCL_1870,0.7641348242759705,blood,blood,True
CVCL_1320,CVCL_4613,0.7620538473129272,blood,blood,True
CVCL_1320,CVCL_3386,0.75745689868927,blood,plasma_cell,False
CVCL_1320,CVCL_Y545,0.7333323955535889,blood,blood,True
CVCL_1320,CVCL_1818,0.7317657470703125,blood,lymphocyte,False
CVCL_1320,CVCL_Y547,0.7235693335533142,blood,blood,True
CVCL_1320,CVCL_1861,0.6930603981018066,blood,lymphocyte,False
CVCL_1320,CVCL_3169,0.688877284526825,blood,lymphocyte,False
CVCL_1320,CVCL_2526,0.6866830587387085,blood,plasma_cell,False
CVCL_1321,CVCL_2122,0.8464531898498535,blood,blood,True
CVCL_1321,CVCL_2110,0.7633174061775208,blood,blood,True
CVCL_1321,CVCL_2130,0.7054388523101807,blood,blood,True
CVCL_1321,CVCL_1433,0.7037451863288879,blood,blood,True
CVCL_1321,CVCL_2118,0.6849917769432068,blood,blood,True
CVCL_1321,CVCL_5224,0.6636722087860107,blood,blood,True
CVCL_1321,CVCL_2191,0.6342977285385132,blood,blood,True
CVCL_1321,CVCL_1620,0.6316656470298767,blood,blood,True
CVCL_1321,CVCL_2071,0.6286981701850891,blood,blood,True
CVCL_1321,CVCL_2196,0.628537118434906,blood,blood,True
CVCL_1323,CVCL_5010,0.60893315076828,central_nervous_system,central_nervous_system,True
CVCL_1323,CVCL_5033,0.5577758550643921,central_nervous_system,central_nervous_system,True
CVCL_1323,CVCL_1117,0.5216684341430664,central_nervous_system,central_nervous_system,True
CVCL_1323,CVCL_0844,0.5198530554771423,central_nervous_system,central_nervous_system,True
CVCL_1323,CVCL_1608,0.5181869268417358,central_nervous_system,central_nervous_system,True
CVCL_1323,CVCL_1715,0.5085921883583069,central_nervous_system,central_nervous_system,True
CVCL_1323,CVCL_1795,0.5000297427177429,central_nervous_system,central_nervous_system,True
CVCL_1323,CVCL_2799,0.4940114915370941,central_nervous_system,central_nervous_system,True
CVCL_1323,CVCL_1722,0.49323558807373047,central_nervous_system,central_nervous_system,True
CVCL_1323,CVCL_5069,0.4924721419811249,central_nervous_system,central_nervous_system,True
CVCL_1323,CVCL_6735,0.47694480419158936,central_nervous_system,central_nervous_system,True
CVCL_1323,CVCL_1796,0.4743976294994354,central_nervous_system,central_nervous_system,True
CVCL_1323,CVCL_1706,0.4688072204589844,central_nervous_system,central_nervous_system,True
CVCL_1323,CVCL_3960,0.4652642011642456,central_nervous_system,central_nervous_system,True
CVCL_1324,CVCL_1711,0.779382050037384,lymphocyte,lymphocyte,True
CVCL_1324,CVCL_2093,0.7687756419181824,lymphocyte,lymphocyte,True
CVCL_1324,CVCL_2209,0.7394349575042725,lymphocyte,lymphocyte,True
CVCL_1324,CVCL_2098,0.7175500988960266,lymphocyte,lymphocyte,True
CVCL_1324,CVCL_H614,0.634785532951355,lymphocyte,lymphocyte,True
CVCL_1324,CVCL_1362,0.4869593679904938,lymphocyte,lymphocyte,True
CVCL_1324,CVCL_RL84,0.46291881799697876,lymphocyte,lymphocyte,True
CVCL_1324,CVCL_2541,0.442636638879776,lymphocyte,lymphocyte,True
CVCL_1324,CVCL_1414,0.43702414631843567,lymphocyte,lymphocyte,True
CVCL_1324,CVCL_2976,0.43591371178627014,lymphocyte,lymphocyte,True
CVCL_1324,CVCL_3526,0.43555760383605957,lymphocyte,lymphocyte,True
CVCL_1324,CVCL_1099,0.4237530529499054,lymphocyte,lymphocyte,True
CVCL_1325,CVCL_0539,0.654865562915802,lymphocyte,lymphocyte,True
CVCL_1325,CVCL_1889,0.6508147120475769,lymphocyte,lymphocyte,True
CVCL_1325,CVCL_1660,0.631679356098175,lymphocyte,lymphocyte,True
CVCL_1325,CVCL_2027,0.6271804571151733,lymphocyte,lymphocyte,True
CVCL_1325,CVCL_1179,0.625423789024353,lymphocyte,lymphocyte,True
CVCL_1325,CVCL_1290,0.6237250566482544,lymphocyte,lymphocyte,True
CVCL_1325,CVCL_1902,0.6138107180595398,lymphocyte,lymphocyte,True
CVCL_1325,CVCL_1186,0.6103232502937317,lymphocyte,lymphocyte,True
CVCL_1325,CVCL_1735,0.6050281524658203,lymphocyte,lymphocyte,True
CVCL_1325,CVCL_0008,0.5983954071998596,lymphocyte,lymphocyte,True
CVCL_1325,CVCL_2979,0.5894602537155151,lymphocyte,lymphocyte,True
CVCL_1325,CVCL_2676,0.5834159255027771,lymphocyte,lymphocyte,True
CVCL_1325,CVCL_0511,0.5640836358070374,lymphocyte,lymphocyte,True
CVCL_1325,CVCL_B371,0.551726222038269,lymphocyte,lymphocyte,True
CVCL_1327,CVCL_1630,0.7804741263389587,blood,blood,True
CVCL_1327,CVCL_1424,0.7623093128204346,blood,blood,True
CVCL_1327,CVCL_1641,0.7452824115753174,blood,blood,True
CVCL_1327,CVCL_2022,0.6922906637191772,blood,blood,True
CVCL_1327,CVCL_1805,0.6657108664512634,blood,blood,True
CVCL_1327,CVCL_1913,0.6585807800292969,blood,blood,True
CVCL_1327,CVCL_1736,0.6329551935195923,blood,blood,True
CVCL_1327,CVCL_1820,0.6103118658065796,blood,blood,True
CVCL_1327,CVCL_1714,0.610156774520874,blood,blood,True
CVCL_1327,CVCL_1667,0.5901924967765808,blood,blood,True
CVCL_1327,CVCL_1380,0.5695268511772156,blood,blood,True
CVCL_1329,CVCL_1882,0.585066556930542,uterus,ovary,False
CVCL_1329,CVCL_2672,0.5711168050765991,uterus,ovary,False
CVCL_1329,CVCL_2419,0.5627062916755676,uterus,ovary,False
CVCL_1329,CVCL_1345,0.538271427154541,uterus,ovary,False
CVCL_1329,CVCL_3110,0.5190733075141907,uterus,ovary,False
CVCL_1329,CVCL_1627,0.5092673897743225,uterus,ovary,False
CVCL_1329,CVCL_2734,0.49245622754096985,uterus,ovary,False
CVCL_1329,CVCL_3114,0.49038970470428467,uterus,ovary,False
CVCL_1329,CVCL_4647,0.4862854480743408,uterus,ovary,False
CVCL_1329,CVCL_2422,0.4815973937511444,uterus,ovary,False
CVCL_1329,CVCL_1405,0.472574919462204,uterus,uterus,True
CVCL_1329,CVCL_1614,0.4716959297657013,uterus,ovary,False
CVCL_1329,CVCL_5096,0.47029340267181396,uterus,ovary,False
CVCL_1330,CVCL_2526,0.4357159733772278,lymphocyte,plasma_cell,False
CVCL_1330,CVCL_Y545,0.4296523332595825,lymphocyte,blood,False
CVCL_1330,CVCL_2220,0.4207613468170166,lymphocyte,lymphocyte,True
CVCL_1330,CVCL_Y548,0.4172268509864807,lymphocyte,blood,False
CVCL_1330,CVCL_1320,0.41629549860954285,lymphocyte,blood,False
CVCL_1330,CVCL_1319,0.4135364294052124,lymphocyte,lymphocyte,True
CVCL_1330,CVCL_0D73,0.4060501456260681,lymphocyte,blood,False
CVCL_1330,CVCL_1194,0.4055037200450897,lymphocyte,lymphocyte,True
CVCL_1330,CVCL_3032,0.3997994065284729,lymphocyte,lymphocyte,True
CVCL_1330,CVCL_3386,0.39459067583084106,lymphocyte,plasma_cell,False
CVCL_1330,CVCL_1186,0.3833235204219818,lymphocyte,lymphocyte,True
CVCL_1330,CVCL_1883,0.3789333403110504,lymphocyte,lymphocyte,True
CVCL_1330,CVCL_2096,0.3787388503551483,lymphocyte,lymphocyte,True
CVCL_1330,CVCL_3169,0.3737851679325104,lymphocyte,lymphocyte,True
CVCL_1330,CVCL_1099,0.37275752425193787,lymphocyte,lymphocyte,True
CVCL_1331,CVCL_1980,0.6192299723625183,colorectal,colorectal,True
CVCL_1331,CVCL_5078,0.606819212436676,colorectal,colorectal,True
CVCL_1331,CVCL_4846,0.5881697535514832,colorectal,gastric,False
CVCL_1331,CVCL_5250,0.580615758895874,colorectal,colorectal,True
CVCL_1331,CVCL_EG22,0.576708972454071,colorectal,colorectal,True
CVCL_1331,CVCL_0626,0.5748528242111206,colorectal,colorectal,True
CVCL_1331,CVCL_0397,0.5714369416236877,colorectal,colorectal,True
CVCL_1331,CVCL_8175,0.5594792366027832,colorectal,colorectal,True
CVCL_1331,CVCL_5038,0.559154748916626,colorectal,bile_duct,False
CVCL_1331,CVCL_0632,0.5577836632728577,colorectal,colorectal,True
CVCL_1331,CVCL_5031,0.5495346188545227,colorectal,colorectal,True
CVCL_1331,CVCL_2520,0.5460442900657654,colorectal,colorectal,True
CVCL_1331,CVCL_1386,0.5437334179878235,colorectal,colorectal,True
CVCL_1331,CVCL_5111,0.5428668856620789,colorectal,colorectal,True
CVCL_1331,CVCL_5044,0.5422406196594238,colorectal,colorectal,True
CVCL_1334,CVCL_1823,0.5387986302375793,plasma_cell,plasma_cell,True
CVCL_1334,CVCL_2123,0.5124930143356323,plasma_cell,plasma_cell,True
CVCL_1334,CVCL_5209,0.5110799074172974,plasma_cell,plasma_cell,True
CVCL_1334,CVCL_1600,0.49761125445365906,plasma_cell,plasma_cell,True
CVCL_1334,CVCL_1872,0.4818333685398102,plasma_cell,lymphocyte,False
CVCL_1334,CVCL_1852,0.47078514099121094,plasma_cell,blood,False
CVCL_1334,CVCL_2030,0.46890661120414734,plasma_cell,plasma_cell,True
CVCL_1334,CVCL_1186,0.4516385495662689,plasma_cell,lymphocyte,False
CVCL_1334,CVCL_2027,0.4497638940811157,plasma_cell,lymphocyte,False
CVCL_1334,CVCL_Y545,0.44773128628730774,plasma_cell,blood,False
CVCL_1334,CVCL_0823,0.4401562809944153,plasma_cell,lymphocyte,False
CVCL_1334,CVCL_0067,0.43585318326950073,plasma_cell,lymphocyte,False
CVCL_1334,CVCL_1064,0.4354069232940674,plasma_cell,lymphocyte,False
CVCL_1334,CVCL_1699,0.43355792760849,plasma_cell,plasma_cell,True
CVCL_1334,CVCL_1806,0.43335387110710144,plasma_cell,plasma_cell,True
CVCL_1335,CVCL_2943,0.6982405781745911,lung,skin,False
CVCL_1335,CVCL_2661,0.6831336617469788,lung,esophagus,False
CVCL_1335,CVCL_5137,0.6694567799568176,lung,lung,True
CVCL_1335,CVCL_1761,0.6563279032707214,lung,esophagus,False
CVCL_1335,CVCL_2679,0.6351116299629211,lung,upper_aerodigestive,False
CVCL_1335,CVCL_1682,0.6333827972412109,lung,upper_aerodigestive,False
CVCL_1335,CVCL_1063,0.6327972412109375,lung,epidermoid_carcinoma,False
CVCL_1335,CVCL_V586,0.6120074987411499,lung,lung,True
CVCL_1335,CVCL_2680,0.6086442470550537,lung,upper_aerodigestive,False
CVCL_1335,CVCL_1349,0.5983195304870605,lung,esophagus,False
CVCL_1335,CVCL_U797,0.5923372507095337,lung,skin,False
CVCL_1335,CVCL_6950,0.5897344946861267,lung,cervix,False
CVCL_1335,CVCL_2681,0.588138222694397,lung,upper_aerodigestive,False
CVCL_1335,CVCL_2222,0.5877032279968262,lung,upper_aerodigestive,False
CVCL_1335,CVCL_2750,0.5809078216552734,lung,urinary_tract,False
CVCL_1337,CVCL_3160,0.6379056572914124,upper_aerodigestive,upper_aerodigestive,True
CVCL_1337,CVCL_1086,0.6142758727073669,upper_aerodigestive,upper_aerodigestive,True
CVCL_1337,CVCL_1767,0.5770106911659241,upper_aerodigestive,esophagus,False
CVCL_1337,CVCL_3001,0.5731585025787354,upper_aerodigestive,upper_aerodigestive,True
CVCL_1337,CVCL_1287,0.5722187161445618,upper_aerodigestive,upper_aerodigestive,True
CVCL_1337,CVCL_3599,0.5660521984100342,upper_aerodigestive,urinary_tract,False
CVCL_1337,CVCL_3086,0.5540184378623962,upper_aerodigestive,upper_aerodigestive,True
CVCL_1337,CVCL_2229,0.5450902581214905,upper_aerodigestive,upper_aerodigestive,True
CVCL_1337,CVCL_2723,0.5323005318641663,upper_aerodigestive,prostate,False
CVCL_1337,CVCL_L083,0.5257752537727356,upper_aerodigestive,upper_aerodigestive,True
CVCL_1337,CVCL_2807,0.522046685218811,upper_aerodigestive,skin,False
CVCL_1337,CVCL_2458,0.5219374299049377,upper_aerodigestive,upper_aerodigestive,True
CVCL_1337,CVCL_1293,0.5217806696891785,upper_aerodigestive,cervix,False
CVCL_1337,CVCL_1063,0.5206530094146729,upper_aerodigestive,epidermoid_carcinoma,False
CVCL_1337,CVCL_2677,0.5157821178436279,upper_aerodigestive,prostate,False
CVCL_1338,CVCL_1547,0.4557216167449951,pancreas,lung,False
CVCL_1338,CVCL_VU69,0.3807045817375183,pancreas,ovary,False
CVCL_1338,CVCL_1406,0.3659043312072754,pancreas,uterus,False
CVCL_1338,CVCL_1545,0.33502790331840515,pancreas,lung,False
CVCL_1338,CVCL_1174,0.32997819781303406,pancreas,lung,False
CVCL_1338,CVCL_0077,0.31920337677001953,pancreas,liver,False
CVCL_1338,CVCL_2914,0.3134846091270447,pancreas,lung,False
CVCL_1338,CVCL_0542,0.3130129873752594,pancreas,adrenal_cortex,False
CVCL_1338,CVCL_1755,0.307157039642334,pancreas,soft_tissue,False
CVCL_1338,CVCL_1479,0.306323379278183,pancreas,lung,False
CVCL_1338,CVCL_0134,0.2855215072631836,pancreas,ovary,False
CVCL_1338,CVCL_2034,0.2823694944381714,pancreas,uterus,False
CVCL_1339,CVCL_1606,0.8952475786209106,peripheral_nervous_system,peripheral_nervous_system,True
CVCL_1339,CVCL_1341,0.8329907655715942,peripheral_nervous_system,peripheral_nervous_system,True
CVCL_1339,CVCL_5627,0.8184704780578613,peripheral_nervous_system,peripheral_nervous_system,True
CVCL_1339,CVCL_6594,0.8144177794456482,peripheral_nervous_system,peripheral_nervous_system,True
CVCL_1339,CVCL_1412,0.7915478944778442,peripheral_nervous_system,peripheral_nervous_system,True
CVCL_1339,CVCL_1605,0.7794427275657654,peripheral_nervous_system,peripheral_nervous_system,True
CVCL_1339,CVCL_2092,0.7792485952377319,peripheral_nervous_system,peripheral_nervous_system,True
CVCL_1339,CVCL_AX42,0.7786619663238525,peripheral_nervous_system,peripheral_nervous_system,True
CVCL_1339,CVCL_1695,0.7648788094520569,peripheral_nervous_system,peripheral_nervous_system,True
CVCL_1339,CVCL_1702,0.758600652217865,peripheral_nervous_system,peripheral_nervous_system,True
CVCL_1339,CVCL_2143,0.7481855750083923,peripheral_nervous_system,peripheral_nervous_system,True
CVCL_1339,CVCL_AX49,0.7449431419372559,peripheral_nervous_system,peripheral_nervous_system,True
CVCL_1340,CVCL_1700,0.6238730549812317,peripheral_nervous_system,peripheral_nervous_system,True
CVCL_1340,CVCL_1606,0.5792611837387085,peripheral_nervous_system,peripheral_nervous_system,True
CVCL_1340,CVCL_0528,0.5660314559936523,peripheral_nervous_system,peripheral_nervous_system,True
CVCL_1340,CVCL_AX49,0.564256489276886,peripheral_nervous_system,peripheral_nervous_system,True
CVCL_1340,CVCL_1339,0.5462085008621216,peripheral_nervous_system,peripheral_nervous_system,True
CVCL_1340,CVCL_6594,0.5156579613685608,peripheral_nervous_system,peripheral_nervous_system,True
CVCL_1340,CVCL_1341,0.5134226679801941,peripheral_nervous_system,peripheral_nervous_system,True
CVCL_1340,CVCL_YU13,0.5084764361381531,peripheral_nervous_system,peripheral_nervous_system,True
CVCL_1340,CVCL_1605,0.5071313977241516,peripheral_nervous_system,peripheral_nervous_system,True
CVCL_1340,CVCL_5627,0.5067898631095886,peripheral_nervous_system,peripheral_nervous_system,True
CVCL_1340,CVCL_1412,0.5014655590057373,peripheral_nervous_system,peripheral_nervous_system,True
CVCL_1340,CVCL_2141,0.49763983488082886,peripheral_nervous_system,peripheral_nervous_system,True
CVCL_1340,CVCL_0019,0.4917770028114319,peripheral_nervous_system,peripheral_nervous_system,True
CVCL_1341,CVCL_6594,0.8645275235176086,peripheral_nervous_system,peripheral_nervous_system,True
CVCL_1341,CVCL_5627,0.8623504638671875,peripheral_nervous_system,peripheral_nervous_system,True
CVCL_1341,CVCL_1605,0.8529585599899292,peripheral_nervous_system,peripheral_nervous_system,True
CVCL_1341,CVCL_1606,0.8480319976806641,peripheral_nervous_system,peripheral_nervous_system,True
CVCL_1341,CVCL_2092,0.8131804466247559,peripheral_nervous_system,peripheral_nervous_system,True
CVCL_1341,CVCL_1412,0.7925245761871338,peripheral_nervous_system,peripheral_nervous_system,True
CVCL_1341,CVCL_2143,0.7619662284851074,peripheral_nervous_system,peripheral_nervous_system,True
CVCL_1341,CVCL_2141,0.7587450742721558,peripheral_nervous_system,peripheral_nervous_system,True
CVCL_1341,CVCL_AX42,0.7457923293113708,peripheral_nervous_system,peripheral_nervous_system,True
CVCL_1341,CVCL_AX49,0.7359508275985718,peripheral_nervous_system,peripheral_nervous_system,True
CVCL_1343,CVCL_1795,0.3890489637851715,central_nervous_system,central_nervous_system,True
CVCL_1343,CVCL_0979,0.37458306550979614,central_nervous_system,fibroblast,False
CVCL_1343,CVCL_0932,0.37277716398239136,central_nervous_system,fibroblast,False
CVCL_1343,CVCL_5064,0.35962527990341187,central_nervous_system,central_nervous_system,True
CVCL_1343,CVCL_1706,0.35728201270103455,central_nervous_system,central_nervous_system,True
CVCL_1343,CVCL_0633,0.356725811958313,central_nervous_system,central_nervous_system,True
CVCL_1343,CVCL_A1UE,0.3461226522922516,central_nervous_system,skin,False
CVCL_1343,CVCL_0393,0.3457804322242737,central_nervous_system,central_nervous_system,True
CVCL_1343,CVCL_0938,0.34206345677375793,central_nervous_system,fibroblast,False
CVCL_1343,CVCL_0040,0.33886560797691345,central_nervous_system,skin,False
CVCL_1343,CVCL_0950,0.33844825625419617,central_nervous_system,skin,False
CVCL_1343,CVCL_0715,0.33548587560653687,central_nervous_system,fibroblast,False
CVCL_1343,CVCL_0878,0.3318195939064026,central_nervous_system,fibroblast,False
CVCL_1343,CVCL_0855,0.3309052884578705,central_nervous_system,fibroblast,False
CVCL_1343,CVCL_8718,0.32609081268310547,central_nervous_system,central_nervous_system,True
CVCL_1344,CVCL_1187,0.4067493677139282,urinary_tract,esophagus,False
CVCL_1344,CVCL_1131,0.4024503231048584,urinary_tract,esophagus,False
CVCL_1344,CVCL_1763,0.385284960269928,urinary_tract,esophagus,False
CVCL_1344,CVCL_2681,0.3773975372314453,urinary_tract,upper_aerodigestive,False
CVCL_1344,CVCL_1766,0.3671414852142334,urinary_tract,esophagus,False
CVCL_1344,CVCL_2312,0.3626541793346405,urinary_tract,upper_aerodigestive,False
CVCL_1344,CVCL_1086,0.36152875423431396,urinary_tract,upper_aerodigestive,False
CVCL_1344,CVCL_V626,0.3595995604991913,urinary_tract,prostate,False
CVCL_1344,CVCL_0201,0.3515561521053314,urinary_tract,ovary,False
CVCL_1344,CVCL_3055,0.34918373823165894,urinary_tract,gastric,False
CVCL_1344,CVCL_1684,0.3483010232448578,urinary_tract,upper_aerodigestive,False
CVCL_1344,CVCL_1258,0.3466067910194397,urinary_tract,breast,False
CVCL_1344,CVCL_3152,0.344504177570343,urinary_tract,gastric,False
CVCL_1344,CVCL_1808,0.343686580657959,urinary_tract,urinary_tract,True
CVCL_1344,CVCL_8705,0.3385829031467438,urinary_tract,cervix,False
CVCL_1345,CVCL_3114,0.6399090886116028,ovary,ovary,True
CVCL_1345,CVCL_2420,0.6138308048248291,ovary,ovary,True
CVCL_1345,CVCL_2419,0.5849910378456116,ovary,ovary,True
CVCL_1345,CVCL_2672,0.5848276019096375,ovary,ovary,True
CVCL_1345,CVCL_2422,0.5810579061508179,ovary,ovary,True
CVCL_1345,CVCL_1627,0.5716943740844727,ovary,ovary,True
CVCL_1345,CVCL_1882,0.5543935894966125,ovary,ovary,True
CVCL_1345,CVCL_4649,0.5310118794441223,ovary,ovary,True
CVCL_1345,CVCL_1614,0.5228728652000427,ovary,ovary,True
CVCL_1345,CVCL_3110,0.5194936990737915,ovary,ovary,True
CVCL_1345,CVCL_5014,0.5166208744049072,ovary,ovary,True
CVCL_1345,CVCL_4655,0.49922317266464233,ovary,uterus,False
CVCL_1347,CVCL_V586,0.5595654845237732,esophagus,lung,False
CVCL_1347,CVCL_1353,0.539132297039032,esophagus,esophagus,True
CVCL_1347,CVCL_1060,0.5297084450721741,esophagus,upper_aerodigestive,False
CVCL_1347,CVCL_1765,0.5278946161270142,esophagus,esophagus,True
CVCL_1347,CVCL_5071,0.5273793339729309,esophagus,colorectal,False
CVCL_1347,CVCL_1349,0.5020773410797119,esophagus,esophagus,True
CVCL_1347,CVCL_3174,0.4961765706539154,esophagus,esophagus,True
CVCL_1347,CVCL_1356,0.495512992143631,esophagus,esophagus,True
CVCL_1347,CVCL_C058,0.4926793873310089,esophagus,upper_aerodigestive,False
CVCL_1347,CVCL_3336,0.49252042174339294,esophagus,esophagus,True
CVCL_1347,CVCL_5137,0.48942986130714417,esophagus,lung,False
CVCL_1347,CVCL_6950,0.4836588203907013,esophagus,cervix,False
CVCL_1347,CVCL_1761,0.47261443734169006,esophagus,esophagus,True
CVCL_1347,CVCL_2679,0.452275812625885,esophagus,upper_aerodigestive,False
CVCL_1347,CVCL_2661,0.4517567455768585,esophagus,esophagus,True
CVCL_1348,CVCL_1675,0.5505363941192627,esophagus,upper_aerodigestive,False
CVCL_1348,CVCL_L083,0.5458741188049316,esophagus,upper_aerodigestive,False
CVCL_1348,CVCL_1354,0.5419214367866516,esophagus,esophagus,True
CVCL_1348,CVCL_2678,0.5135653614997864,esophagus,upper_aerodigestive,False
CVCL_1348,CVCL_3086,0.5081714391708374,esophagus,upper_aerodigestive,False
CVCL_1348,CVCL_3160,0.5071431398391724,esophagus,upper_aerodigestive,False
CVCL_1348,CVCL_1761,0.5011264681816101,esophagus,esophagus,True
CVCL_1348,CVCL_1107,0.48826584219932556,esophagus,upper_aerodigestive,False
CVCL_1348,CVCL_3087,0.4839571416378021,esophagus,upper_aerodigestive,False
CVCL_1348,CVCL_2723,0.48343130946159363,esophagus,prostate,False
CVCL_1348,CVCL_L085,0.48341691493988037,esophagus,upper_aerodigestive,False
CVCL_1348,CVCL_1337,0.4810892939567566,esophagus,upper_aerodigestive,False
CVCL_1348,CVCL_3599,0.4695242643356323,esophagus,urinary_tract,False
CVCL_1348,CVCL_1767,0.4684946835041046,esophagus,esophagus,True
CVCL_1349,CVCL_2661,0.6190908551216125,esophagus,esophagus,True
CVCL_1349,CVCL_V586,0.6179944276809692,esophagus,lung,False
CVCL_1349,CVCL_1761,0.6069217920303345,esophagus,esophagus,True
CVCL_1349,CVCL_1353,0.6038860082626343,esophagus,esophagus,True
CVCL_1349,CVCL_2943,0.5807456970214844,esophagus,skin,False
CVCL_1349,CVCL_5137,0.5794438123703003,esophagus,lung,False
CVCL_1349,CVCL_2679,0.5771236419677734,esophagus,upper_aerodigestive,False
CVCL_1349,CVCL_1289,0.575046956539154,esophagus,upper_aerodigestive,False
CVCL_1349,CVCL_1767,0.5731194615364075,esophagus,esophagus,True
CVCL_1349,CVCL_3174,0.5697848796844482,esophagus,esophagus,True
CVCL_1349,CVCL_1060,0.5592021942138672,esophagus,upper_aerodigestive,False
CVCL_1349,CVCL_6950,0.559045135974884,esophagus,cervix,False
CVCL_1349,CVCL_1063,0.5552248358726501,esophagus,epidermoid_carcinoma,False
CVCL_1349,CVCL_5071,0.548345148563385,esophagus,colorectal,False
CVCL_1350,CVCL_1766,0.5154000520706177,esophagus,esophagus,True
CVCL_1350,CVCL_1060,0.4780172109603882,esophagus,upper_aerodigestive,False
CVCL_1350,CVCL_1131,0.4610725939273834,esophagus,esophagus,True
CVCL_1350,CVCL_1405,0.44670167565345764,esophagus,uterus,False
CVCL_1350,CVCL_1353,0.4311180114746094,esophagus,esophagus,True
CVCL_1350,CVCL_1174,0.4264046251773834,esophagus,lung,False
CVCL_1350,CVCL_2034,0.4149932563304901,esophagus,uterus,False
CVCL_1350,CVCL_2681,0.40697672963142395,esophagus,upper_aerodigestive,False
CVCL_1350,CVCL_2784,0.40578919649124146,esophagus,upper_aerodigestive,False
CVCL_1350,CVCL_5005,0.40575388073921204,esophagus,upper_aerodigestive,False
CVCL_1350,CVCL_1759,0.40214836597442627,esophagus,esophagus,True
CVCL_1350,CVCL_2584,0.39639586210250854,esophagus,skin,False
CVCL_1350,CVCL_5071,0.39350393414497375,esophagus,colorectal,False
CVCL_1350,CVCL_3336,0.3928373456001282,esophagus,esophagus,True
CVCL_1351,CVCL_1764,0.5176241397857666,esophagus,esophagus,True
CVCL_1351,CVCL_1476,0.4890510141849518,esophagus,lung,False
CVCL_1351,CVCL_3946,0.477924644947052,esophagus,gastric,False
CVCL_1351,CVCL_1654,0.46906721591949463,esophagus,lung,False
CVCL_1351,CVCL_1478,0.46194517612457275,esophagus,lung,False
CVCL_1351,CVCL_4717,0.4512653350830078,esophagus,pancreas,False
CVCL_1351,CVCL_3629,0.4362880289554596,esophagus,bile_duct,False
CVCL_1351,CVCL_5005,0.43100544810295105,esophagus,upper_aerodigestive,False
CVCL_1351,CVCL_3055,0.42926475405693054,esophagus,gastric,False
CVCL_1351,CVCL_1767,0.4279700219631195,esophagus,esophagus,True
CVCL_1351,CVCL_1131,0.42233148217201233,esophagus,esophagus,True
CVCL_1351,CVCL_3158,0.4178852438926697,esophagus,ovary,False
CVCL_1351,CVCL_1354,0.4177647531032562,esophagus,esophagus,True
CVCL_1351,CVCL_1532,0.41705575585365295,esophagus,lung,False
CVCL_1352,CVCL_5048,0.48511528968811035,esophagus,bile_duct,False
CVCL_1352,CVCL_1763,0.41912588477134705,esophagus,esophagus,True
CVCL_1352,CVCL_1808,0.41454699635505676,esophagus,urinary_tract,False
CVCL_1352,CVCL_1335,0.4101148843765259,esophagus,lung,False
CVCL_1352,CVCL_2748,0.4012603163719177,esophagus,urinary_tract,False
CVCL_1352,CVCL_5063,0.3996174931526184,esophagus,upper_aerodigestive,False
CVCL_1352,CVCL_2750,0.3982076346874237,esophagus,urinary_tract,False
CVCL_1352,CVCL_1761,0.39520254731178284,esophagus,esophagus,True
CVCL_1352,CVCL_1292,0.3930811285972595,esophagus,urinary_tract,False
CVCL_1352,CVCL_1349,0.38865354657173157,esophagus,esophagus,True
CVCL_1352,CVCL_1760,0.388468861579895,esophagus,esophagus,True
CVCL_1352,CVCL_2312,0.3840565085411072,esophagus,upper_aerodigestive,False
CVCL_1352,CVCL_2714,0.3810126781463623,esophagus,urinary_tract,False
CVCL_1352,CVCL_1767,0.3799806535243988,esophagus,esophagus,True
CVCL_1352,CVCL_5137,0.3789626955986023,esophagus,lung,False
CVCL_1353,CVCL_5137,0.599625825881958,esophagus,lung,False
CVCL_1353,CVCL_1765,0.5323384404182434,esophagus,esophagus,True
CVCL_1353,CVCL_1335,0.5222175717353821,esophagus,lung,False
CVCL_1353,CVCL_V586,0.5160787105560303,esophagus,lung,False
CVCL_1353,CVCL_5071,0.5069597959518433,esophagus,colorectal,False
CVCL_1353,CVCL_3336,0.4987429678440094,esophagus,esophagus,True
CVCL_1353,CVCL_1761,0.4847576320171356,esophagus,esophagus,True
CVCL_1353,CVCL_5480,0.4782753884792328,esophagus,lung,False
CVCL_1353,CVCL_1372,0.47389480471611023,esophagus,lung,False
CVCL_1353,CVCL_2943,0.4718501567840576,esophagus,skin,False
CVCL_1353,CVCL_6950,0.4682675302028656,esophagus,cervix,False
CVCL_1353,CVCL_2784,0.46599310636520386,esophagus,upper_aerodigestive,False
CVCL_1353,CVCL_1289,0.4645209014415741,esophagus,upper_aerodigestive,False
CVCL_1354,CVCL_1767,0.6104643940925598,esophagus,esophagus,True
CVCL_1354,CVCL_1293,0.5798804759979248,esophagus,cervix,False
CVCL_1354,CVCL_1107,0.5740906596183777,esophagus,upper_aerodigestive,False
CVCL_1354,CVCL_1675,0.5723716616630554,esophagus,upper_aerodigestive,False
CVCL_1354,CVCL_5005,0.5418870449066162,esophagus,upper_aerodigestive,False
CVCL_1354,CVCL_2582,0.5262557864189148,esophagus,lung,False
CVCL_1354,CVCL_1764,0.5254516005516052,esophagus,esophagus,True
CVCL_1354,CVCL_1108,0.5251705646514893,esophagus,upper_aerodigestive,False
CVCL_1354,CVCL_2678,0.5250898003578186,esophagus,upper_aerodigestive,False
CVCL_1354,CVCL_1289,0.5167462229728699,esophagus,upper_aerodigestive,False
CVCL_1354,CVCL_4056,0.5111004114151001,esophagus,pancreas,False
CVCL_1354,CVCL_1083,0.5100445747375488,esophagus,urinary_tract,False
CVCL_1354,CVCL_3599,0.5060285925865173,esophagus,urinary_tract,False
CVCL_1355,CVCL_2661,0.6020873785018921,esophagus,esophagus,True
CVCL_1355,CVCL_1767,0.6013062000274658,esophagus,esophagus,True
CVCL_1355,CVCL_1761,0.5964545607566833,esophagus,esophagus,True
CVCL_1355,CVCL_3086,0.5813935399055481,esophagus,upper_aerodigestive,False
CVCL_1355,CVCL_0037,0.5743064284324646,esophagus,skin,False
CVCL_1355,CVCL_1063,0.5701147317886353,esophagus,epidermoid_carcinoma,False
CVCL_1355,CVCL_2681,0.5645812153816223,esophagus,upper_aerodigestive,False
CVCL_1355,CVCL_2313,0.5580194592475891,esophagus,upper_aerodigestive,False
CVCL_1355,CVCL_3174,0.5577627420425415,esophagus,esophagus,True
CVCL_1355,CVCL_2308,0.5575090646743774,esophagus,upper_aerodigestive,False
CVCL_1355,CVCL_2312,0.5570970773696899,esophagus,upper_aerodigestive,False
CVCL_1355,CVCL_3336,0.5547178983688354,esophagus,esophagus,True
CVCL_1355,CVCL_2679,0.5546838641166687,esophagus,upper_aerodigestive,False
CVCL_1355,CVCL_2315,0.5473194718360901,esophagus,upper_aerodigestive,False
CVCL_1355,CVCL_5017,0.5459092259407043,esophagus,upper_aerodigestive,False
CVCL_1356,CVCL_5480,0.527132511138916,esophagus,lung,False
CVCL_1356,CVCL_5137,0.5175069570541382,esophagus,lung,False
CVCL_1356,CVCL_1765,0.5136954188346863,esophagus,esophagus,True
CVCL_1356,CVCL_1372,0.5116880536079407,esophagus,lung,False
CVCL_1356,CVCL_5071,0.48718664050102234,esophagus,colorectal,False
CVCL_1356,CVCL_1353,0.452306866645813,esophagus,esophagus,True
CVCL_1356,CVCL_2784,0.43558764457702637,esophagus,upper_aerodigestive,False
CVCL_1356,CVCL_1761,0.421594500541687,esophagus,esophagus,True
CVCL_1356,CVCL_1958,0.41192835569381714,esophagus,urinary_tract,False
CVCL_1356,CVCL_2582,0.40644773840904236,esophagus,lung,False
CVCL_1356,CVCL_1289,0.40025433897972107,esophagus,upper_aerodigestive,False
CVCL_1356,CVCL_V586,0.3929586410522461,esophagus,lung,False
CVCL_1356,CVCL_3174,0.3802151381969452,esophagus,esophagus,True
CVCL_1356,CVCL_3001,0.37662947177886963,esophagus,upper_aerodigestive,False
CVCL_1357,CVCL_1625,0.6321445107460022,plasma_cell,plasma_cell,True
CVCL_1357,CVCL_2992,0.6055967211723328,plasma_cell,plasma_cell,True
CVCL_1357,CVCL_5210,0.5848507881164551,plasma_cell,plasma_cell,True
CVCL_1357,CVCL_1806,0.5809236168861389,plasma_cell,plasma_cell,True
CVCL_1357,CVCL_1600,0.5709288120269775,plasma_cell,plasma_cell,True
CVCL_1357,CVCL_2124,0.5494402050971985,plasma_cell,plasma_cell,True
CVCL_1357,CVCL_2030,0.5379233956336975,plasma_cell,plasma_cell,True
CVCL_1357,CVCL_E333,0.5294924974441528,plasma_cell,plasma_cell,True
CVCL_1357,CVCL_8792,0.5262346863746643,plasma_cell,plasma_cell,True
CVCL_1357,CVCL_5209,0.526191234588623,plasma_cell,plasma_cell,True
CVCL_1357,CVCL_2981,0.5184311270713806,plasma_cell,plasma_cell,True
CVCL_1357,CVCL_2993,0.5179497599601746,plasma_cell,plasma_cell,True
CVCL_1357,CVCL_2123,0.5118841528892517,plasma_cell,plasma_cell,True
CVCL_1361,CVCL_2220,0.5256701707839966,lymphocyte,lymphocyte,True
CVCL_1361,CVCL_0009,0.46870917081832886,lymphocyte,lymphocyte,True
CVCL_1361,CVCL_2096,0.4650302231311798,lymphocyte,lymphocyte,True
CVCL_1361,CVCL_H637,0.4093518555164337,lymphocyte,lymphocyte,True
CVCL_1361,CVCL_1414,0.40904679894447327,lymphocyte,lymphocyte,True
CVCL_1361,CVCL_2889,0.40590012073516846,lymphocyte,lymphocyte,True
CVCL_1361,CVCL_8796,0.39758577942848206,lymphocyte,lymphocyte,True
CVCL_1361,CVCL_1099,0.39068496227264404,lymphocyte,lymphocyte,True
CVCL_1361,CVCL_3526,0.37551480531692505,lymphocyte,lymphocyte,True
CVCL_1361,CVCL_1362,0.368355929851532,lymphocyte,lymphocyte,True
CVCL_1361,CVCL_3032,0.3628265857696533,lymphocyte,lymphocyte,True
CVCL_1361,CVCL_1319,0.3565674424171448,lymphocyte,lymphocyte,True
CVCL_1361,CVCL_1330,0.35349035263061523,lymphocyte,lymphocyte,True
CVCL_1361,CVCL_RL84,0.3528957962989807,lymphocyte,lymphocyte,True
CVCL_1362,CVCL_8796,0.6117255687713623,lymphocyte,lymphocyte,True
CVCL_1362,CVCL_2889,0.5606011748313904,lymphocyte,lymphocyte,True
CVCL_1362,CVCL_2209,0.5485138297080994,lymphocyte,lymphocyte,True
CVCL_1362,CVCL_H614,0.5396447777748108,lymphocyte,lymphocyte,True
CVCL_1362,CVCL_2098,0.5091658234596252,lymphocyte,lymphocyte,True
CVCL_1362,CVCL_RL84,0.5051729083061218,lymphocyte,lymphocyte,True
CVCL_1362,CVCL_1414,0.49521297216415405,lymphocyte,lymphocyte,True
CVCL_1362,CVCL_1711,0.4927447736263275,lymphocyte,lymphocyte,True
CVCL_1362,CVCL_3526,0.4890747368335724,lymphocyte,lymphocyte,True
CVCL_1362,CVCL_1319,0.4846605956554413,lymphocyte,lymphocyte,True
CVCL_1362,CVCL_H637,0.4812243580818176,lymphocyte,lymphocyte,True
CVCL_1362,CVCL_2541,0.4754657447338104,lymphocyte,lymphocyte,True
CVCL_1362,CVCL_3032,0.47460418939590454,lymphocyte,lymphocyte,True
CVCL_1372,CVCL_5480,0.7698477506637573,lung,lung,True
CVCL_1372,CVCL_5071,0.6583617925643921,lung,colorectal,False
CVCL_1372,CVCL_1765,0.5270589590072632,lung,esophagus,False
CVCL_1372,CVCL_5137,0.505145251750946,lung,lung,True
CVCL_1372,CVCL_3174,0.4894779324531555,lung,esophagus,False
CVCL_1372,CVCL_V586,0.48555201292037964,lung,lung,True
CVCL_1372,CVCL_3336,0.4846576750278473,lung,esophagus,False
CVCL_1372,CVCL_2582,0.4835372567176819,lung,lung,True
CVCL_1372,CVCL_C058,0.46432942152023315,lung,upper_aerodigestive,False
CVCL_1372,CVCL_1761,0.46422794461250305,lung,esophagus,False
CVCL_1372,CVCL_1347,0.44905221462249756,lung,esophagus,False
CVCL_1372,CVCL_2784,0.4407368302345276,lung,upper_aerodigestive,False
CVCL_1372,CVCL_1349,0.43158289790153503,lung,esophagus,False
CVCL_1375,CVCL_2798,0.4467562735080719,lung,central_nervous_system,False
CVCL_1375,CVCL_2960,0.4407130777835846,lung,thyroid,False
CVCL_1375,CVCL_1229,0.4077076017856598,lung,soft_tissue,False
CVCL_1375,CVCL_1594,0.40644532442092896,lung,lung,True
CVCL_1375,CVCL_1167,0.38610053062438965,lung,central_nervous_system,False
CVCL_1375,CVCL_2786,0.38422951102256775,lung,liver,False
CVCL_1375,CVCL_1656,0.3798237442970276,lung,lung,True
CVCL_1375,CVCL_1769,0.3739645779132843,lung,bile_duct,False
CVCL_1375,CVCL_0366,0.3734303116798401,lung,liver,False
CVCL_1375,CVCL_1052,0.3704988658428192,lung,central_nervous_system,False
CVCL_1375,CVCL_0042,0.36855775117874146,lung,bone,False
CVCL_1376,CVCL_1524,0.5331509709358215,lung,lung,True
CVCL_1376,CVCL_2061,0.5047013759613037,lung,lung,True
CVCL_1376,CVCL_1561,0.4633617401123047,lung,lung,True
CVCL_1376,CVCL_5126,0.45947080850601196,lung,lung,True
CVCL_1376,CVCL_1499,0.4553248882293701,lung,lung,True
CVCL_1376,CVCL_1500,0.44285401701927185,lung,lung,True
CVCL_1376,CVCL_1482,0.44224217534065247,lung,lung,True
CVCL_1376,CVCL_V622,0.43253740668296814,lung,lung,True
CVCL_1376,CVCL_1651,0.425769567489624,lung,lung,True
CVCL_1376,CVCL_1465,0.4176802635192871,lung,lung,True
CVCL_1376,CVCL_5160,0.41694480180740356,lung,lung,True
CVCL_1376,CVCL_6831,0.41605013608932495,lung,lung,True
CVCL_1376,CVCL_4900,0.4084492623806,lung,lung,True
CVCL_1376,CVCL_1546,0.4077848494052887,lung,lung,True
CVCL_1376,CVCL_1559,0.3957393169403076,lung,lung,True
CVCL_1377,CVCL_1566,0.6630770564079285,lung,lung,True
CVCL_1377,CVCL_7674,0.5430076718330383,lung,upper_aerodigestive,False
CVCL_1377,CVCL_LJ73,0.4206826090812683,lung,ovary,False
CVCL_1377,CVCL_5071,0.3963327407836914,lung,colorectal,False
CVCL_1377,CVCL_1503,0.3639439344406128,lung,lung,True
CVCL_1377,CVCL_1480,0.3632248342037201,lung,lung,True
CVCL_1377,CVCL_1455,0.36263200640678406,lung,lung,True
CVCL_1377,CVCL_2919,0.358850359916687,lung,cervix,False
CVCL_1377,CVCL_1175,0.35866448283195496,lung,lung,True
CVCL_1377,CVCL_1141,0.35625576972961426,lung,lung,True
CVCL_1377,CVCL_1507,0.34550485014915466,lung,lung,True
CVCL_1377,CVCL_1391,0.3284931778907776,lung,lung,True
CVCL_1377,CVCL_1177,0.3274672329425812,lung,lung,True
CVCL_1377,CVCL_1387,0.3196680545806885,lung,lung,True
CVCL_1377,CVCL_1510,0.3178750276565552,lung,lung,True
CVCL_1379,CVCL_4748,0.5875417590141296,prostate,prostate,True
CVCL_1379,CVCL_2235,0.5445205569267273,prostate,prostate,True
CVCL_1379,CVCL_0036,0.3465999364852905,prostate,urinary_tract,False
CVCL_1379,CVCL_1074,0.3388441205024719,prostate,breast,False
CVCL_1379,CVCL_1400,0.3064393699169159,prostate,breast,False
CVCL_1379,CVCL_2319,0.2973589599132538,prostate,breast,False
CVCL_1379,CVCL_1812,0.29265767335891724,prostate,breast,False
CVCL_1379,CVCL_0588,0.2925492823123932,prostate,breast,False
CVCL_1379,CVCL_1781,0.28883692622184753,prostate,breast,False
CVCL_1379,CVCL_0553,0.28323763608932495,prostate,breast,False
CVCL_1379,CVCL_0617,0.2764037251472473,prostate,breast,False
CVCL_1379,CVCL_1128,0.27594566345214844,prostate,lung,False
CVCL_1379,CVCL_2062,0.26912403106689453,prostate,breast,False
CVCL_1379,CVCL_1556,0.2689971923828125,prostate,lung,False
CVCL_1380,CVCL_1424,0.6672871112823486,blood,blood,True
CVCL_1380,CVCL_1630,0.6330171227455139,blood,blood,True
CVCL_1380,CVCL_1913,0.6299958825111389,blood,blood,True
CVCL_1380,CVCL_2022,0.628153920173645,blood,blood,True
CVCL_1380,CVCL_1805,0.6274926066398621,blood,blood,True
CVCL_1380,CVCL_1321,0.5783942341804504,blood,blood,True
CVCL_1380,CVCL_1667,0.5473679304122925,blood,blood,True
CVCL_1380,CVCL_0614,0.5447309017181396,blood,blood,True
CVCL_1380,CVCL_2122,0.542532742023468,blood,blood,True
CVCL_1381,CVCL_2856,0.45550021529197693,skin,thyroid,False
CVCL_1381,CVCL_5128,0.45369258522987366,skin,lung,False
CVCL_1381,CVCL_3509,0.45188018679618835,skin,ovary,False
CVCL_1381,CVCL_2588,0.4343370199203491,skin,colorectal,False
CVCL_1381,CVCL_5723,0.42204445600509644,skin,central_nervous_system,False
CVCL_1381,CVCL_5423,0.36456191539764404,skin,breast,False
CVCL_1381,CVCL_1430,0.35034090280532837,skin,lung,False
CVCL_1381,CVCL_0153,0.34847038984298706,skin,thyroid,False
CVCL_1381,CVCL_1783,0.3433515727519989,skin,urinary_tract,False
CVCL_1381,CVCL_2960,0.341887891292572,skin,thyroid,False
CVCL_1381,CVCL_V606,0.33525243401527405,skin,urinary_tract,False
CVCL_1382,CVCL_1386,0.7126529812812805,colorectal,colorectal,True
CVCL_1382,CVCL_1648,0.7088627815246582,colorectal,colorectal,True
CVCL_1382,CVCL_2873,0.7012670040130615,colorectal,colorectal,True
CVCL_1382,CVCL_1982,0.6984056234359741,colorectal,colorectal,True
CVCL_1382,CVCL_1979,0.6940310001373291,colorectal,colorectal,True
CVCL_1382,CVCL_1980,0.6833099126815796,colorectal,colorectal,True
CVCL_1382,CVCL_2917,0.6832326650619507,colorectal,colorectal,True
CVCL_1382,CVCL_1718,0.6707620620727539,colorectal,colorectal,True
CVCL_1382,CVCL_5250,0.6662408709526062,colorectal,colorectal,True
CVCL_1382,CVCL_5038,0.6652933359146118,colorectal,bile_duct,False
CVCL_1382,CVCL_1708,0.6609203219413757,colorectal,colorectal,True
CVCL_1383,CVCL_5016,0.5604126453399658,colorectal,colorectal,True
CVCL_1383,CVCL_EG28,0.5304489135742188,colorectal,colorectal,True
CVCL_1383,CVCL_A1UI,0.5297854542732239,colorectal,bile_duct,False
CVCL_1383,CVCL_1587,0.5179654955863953,colorectal,colorectal,True
CVCL_1383,CVCL_1417,0.5037121772766113,colorectal,gastric,False
CVCL_1383,CVCL_8098,0.4921366274356842,colorectal,esophagus,False
CVCL_1383,CVCL_4897,0.46646350622177124,colorectal,pancreas,False
CVCL_1383,CVCL_1635,0.4501865804195404,colorectal,pancreas,False
CVCL_1383,CVCL_2465,0.42394182085990906,colorectal,upper_aerodigestive,False
CVCL_1383,CVCL_1105,0.42381829023361206,colorectal,lung,False
CVCL_1383,CVCL_0290,0.4221193194389343,colorectal,breast,False
CVCL_1383,CVCL_1648,0.42094144225120544,colorectal,colorectal,True
CVCL_1383,CVCL_1769,0.41924723982810974,colorectal,bile_duct,False
CVCL_1383,CVCL_1725,0.4162510931491852,colorectal,colorectal,True
CVCL_1383,CVCL_1639,0.4149051904678345,colorectal,pancreas,False
CVCL_1385,CVCL_1980,0.7347997426986694,colorectal,colorectal,True
CVCL_1385,CVCL_5044,0.6925009489059448,colorectal,colorectal,True
CVCL_1385,CVCL_2917,0.661460816860199,colorectal,colorectal,True
CVCL_1385,CVCL_1718,0.6434250473976135,colorectal,colorectal,True
CVCL_1385,CVCL_1386,0.6291163563728333,colorectal,colorectal,True
CVCL_1385,CVCL_1151,0.6179713010787964,colorectal,colorectal,True
CVCL_1385,CVCL_0545,0.6066471338272095,colorectal,colorectal,True
CVCL_1385,CVCL_0632,0.6029916405677795,colorectal,colorectal,True
CVCL_1385,CVCL_EG22,0.5867434144020081,colorectal,colorectal,True
CVCL_1385,CVCL_5111,0.5863358378410339,colorectal,colorectal,True
CVCL_1385,CVCL_5249,0.585430383682251,colorectal,colorectal,True
CVCL_1385,CVCL_1846,0.5853234529495239,colorectal,pancreas,False
CVCL_1385,CVCL_0397,0.5811737775802612,colorectal,colorectal,True
CVCL_1385,CVCL_1622,0.5779750943183899,colorectal,esophagus,False
CVCL_1385,CVCL_5079,0.5779747366905212,colorectal,gastric,False
CVCL_1386,CVCL_1980,0.8342498540878296,colorectal,colorectal,True
CVCL_1386,CVCL_5044,0.7957581281661987,colorectal,colorectal,True
CVCL_1386,CVCL_1718,0.7723942995071411,colorectal,colorectal,True
CVCL_1386,CVCL_1982,0.7605273127555847,colorectal,colorectal,True
CVCL_1386,CVCL_2917,0.7524229884147644,colorectal,colorectal,True
CVCL_1386,CVCL_4645,0.7344628572463989,colorectal,ovary,False
CVCL_1386,CVCL_8175,0.7293099164962769,colorectal,colorectal,True
CVCL_1386,CVCL_5078,0.7221296429634094,colorectal,colorectal,True
CVCL_1386,CVCL_1564,0.7207647562026978,colorectal,colorectal,True
CVCL_1386,CVCL_5249,0.7141079306602478,colorectal,colorectal,True
CVCL_1387,CVCL_1454,0.7234072685241699,lung,lung,True
CVCL_1387,CVCL_1391,0.6946353912353516,lung,lung,True
CVCL_1387,CVCL_2415,0.6944672465324402,lung,lung,True
CVCL_1387,CVCL_1175,0.6845011115074158,lung,lung,True
CVCL_1387,CVCL_1579,0.6820707321166992,lung,lung,True
CVCL_1387,CVCL_1455,0.6792693734169006,lung,lung,True
CVCL_1387,CVCL_1522,0.6640599966049194,lung,lung,True
CVCL_1387,CVCL_2418,0.6571400761604309,lung,lung,True
CVCL_1387,CVCL_1458,0.6546300649642944,lung,lung,True
CVCL_1387,CVCL_1473,0.6464448571205139,lung,lung,True
CVCL_1387,CVCL_2919,0.6461244821548462,lung,cervix,False
CVCL_1387,CVCL_1480,0.6451829671859741,lung,lung,True
CVCL_1387,CVCL_1525,0.6442915797233582,lung,lung,True
CVCL_1389,CVCL_1536,0.7456033229827881,lung,lung,True
CVCL_1389,CVCL_1489,0.724759578704834,lung,lung,True
CVCL_1389,CVCL_1568,0.6900213956832886,lung,lung,True
CVCL_1389,CVCL_1454,0.6821960210800171,lung,lung,True
CVCL_1389,CVCL_2415,0.6603589653968811,lung,lung,True
CVCL_1389,CVCL_1456,0.656078577041626,lung,lung,True
CVCL_1389,CVCL_1140,0.6452413201332092,lung,lung,True
CVCL_1389,CVCL_5602,0.6439167857170105,lung,peripheral_nervous_system,False
CVCL_1389,CVCL_1391,0.6428926587104797,lung,lung,True
CVCL_1389,CVCL_1542,0.6382532119750977,lung,lung,True
CVCL_1389,CVCL_1458,0.6379449963569641,lung,lung,True
CVCL_1389,CVCL_0346,0.6349241137504578,lung,peripheral_nervous_system,False
CVCL_1389,CVCL_1387,0.63411945104599,lung,lung,True
CVCL_1391,CVCL_1454,0.7621753215789795,lung,lung,True
CVCL_1391,CVCL_1522,0.7580411434173584,lung,lung,True
CVCL_1391,CVCL_2415,0.7345054149627686,lung,lung,True
CVCL_1391,CVCL_1598,0.6981989145278931,lung,lung,True
CVCL_1391,CVCL_2186,0.695547342300415,lung,lung,True
CVCL_1391,CVCL_1525,0.6869208216667175,lung,lung,True
CVCL_1391,CVCL_1510,0.6789222359657288,lung,lung,True
CVCL_1391,CVCL_1565,0.6693424582481384,lung,lung,True
CVCL_1391,CVCL_2418,0.6654344201087952,lung,lung,True
CVCL_1391,CVCL_1455,0.6595778465270996,lung,lung,True
CVCL_1391,CVCL_1473,0.6580706238746643,lung,lung,True
CVCL_1392,CVCL_A1UH,0.47043439745903015,lung,pancreas,False
CVCL_1392,CVCL_5065,0.46585559844970703,lung,bile_duct,False
CVCL_1392,CVCL_8147,0.43101221323013306,lung,pancreas,False
CVCL_1392,CVCL_1530,0.42215585708618164,lung,lung,True
CVCL_1392,CVCL_1531,0.4131891429424286,lung,lung,True
CVCL_1392,CVCL_M469,0.401472270488739,lung,pancreas,False
CVCL_1392,CVCL_2090,0.3980756103992462,lung,pancreas,False
CVCL_1392,CVCL_1119,0.3869640529155731,lung,pancreas,False
CVCL_1392,CVCL_1709,0.38458171486854553,lung,colorectal,False
CVCL_1392,CVCL_A1VG,0.36829447746276855,lung,bile_duct,False
CVCL_1392,CVCL_1628,0.36571642756462097,lung,ovary,False
CVCL_1392,CVCL_2193,0.3640286326408386,lung,cervix,False
CVCL_1392,CVCL_3881,0.3600179851055145,lung,pancreas,False
CVCL_1392,CVCL_1472,0.35597559809684753,lung,lung,True
CVCL_1392,CVCL_1263,0.35044175386428833,lung,breast,False
CVCL_1394,CVCL_1655,0.4077742099761963,lung,lung,True
CVCL_1394,CVCL_1809,0.36464157700538635,lung,bone,False
CVCL_1394,CVCL_0366,0.3582956790924072,lung,liver,False
CVCL_1394,CVCL_0871,0.3520146608352661,lung,soft_tissue,False
CVCL_1394,CVCL_2059,0.3519503176212311,lung,lung,True
CVCL_1394,CVCL_1626,0.34483101963996887,lung,kidney,False
CVCL_1394,CVCL_1490,0.34411779046058655,lung,lung,True
CVCL_1394,CVCL_1656,0.3409320116043091,lung,lung,True
CVCL_1394,CVCL_2786,0.33859652280807495,lung,liver,False
CVCL_1394,CVCL_L079,0.3373473882675171,lung,upper_aerodigestive,False
CVCL_1394,CVCL_4402,0.3340674936771393,lung,lung,True
CVCL_1394,CVCL_2788,0.33272087574005127,lung,liver,False
CVCL_1394,CVCL_2291,0.3279799222946167,lung,ovary,False
CVCL_1399,CVCL_2676,0.7602236270904541,lymphocyte,lymphocyte,True
CVCL_1399,CVCL_1889,0.7552114725112915,lymphocyte,lymphocyte,True
CVCL_1399,CVCL_1881,0.7543564438819885,lymphocyte,lymphocyte,True
CVCL_1399,CVCL_2206,0.7484814524650574,lymphocyte,lymphocyte,True
CVCL_1399,CVCL_1735,0.726702094078064,lymphocyte,lymphocyte,True
CVCL_1399,CVCL_B371,0.7240582704544067,lymphocyte,lymphocyte,True
CVCL_1399,CVCL_3302,0.7180915474891663,lymphocyte,lymphocyte,True
CVCL_1399,CVCL_1902,0.7080938816070557,lymphocyte,lymphocyte,True
CVCL_1399,CVCL_0511,0.6984778642654419,lymphocyte,lymphocyte,True
CVCL_1400,CVCL_1812,0.6703609824180603,breast,breast,True
CVCL_1400,CVCL_1661,0.6661639213562012,breast,breast,True
CVCL_1400,CVCL_1781,0.6351420879364014,breast,breast,True
CVCL_1400,CVCL_1408,0.6228867769241333,breast,breast,True
CVCL_1400,CVCL_2319,0.5492677092552185,breast,breast,True
CVCL_1400,CVCL_1654,0.5250985026359558,breast,lung,False
CVCL_1400,CVCL_1782,0.5134838223457336,breast,breast,True
CVCL_1402,CVCL_2075,0.7733242511749268,skin,skin,True
CVCL_1402,CVCL_1779,0.7563681602478027,skin,skin,True
CVCL_1402,CVCL_8784,0.7395185828208923,skin,skin,True
CVCL_1402,CVCL_6025,0.7380048036575317,skin,skin,True
CVCL_1402,CVCL_2950,0.7176501154899597,skin,skin,True
CVCL_1402,CVCL_0039,0.7086398005485535,skin,skin,True
CVCL_1402,CVCL_2605,0.7036872506141663,skin,skin,True
CVCL_1402,CVCL_2608,0.7022860050201416,skin,skin,True
CVCL_1402,CVCL_5951,0.7018508911132812,skin,skin,True
CVCL_1402,CVCL_D828,0.6953551769256592,skin,skin,True
CVCL_1402,CVCL_3962,0.6856828927993774,skin,central_nervous_system,False
CVCL_1403,CVCL_1692,0.6582164764404297,skin,skin,True
CVCL_1403,CVCL_1307,0.6544157862663269,skin,skin,True
CVCL_1403,CVCL_0039,0.6497837901115417,skin,skin,True
CVCL_1403,CVCL_1672,0.6281573176383972,skin,skin,True
CVCL_1403,CVCL_0318,0.6238635182380676,skin,skin,True
CVCL_1403,CVCL_A341,0.6183083653450012,skin,skin,True
CVCL_1403,CVCL_2610,0.6115444898605347,skin,skin,True
CVCL_1403,CVCL_B4KU,0.6044383645057678,skin,skin,True
CVCL_1403,CVCL_1438,0.5982099175453186,skin,skin,True
CVCL_1403,CVCL_1282,0.5956493020057678,skin,skin,True
CVCL_1403,CVCL_2408,0.5950015783309937,skin,skin,True
CVCL_1404,CVCL_0090,0.3034479022026062,soft_tissue,liver,False
CVCL_1404,CVCL_1555,0.2743282914161682,soft_tissue,lung,False
CVCL_1404,CVCL_0270,0.269206702709198,soft_tissue,kidney,False
CVCL_1404,CVCL_0134,0.25356486439704895,soft_tissue,ovary,False
CVCL_1404,CVCL_7935,0.2511594593524933,soft_tissue,urinary_tract,False
CVCL_1404,CVCL_5080,0.24463067948818207,soft_tissue,central_nervous_system,False
CVCL_1404,CVCL_1615,0.24226932227611542,soft_tissue,ovary,False
CVCL_1404,CVCL_7937,0.24072794616222382,soft_tissue,urinary_tract,False
CVCL_1404,CVCL_V607,0.23917704820632935,soft_tissue,kidney,False
CVCL_1404,CVCL_2923,0.236909419298172,soft_tissue,uterus,False
CVCL_1404,CVCL_8005,0.23618780076503754,soft_tissue,soft_tissue,True
CVCL_1404,CVCL_H525,0.23384255170822144,soft_tissue,thyroid,False
CVCL_1404,CVCL_1356,0.23377883434295654,soft_tissue,esophagus,False
CVCL_1404,CVCL_1304,0.23204101622104645,soft_tissue,ovary,False
CVCL_1404,CVCL_0556,0.23099474608898163,soft_tissue,central_nervous_system,False
CVCL_1405,CVCL_6543,0.5333938598632812,uterus,uterus,True
CVCL_1405,CVCL_0202,0.5226157307624817,uterus,ovary,False
CVCL_1405,CVCL_1882,0.49320197105407715,uterus,ovary,False
CVCL_1405,CVCL_2734,0.4855464696884155,uterus,ovary,False
CVCL_1405,CVCL_1345,0.4752778112888336,uterus,ovary,False
CVCL_1405,CVCL_2422,0.4432622194290161,uterus,ovary,False
CVCL_1405,CVCL_3114,0.4431757926940918,uterus,ovary,False
CVCL_1405,CVCL_2112,0.42974019050598145,uterus,uterus,True
CVCL_1405,CVCL_2420,0.4285960793495178,uterus,ovary,False
CVCL_1405,CVCL_1614,0.42326754331588745,uterus,ovary,False
CVCL_1405,CVCL_4649,0.4211236834526062,uterus,ovary,False
CVCL_1405,CVCL_3110,0.4123406708240509,uterus,ovary,False
CVCL_1406,CVCL_1174,0.41860103607177734,uterus,lung,False
CVCL_1406,CVCL_4656,0.4084189534187317,uterus,uterus,True
CVCL_1406,CVCL_2034,0.40275484323501587,uterus,uterus,True
CVCL_1406,CVCL_1479,0.39144206047058105,uterus,lung,False
CVCL_1406,CVCL_1595,0.3913126289844513,uterus,lung,False
CVCL_1406,CVCL_Y019,0.3836281895637512,uterus,blood,False
CVCL_1406,CVCL_1577,0.3818512558937073,uterus,lung,False
CVCL_1406,CVCL_6543,0.3510645925998688,uterus,uterus,True
CVCL_1406,CVCL_1405,0.34886372089385986,uterus,uterus,True
CVCL_1406,CVCL_U760,0.3470621705055237,uterus,soft_tissue,False
CVCL_1406,CVCL_1542,0.3420000970363617,uterus,lung,False
CVCL_1406,CVCL_3612,0.3419806957244873,uterus,ovary,False
CVCL_1408,CVCL_1661,0.6264821887016296,breast,breast,True
CVCL_1408,CVCL_1812,0.5735409259796143,breast,breast,True
CVCL_1408,CVCL_5591,0.48323285579681396,breast,breast,True
CVCL_1408,CVCL_0588,0.47120293974876404,breast,breast,True
CVCL_1408,CVCL_1781,0.4629039466381073,breast,breast,True
CVCL_1408,CVCL_2319,0.41679108142852783,breast,breast,True
CVCL_1408,CVCL_1782,0.40417689085006714,breast,breast,True
CVCL_1408,CVCL_1263,0.3975122570991516,breast,breast,True
CVCL_1408,CVCL_0033,0.39506882429122925,breast,breast,True
CVCL_1409,CVCL_1410,0.777020275592804,blood,blood,True
CVCL_1409,CVCL_1834,0.7718959450721741,blood,blood,True
CVCL_1409,CVCL_1835,0.7481502890586853,blood,blood,True
CVCL_1409,CVCL_1866,0.7299474477767944,blood,blood,True
CVCL_1409,CVCL_1873,0.6742562651634216,blood,blood,True
CVCL_1409,CVCL_8227,0.6694044470787048,blood,blood,True
CVCL_1409,CVCL_1878,0.6683069467544556,blood,lymphocyte,False
CVCL_1409,CVCL_1851,0.6595901250839233,blood,blood,True
CVCL_1410,CVCL_1873,0.8203650116920471,blood,blood,True
CVCL_1410,CVCL_1835,0.7073715925216675,blood,blood,True
CVCL_1410,CVCL_1878,0.6890422701835632,blood,lymphocyte,False
CVCL_1410,CVCL_1834,0.6663082838058472,blood,blood,True
CVCL_1410,CVCL_8227,0.659868061542511,blood,blood,True
CVCL_1410,CVCL_1650,0.6593630313873291,blood,blood,True
CVCL_1410,CVCL_1851,0.6504853367805481,blood,blood,True
CVCL_1411,CVCL_S740,0.8236904144287109,bone,bone,True
CVCL_1411,CVCL_2169,0.7589820027351379,bone,bone,True
CVCL_1411,CVCL_M153,0.7206221222877502,bone,bone,True
CVCL_1411,CVCL_V618,0.6956830620765686,bone,bone,True
CVCL_1411,CVCL_6583,0.6763729453086853,bone,bone,True
CVCL_1411,CVCL_0B50,0.6727942228317261,bone,bone,True
CVCL_1411,CVCL_3177,0.6629431247711182,bone,peripheral_nervous_system,False
CVCL_1411,CVCL_2213,0.6616893410682678,bone,bone,True
CVCL_1411,CVCL_M150,0.6559886932373047,bone,bone,True
CVCL_1411,CVCL_F531,0.6537429690361023,bone,bone,True
CVCL_1411,CVCL_4Z30,0.6378771662712097,bone,bone,True
CVCL_1412,CVCL_5627,0.8404908180236816,peripheral_nervous_system,peripheral_nervous_system,True
CVCL_1412,CVCL_6594,0.8017295598983765,peripheral_nervous_system,peripheral_nervous_system,True
CVCL_1412,CVCL_1605,0.7799607515335083,peripheral_nervous_system,peripheral_nervous_system,True
CVCL_1412,CVCL_2092,0.7769992351531982,peripheral_nervous_system,peripheral_nervous_system,True
CVCL_1412,CVCL_1606,0.7656161189079285,peripheral_nervous_system,peripheral_nervous_system,True
CVCL_1412,CVCL_1123,0.732900083065033,peripheral_nervous_system,peripheral_nervous_system,True
CVCL_1412,CVCL_1695,0.7274691462516785,peripheral_nervous_system,peripheral_nervous_system,True
CVCL_1412,CVCL_AX49,0.7182429432868958,peripheral_nervous_system,peripheral_nervous_system,True
CVCL_1412,CVCL_2143,0.7001625299453735,peripheral_nervous_system,peripheral_nervous_system,True
CVCL_1412,CVCL_2141,0.6971572637557983,peripheral_nervous_system,peripheral_nervous_system,True
CVCL_1414,CVCL_3526,0.6794950366020203,lymphocyte,lymphocyte,True
CVCL_1414,CVCL_2889,0.5998164415359497,lymphocyte,lymphocyte,True
CVCL_1414,CVCL_RL84,0.5720347166061401,lymphocyte,lymphocyte,True
CVCL_1414,CVCL_8796,0.5645197033882141,lymphocyte,lymphocyte,True
CVCL_1414,CVCL_3032,0.5202486515045166,lymphocyte,lymphocyte,True
CVCL_1414,CVCL_H614,0.5136976838111877,lymphocyte,lymphocyte,True
CVCL_1414,CVCL_1319,0.5106879472732544,lymphocyte,lymphocyte,True
CVCL_1414,CVCL_0D73,0.4970531165599823,lymphocyte,blood,False
CVCL_1414,CVCL_H637,0.49234411120414734,lymphocyte,lymphocyte,True
CVCL_1414,CVCL_1320,0.48539480566978455,lymphocyte,blood,False
CVCL_1415,CVCL_5063,0.42435282468795776,gastric,upper_aerodigestive,False
CVCL_1415,CVCL_2124,0.39664697647094727,gastric,plasma_cell,False
CVCL_1415,CVCL_1738,0.37441182136535645,gastric,urinary_tract,False
CVCL_1415,CVCL_1052,0.37131616473197937,gastric,central_nervous_system,False
CVCL_1415,CVCL_A1VL,0.364001989364624,gastric,skin,False
CVCL_1415,CVCL_1197,0.36110296845436096,gastric,lung,False
CVCL_1415,CVCL_5167,0.3527815341949463,gastric,gastric,True
CVCL_1415,CVCL_5133,0.3466365337371826,gastric,lung,False
CVCL_1415,CVCL_0042,0.3425215184688568,gastric,bone,False
CVCL_1415,CVCL_2081,0.3393568694591522,gastric,urinary_tract,False
CVCL_1415,CVCL_1427,0.33339789509773254,gastric,lung,False
CVCL_1415,CVCL_3055,0.33282697200775146,gastric,gastric,True
CVCL_1415,CVCL_0543,0.32946643233299255,gastric,bone,False
CVCL_1415,CVCL_1239,0.3293803930282593,gastric,central_nervous_system,False
CVCL_1415,CVCL_2067,0.3277814984321594,gastric,breast,False
CVCL_1417,CVCL_1652,0.4896743893623352,gastric,lung,False
CVCL_1417,CVCL_8098,0.46407780051231384,gastric,esophagus,False
CVCL_1417,CVCL_1769,0.44377946853637695,gastric,bile_duct,False
CVCL_1417,CVCL_5100,0.42478618025779724,gastric,ovary,False
CVCL_1417,CVCL_V613,0.4227544367313385,gastric,central_nervous_system,False
CVCL_1417,CVCL_2465,0.41141611337661743,gastric,upper_aerodigestive,False
CVCL_1417,CVCL_1640,0.4103986322879791,gastric,lung,False
CVCL_1417,CVCL_3946,0.40733960270881653,gastric,gastric,True
CVCL_1417,CVCL_4897,0.40204057097435,gastric,pancreas,False
CVCL_1417,CVCL_VV27,0.396092027425766,gastric,bile_duct,False
CVCL_1417,CVCL_1095,0.38698872923851013,gastric,cervix,False
CVCL_1424,CVCL_1630,0.7427107691764832,blood,blood,True
CVCL_1424,CVCL_2022,0.663388192653656,blood,blood,True
CVCL_1424,CVCL_1913,0.6525130867958069,blood,blood,True
CVCL_1424,CVCL_1641,0.6415992379188538,blood,blood,True
CVCL_1424,CVCL_1805,0.6209828853607178,blood,blood,True
CVCL_1424,CVCL_2976,0.6166961193084717,blood,lymphocyte,False
CVCL_1424,CVCL_2016,0.5668565630912781,blood,lymphocyte,False
CVCL_1424,CVCL_1820,0.5655639171600342,blood,blood,True
CVCL_1425,CVCL_1426,0.8546515703201294,blood,blood,True
CVCL_1425,CVCL_1619,0.8509719371795654,blood,blood,True
CVCL_1425,CVCL_2161,0.8283643126487732,blood,blood,True
CVCL_1425,CVCL_2119,0.8173851370811462,blood,blood,True
CVCL_1425,CVCL_1609,0.8131881356239319,blood,blood,True
CVCL_1425,CVCL_7916,0.7865307331085205,blood,blood,True
CVCL_1425,CVCL_1694,0.7833346128463745,blood,blood,True
CVCL_1425,CVCL_1632,0.7596140503883362,blood,blood,True
CVCL_1425,CVCL_1620,0.7353159189224243,blood,blood,True
CVCL_1426,CVCL_2119,0.7819896340370178,blood,blood,True
CVCL_1426,CVCL_1619,0.7803036570549011,blood,blood,True
CVCL_1426,CVCL_7916,0.7590264678001404,blood,blood,True
CVCL_1426,CVCL_2161,0.755100667476654,blood,blood,True
CVCL_1426,CVCL_1632,0.754662036895752,blood,blood,True
CVCL_1426,CVCL_1694,0.7505940198898315,blood,blood,True
CVCL_1426,CVCL_1609,0.6937015056610107,blood,blood,True
CVCL_1426,CVCL_1844,0.6748201847076416,blood,blood,True
CVCL_1426,CVCL_1620,0.6735715270042419,blood,blood,True
CVCL_1427,CVCL_2592,0.5866695046424866,lung,lung,True
CVCL_1427,CVCL_2597,0.5789970755577087,lung,lung,True
CVCL_1427,CVCL_2594,0.5463659167289734,lung,lung,True
CVCL_1427,CVCL_2581,0.5123006701469421,lung,lung,True
CVCL_1427,CVCL_0871,0.5118777751922607,lung,soft_tissue,False
CVCL_1427,CVCL_2591,0.5047023892402649,lung,lung,True
CVCL_1427,CVCL_2593,0.4968428611755371,lung,lung,True
CVCL_1427,CVCL_0698,0.48571351170539856,lung,fibroblast,False
CVCL_1427,CVCL_2080,0.48271337151527405,lung,lung,True
CVCL_1427,CVCL_VU89,0.46112605929374695,lung,kidney,False
CVCL_1427,CVCL_2590,0.44952690601348877,lung,lung,True
CVCL_1427,CVCL_1038,0.44297516345977783,lung,fibroblast,False
CVCL_1427,CVCL_1809,0.44191038608551025,lung,bone,False
CVCL_1430,CVCL_2671,0.4397284984588623,lung,lung,True
CVCL_1430,CVCL_5128,0.43814817070961,lung,lung,True
CVCL_1430,CVCL_3015,0.4089793860912323,lung,lung,True
CVCL_1430,CVCL_1553,0.40736645460128784,lung,lung,True
CVCL_1430,CVCL_WS73,0.4036954343318939,lung,central_nervous_system,False
CVCL_1430,CVCL_2593,0.38848158717155457,lung,lung,True
CVCL_1430,CVCL_2601,0.3829769790172577,lung,skin,False
CVCL_1430,CVCL_1427,0.3631916642189026,lung,lung,True
CVCL_1430,CVCL_V617,0.3626957833766937,lung,fibroblast,False
CVCL_1430,CVCL_1070,0.36038529872894287,lung,central_nervous_system,False
CVCL_1430,CVCL_2591,0.35795706510543823,lung,lung,True
CVCL_1430,CVCL_0359,0.3508661091327667,lung,urinary_tract,False
CVCL_1433,CVCL_2130,0.7380982041358948,blood,blood,True
CVCL_1433,CVCL_2122,0.733216404914856,blood,blood,True
CVCL_1433,CVCL_1632,0.6773354411125183,blood,blood,True
CVCL_1433,CVCL_2191,0.6531554460525513,blood,blood,True
CVCL_1433,CVCL_1620,0.6447954773902893,blood,blood,True
CVCL_1433,CVCL_0098,0.6445749998092651,blood,blood,True
CVCL_1433,CVCL_1619,0.63686603307724,blood,blood,True
CVCL_1433,CVCL_2110,0.6360990405082703,blood,blood,True
CVCL_1433,CVCL_2162,0.6350059509277344,blood,blood,True
CVCL_1433,CVCL_0002,0.6222928166389465,blood,blood,True
CVCL_1438,CVCL_2605,0.7578218579292297,skin,skin,True
CVCL_1438,CVCL_2408,0.7336487770080566,skin,skin,True
CVCL_1438,CVCL_D828,0.7203540205955505,skin,skin,True
CVCL_1438,CVCL_2608,0.7146507501602173,skin,skin,True
CVCL_1438,CVCL_0039,0.711229681968689,skin,skin,True
CVCL_1438,CVCL_5951,0.703283429145813,skin,skin,True
CVCL_1438,CVCL_2075,0.6970191597938538,skin,skin,True
CVCL_1438,CVCL_A341,0.696751058101654,skin,skin,True
CVCL_1438,CVCL_0527,0.6925053596496582,skin,skin,True
CVCL_1438,CVCL_1779,0.6841714382171631,skin,skin,True
CVCL_1438,CVCL_1672,0.680386483669281,skin,skin,True
CVCL_1438,CVCL_6809,0.678311288356781,skin,skin,True
CVCL_1440,CVCL_1701,0.6870542168617249,peripheral_nervous_system,peripheral_nervous_system,True
CVCL_1440,CVCL_1771,0.6762741804122925,peripheral_nervous_system,peripheral_nervous_system,True
CVCL_1440,CVCL_1123,0.6684930324554443,peripheral_nervous_system,peripheral_nervous_system,True
CVCL_1440,CVCL_AX42,0.6683683395385742,peripheral_nervous_system,peripheral_nervous_system,True
CVCL_1440,CVCL_1339,0.6657891869544983,peripheral_nervous_system,peripheral_nervous_system,True
CVCL_1440,CVCL_1606,0.6547720432281494,peripheral_nervous_system,peripheral_nervous_system,True
CVCL_1440,CVCL_2092,0.6384214758872986,peripheral_nervous_system,peripheral_nervous_system,True
CVCL_1440,CVCL_5627,0.63078373670578,peripheral_nervous_system,peripheral_nervous_system,True
CVCL_1440,CVCL_1341,0.6271748542785645,peripheral_nervous_system,peripheral_nervous_system,True
CVCL_1440,CVCL_AX49,0.6258555054664612,peripheral_nervous_system,peripheral_nervous_system,True
CVCL_1440,CVCL_1702,0.6196380257606506,peripheral_nervous_system,peripheral_nervous_system,True
CVCL_1440,CVCL_2143,0.6157643795013428,peripheral_nervous_system,peripheral_nervous_system,True
CVCL_1440,CVCL_0528,0.6107147932052612,peripheral_nervous_system,peripheral_nervous_system,True
CVCL_1440,CVCL_0346,0.5979771614074707,peripheral_nervous_system,peripheral_nervous_system,True
CVCL_1451,CVCL_3407,0.702781081199646,embryo,embryo,True
CVCL_1451,CVCL_L280,0.6800554990768433,embryo,embryo,True
CVCL_1451,CVCL_2105,0.4555623233318329,embryo,peripheral_nervous_system,False
CVCL_1451,CVCL_Y019,0.40396636724472046,embryo,blood,False
CVCL_1451,CVCL_1458,0.39716899394989014,embryo,lung,False
CVCL_1451,CVCL_1542,0.39594000577926636,embryo,lung,False
CVCL_1451,CVCL_1771,0.37013253569602966,embryo,peripheral_nervous_system,False
CVCL_1451,CVCL_M153,0.36928170919418335,embryo,bone,False
CVCL_1451,CVCL_1503,0.3684394657611847,embryo,lung,False
CVCL_1451,CVCL_1591,0.36439448595046997,embryo,lung,False
CVCL_1451,CVCL_1174,0.3589707612991333,embryo,lung,False
CVCL_1451,CVCL_1701,0.3523510694503784,embryo,peripheral_nervous_system,False
CVCL_1451,CVCL_6583,0.3505428433418274,embryo,bone,False
CVCL_1451,CVCL_8065,0.349723756313324,embryo,uterus,False
CVCL_1453,CVCL_1569,0.510103166103363,lung,lung,True
CVCL_1453,CVCL_1529,0.48594340682029724,lung,lung,True
CVCL_1453,CVCL_2412,0.44681665301322937,lung,lung,True
CVCL_1453,CVCL_1503,0.41975316405296326,lung,lung,True
CVCL_1453,CVCL_1455,0.4081369936466217,lung,lung,True
CVCL_1453,CVCL_1507,0.3911275863647461,lung,lung,True
CVCL_1453,CVCL_1350,0.37360936403274536,lung,esophagus,False
CVCL_1453,CVCL_1454,0.3705570697784424,lung,lung,True
CVCL_1453,CVCL_1458,0.37023285031318665,lung,lung,True
CVCL_1453,CVCL_1510,0.3685865104198456,lung,lung,True
CVCL_1453,CVCL_2415,0.36446091532707214,lung,lung,True
CVCL_1453,CVCL_1405,0.3616996705532074,lung,uterus,False
CVCL_1453,CVCL_1480,0.36100268363952637,lung,lung,True
CVCL_1453,CVCL_1471,0.36010804772377014,lung,lung,True
CVCL_1453,CVCL_Y019,0.352090984582901,lung,blood,False
CVCL_1454,CVCL_1522,0.8028004765510559,lung,lung,True
CVCL_1454,CVCL_2415,0.7940521240234375,lung,lung,True
CVCL_1454,CVCL_1598,0.7893537878990173,lung,lung,True
CVCL_1454,CVCL_2418,0.7692594528198242,lung,lung,True
CVCL_1454,CVCL_1510,0.7675880193710327,lung,lung,True
CVCL_1454,CVCL_1525,0.756126880645752,lung,lung,True
CVCL_1454,CVCL_1455,0.7394492030143738,lung,lung,True
CVCL_1454,CVCL_1471,0.7383631467819214,lung,lung,True
CVCL_1454,CVCL_2186,0.731602668762207,lung,lung,True
CVCL_1454,CVCL_1473,0.7312328815460205,lung,lung,True
CVCL_1454,CVCL_1458,0.7299877405166626,lung,lung,True
CVCL_1455,CVCL_1471,0.7346829771995544,lung,lung,True
CVCL_1455,CVCL_1480,0.7249326109886169,lung,lung,True
CVCL_1455,CVCL_1510,0.7112839221954346,lung,lung,True
CVCL_1455,CVCL_2415,0.7034456133842468,lung,lung,True
CVCL_1455,CVCL_1458,0.6978046298027039,lung,lung,True
CVCL_1455,CVCL_1525,0.6945667862892151,lung,lung,True
CVCL_1455,CVCL_1503,0.6764316558837891,lung,lung,True
CVCL_1455,CVCL_1522,0.6690502166748047,lung,lung,True
CVCL_1455,CVCL_1565,0.6634659171104431,lung,lung,True
CVCL_1455,CVCL_1141,0.6514164805412292,lung,lung,True
CVCL_1456,CVCL_1454,0.6608455777168274,lung,lung,True
CVCL_1456,CVCL_1568,0.6434419751167297,lung,lung,True
CVCL_1456,CVCL_1391,0.6380327939987183,lung,lung,True
CVCL_1456,CVCL_1140,0.6366209983825684,lung,lung,True
CVCL_1456,CVCL_1522,0.6284956932067871,lung,lung,True
CVCL_1456,CVCL_1536,0.6134867072105408,lung,lung,True
CVCL_1456,CVCL_2186,0.6131764054298401,lung,lung,True
CVCL_1456,CVCL_1489,0.6090859174728394,lung,lung,True
CVCL_1456,CVCL_2415,0.6036558747291565,lung,lung,True
CVCL_1456,CVCL_1480,0.5869344472885132,lung,lung,True
CVCL_1456,CVCL_1458,0.5855351090431213,lung,lung,True
CVCL_1456,CVCL_1510,0.5853065848350525,lung,lung,True
CVCL_1456,CVCL_1525,0.5828326940536499,lung,lung,True
CVCL_1458,CVCL_1510,0.730634331703186,lung,lung,True
CVCL_1458,CVCL_1525,0.6994675993919373,lung,lung,True
CVCL_1458,CVCL_1480,0.6983006596565247,lung,lung,True
CVCL_1458,CVCL_1542,0.694424033164978,lung,lung,True
CVCL_1458,CVCL_1503,0.6915550827980042,lung,lung,True
CVCL_1458,CVCL_1471,0.6765771508216858,lung,lung,True
CVCL_1458,CVCL_2058,0.6632434129714966,lung,lung,True
CVCL_1458,CVCL_2415,0.6608126759529114,lung,lung,True
CVCL_1458,CVCL_1391,0.6580254435539246,lung,lung,True
CVCL_1458,CVCL_1522,0.6560468077659607,lung,lung,True
CVCL_1463,CVCL_1389,0.5250588655471802,lung,lung,True
CVCL_1463,CVCL_1536,0.511407196521759,lung,lung,True
CVCL_1463,CVCL_1526,0.4830845296382904,lung,lung,True
CVCL_1463,CVCL_1489,0.46923598647117615,lung,lung,True
CVCL_1463,CVCL_1542,0.4617953598499298,lung,lung,True
CVCL_1463,CVCL_1568,0.45532673597335815,lung,lung,True
CVCL_1463,CVCL_1579,0.45523694157600403,lung,lung,True
CVCL_1463,CVCL_1454,0.45453888177871704,lung,lung,True
CVCL_1463,CVCL_1456,0.44816145300865173,lung,lung,True
CVCL_1463,CVCL_0024,0.44781652092933655,lung,lung,True
CVCL_1463,CVCL_1455,0.44572189450263977,lung,lung,True
CVCL_1463,CVCL_1510,0.4417401850223541,lung,lung,True
CVCL_1463,CVCL_1387,0.4406702518463135,lung,lung,True
CVCL_1463,CVCL_1458,0.4338635802268982,lung,lung,True
CVCL_1463,CVCL_1132,0.42924368381500244,lung,uterus,False
CVCL_1464,CVCL_1517,0.5452389717102051,lung,lung,True
CVCL_1464,CVCL_1515,0.5129749774932861,lung,lung,True
CVCL_1464,CVCL_5136,0.5070356726646423,lung,lung,True
CVCL_1464,CVCL_1508,0.43308785557746887,lung,lung,True
CVCL_1464,CVCL_1537,0.3975496292114258,lung,lung,True
CVCL_1464,CVCL_1472,0.3817780017852783,lung,lung,True
CVCL_1464,CVCL_1530,0.37760427594184875,lung,lung,True
CVCL_1464,CVCL_2193,0.37005800008773804,lung,cervix,False
CVCL_1464,CVCL_1655,0.35937222838401794,lung,lung,True
CVCL_1464,CVCL_1481,0.3561397194862366,lung,lung,True
CVCL_1464,CVCL_1547,0.3479069173336029,lung,lung,True
CVCL_1464,CVCL_1475,0.3470023572444916,lung,lung,True
CVCL_1465,CVCL_1731,0.41533032059669495,lung,lung,True
CVCL_1465,CVCL_1524,0.40341341495513916,lung,lung,True
CVCL_1465,CVCL_1514,0.3665212392807007,lung,lung,True
CVCL_1465,CVCL_V622,0.3647098243236542,lung,lung,True
CVCL_1465,CVCL_1531,0.3634724020957947,lung,lung,True
CVCL_1465,CVCL_1644,0.3603043556213379,lung,pancreas,False
CVCL_1465,CVCL_1559,0.359159916639328,lung,lung,True
CVCL_1465,CVCL_1530,0.3550177812576294,lung,lung,True
CVCL_1465,CVCL_1119,0.3480408787727356,lung,pancreas,False
CVCL_1465,CVCL_1511,0.3453664481639862,lung,lung,True
CVCL_1465,CVCL_2060,0.33751487731933594,lung,lung,True
CVCL_1465,CVCL_1636,0.33629605174064636,lung,pancreas,False
CVCL_1465,CVCL_5160,0.3359433710575104,lung,lung,True
CVCL_1466,CVCL_1522,0.6759116053581238,lung,lung,True
CVCL_1466,CVCL_1693,0.6525009274482727,lung,lung,True
CVCL_1466,CVCL_1454,0.6508393883705139,lung,lung,True
CVCL_1466,CVCL_1140,0.6131892204284668,lung,lung,True
CVCL_1466,CVCL_1473,0.6123715043067932,lung,lung,True
CVCL_1466,CVCL_1774,0.6102396845817566,lung,thyroid,False
CVCL_1466,CVCL_2415,0.608579158782959,lung,lung,True
CVCL_1466,CVCL_1175,0.6033714413642883,lung,lung,True
CVCL_1466,CVCL_1525,0.6017460823059082,lung,lung,True
CVCL_1466,CVCL_1510,0.6013174653053284,lung,lung,True
CVCL_1466,CVCL_1391,0.5989229679107666,lung,lung,True
CVCL_1466,CVCL_1471,0.5889810919761658,lung,lung,True
CVCL_1466,CVCL_1579,0.5865001678466797,lung,lung,True
CVCL_1466,CVCL_1387,0.5830107927322388,lung,lung,True
CVCL_1467,CVCL_1472,0.4524169862270355,lung,lung,True
CVCL_1467,CVCL_1532,0.4117904305458069,lung,lung,True
CVCL_1467,CVCL_A1VD,0.3884793221950531,lung,bile_duct,False
CVCL_1467,CVCL_3840,0.372138112783432,lung,liver,False
CVCL_1467,CVCL_5136,0.3710365295410156,lung,lung,True
CVCL_1467,CVCL_1478,0.36508968472480774,lung,lung,True
CVCL_1467,CVCL_1654,0.35244667530059814,lung,lung,True
CVCL_1467,CVCL_1508,0.3517155349254608,lung,lung,True
CVCL_1467,CVCL_5102,0.3463585078716278,lung,liver,False
CVCL_1467,CVCL_1515,0.3446025252342224,lung,lung,True
CVCL_1467,CVCL_2956,0.34237971901893616,lung,liver,False
CVCL_1467,CVCL_1537,0.3401944041252136,lung,lung,True
CVCL_1467,CVCL_0364,0.33630111813545227,lung,liver,False
CVCL_1467,CVCL_2438,0.33256062865257263,lung,lung,True
CVCL_1467,CVCL_2620,0.3300686776638031,lung,lung,True
CVCL_1470,CVCL_5002,0.529910147190094,lung,colorectal,False
CVCL_1470,CVCL_1636,0.4398666322231293,lung,pancreas,False
CVCL_1470,CVCL_1648,0.4343234598636627,lung,colorectal,False
CVCL_1470,CVCL_1987,0.4242607057094574,lung,colorectal,False
CVCL_1470,CVCL_A1UI,0.412986695766449,lung,bile_duct,False
CVCL_1470,CVCL_5015,0.4068397283554077,lung,bile_duct,False
CVCL_1470,CVCL_1478,0.4062027633190155,lung,lung,True
CVCL_1470,CVCL_EG28,0.40271130204200745,lung,colorectal,False
CVCL_1470,CVCL_0371,0.39647793769836426,lung,gastric,False
CVCL_1470,CVCL_1979,0.3939152657985687,lung,colorectal,False
CVCL_1470,CVCL_2791,0.39313191175460815,lung,gastric,False
CVCL_1470,CVCL_1717,0.39035406708717346,lung,colorectal,False
CVCL_1470,CVCL_1708,0.38981160521507263,lung,colorectal,False
CVCL_1470,CVCL_3338,0.38406872749328613,lung,colorectal,False
CVCL_1470,CVCL_1294,0.382295697927475,lung,colorectal,False
CVCL_1471,CVCL_1525,0.7408133745193481,lung,lung,True
CVCL_1471,CVCL_1510,0.7378709316253662,lung,lung,True
CVCL_1471,CVCL_2415,0.7170394062995911,lung,lung,True
CVCL_1471,CVCL_1480,0.7100513577461243,lung,lung,True
CVCL_1471,CVCL_1522,0.6962057948112488,lung,lung,True
CVCL_1471,CVCL_1507,0.6788622140884399,lung,lung,True
CVCL_1471,CVCL_2418,0.670798122882843,lung,lung,True
CVCL_1471,CVCL_1473,0.6706035137176514,lung,lung,True
CVCL_1471,CVCL_1598,0.657204806804657,lung,lung,True
CVCL_1471,CVCL_1391,0.6532796025276184,lung,lung,True
CVCL_1472,CVCL_1532,0.6311118602752686,lung,lung,True
CVCL_1472,CVCL_1530,0.6263670921325684,lung,lung,True
CVCL_1472,CVCL_1531,0.5743378400802612,lung,lung,True
CVCL_1472,CVCL_1478,0.4929448068141937,lung,lung,True
CVCL_1472,CVCL_2193,0.4692991077899933,lung,cervix,False
CVCL_1472,CVCL_1508,0.4691011309623718,lung,lung,True
CVCL_1472,CVCL_2214,0.4633581042289734,lung,bile_duct,False
CVCL_1472,CVCL_1654,0.45304134488105774,lung,lung,True
CVCL_1472,CVCL_2620,0.4484805464744568,lung,lung,True
CVCL_1472,CVCL_1655,0.43971627950668335,lung,lung,True
CVCL_1472,CVCL_5136,0.4386635720729828,lung,lung,True
CVCL_1472,CVCL_1515,0.4281323254108429,lung,lung,True
CVCL_1472,CVCL_1535,0.414119154214859,lung,lung,True
CVCL_1473,CVCL_2415,0.744295597076416,lung,lung,True
CVCL_1473,CVCL_1522,0.7178107500076294,lung,lung,True
CVCL_1473,CVCL_2418,0.7062057852745056,lung,lung,True
CVCL_1473,CVCL_1579,0.6911566853523254,lung,lung,True
CVCL_1473,CVCL_1598,0.6887385845184326,lung,lung,True
CVCL_1473,CVCL_1510,0.6793971657752991,lung,lung,True
CVCL_1473,CVCL_1525,0.67401123046875,lung,lung,True
CVCL_1473,CVCL_1175,0.6679994463920593,lung,lung,True
CVCL_1473,CVCL_1507,0.6657283306121826,lung,lung,True
CVCL_1473,CVCL_1140,0.6574633717536926,lung,lung,True
CVCL_1473,CVCL_2919,0.6519151329994202,lung,cervix,False
CVCL_1475,CVCL_5081,0.40726909041404724,lung,gastric,False
CVCL_1475,CVCL_1537,0.40493980050086975,lung,lung,True
CVCL_1475,CVCL_1655,0.36471596360206604,lung,lung,True
CVCL_1475,CVCL_1427,0.35925543308258057,lung,lung,True
CVCL_1475,CVCL_5087,0.3484310805797577,lung,central_nervous_system,False
CVCL_1475,CVCL_1517,0.3304060399532318,lung,lung,True
CVCL_1475,CVCL_1394,0.3234669268131256,lung,lung,True
CVCL_1475,CVCL_8585,0.3227803409099579,lung,central_nervous_system,False
CVCL_1475,CVCL_1233,0.32084211707115173,lung,central_nervous_system,False
CVCL_1475,CVCL_2076,0.32046762108802795,lung,skin,False
CVCL_1476,CVCL_1523,0.4679953157901764,lung,lung,True
CVCL_1476,CVCL_1532,0.4503454267978668,lung,lung,True
CVCL_1476,CVCL_3152,0.4449123442173004,lung,gastric,False
CVCL_1476,CVCL_1483,0.4389435946941376,lung,lung,True
CVCL_1476,CVCL_1105,0.4298095703125,lung,lung,True
CVCL_1476,CVCL_1497,0.4199376106262207,lung,lung,True
CVCL_1476,CVCL_1095,0.40898075699806213,lung,cervix,False
CVCL_1476,CVCL_4996,0.40565046668052673,lung,cervix,False
CVCL_1476,CVCL_1292,0.3913117051124573,lung,urinary_tract,False
CVCL_1476,CVCL_5087,0.39067721366882324,lung,central_nervous_system,False
CVCL_1478,CVCL_1532,0.5209309458732605,lung,lung,True
CVCL_1478,CVCL_1530,0.5005055665969849,lung,lung,True
CVCL_1478,CVCL_1535,0.4928008019924164,lung,lung,True
CVCL_1478,CVCL_3337,0.4663548767566681,lung,esophagus,False
CVCL_1478,CVCL_1531,0.45968008041381836,lung,lung,True
CVCL_1478,CVCL_1482,0.4595109224319458,lung,lung,True
CVCL_1478,CVCL_1556,0.43809208273887634,lung,lung,True
CVCL_1478,CVCL_1481,0.43571895360946655,lung,lung,True
CVCL_1478,CVCL_1515,0.4341428577899933,lung,lung,True
CVCL_1478,CVCL_2620,0.4247642159461975,lung,lung,True
CVCL_1478,CVCL_5048,0.4217902719974518,lung,bile_duct,False
CVCL_1478,CVCL_1492,0.4213084578514099,lung,lung,True
CVCL_1478,CVCL_2582,0.4153217673301697,lung,lung,True
CVCL_1479,CVCL_3612,0.4930726885795593,lung,ovary,False
CVCL_1479,CVCL_1577,0.4722781181335449,lung,lung,True
CVCL_1479,CVCL_U760,0.46727555990219116,lung,soft_tissue,False
CVCL_1479,CVCL_1755,0.4640217423439026,lung,soft_tissue,False
CVCL_1479,CVCL_1567,0.42494022846221924,lung,lung,True
CVCL_1479,CVCL_1595,0.4243021011352539,lung,lung,True
CVCL_1479,CVCL_7146,0.42127618193626404,lung,soft_tissue,False
CVCL_1479,CVCL_2010,0.41937851905822754,lung,ovary,False
CVCL_1479,CVCL_1Y70,0.4175949692726135,lung,peripheral_nervous_system,False
CVCL_1479,CVCL_6C44,0.4068722724914551,lung,soft_tissue,False
CVCL_1480,CVCL_1525,0.7727470993995667,lung,lung,True
CVCL_1480,CVCL_1503,0.7343255281448364,lung,lung,True
CVCL_1480,CVCL_1510,0.7103961706161499,lung,lung,True
CVCL_1480,CVCL_1454,0.6929784417152405,lung,lung,True
CVCL_1480,CVCL_1565,0.6910192966461182,lung,lung,True
CVCL_1480,CVCL_1576,0.6652007102966309,lung,prostate,False
CVCL_1480,CVCL_1539,0.6610715985298157,lung,lung,True
CVCL_1480,CVCL_1522,0.6511826515197754,lung,lung,True
CVCL_1480,CVCL_1391,0.6500066518783569,lung,lung,True
CVCL_1481,CVCL_1537,0.45256829261779785,lung,lung,True
CVCL_1481,CVCL_3337,0.4391622245311737,lung,esophagus,False
CVCL_1481,CVCL_1532,0.41712474822998047,lung,lung,True
CVCL_1481,CVCL_1515,0.3958095610141754,lung,lung,True
CVCL_1481,CVCL_0201,0.39571911096572876,lung,ovary,False
CVCL_1481,CVCL_1472,0.3833193778991699,lung,lung,True
CVCL_1481,CVCL_1530,0.3747320771217346,lung,lung,True
CVCL_1481,CVCL_2620,0.3634255826473236,lung,lung,True
CVCL_1481,CVCL_1476,0.35752373933792114,lung,lung,True
CVCL_1481,CVCL_1131,0.3562774658203125,lung,esophagus,False
CVCL_1481,CVCL_2582,0.3535824716091156,lung,lung,True
CVCL_1482,CVCL_1681,0.5617737770080566,lung,upper_aerodigestive,False
CVCL_1482,CVCL_2678,0.5535823702812195,lung,upper_aerodigestive,False
CVCL_1482,CVCL_1108,0.5462902784347534,lung,upper_aerodigestive,False
CVCL_1482,CVCL_1634,0.5457257628440857,lung,pancreas,False
CVCL_1482,CVCL_5048,0.540266752243042,lung,bile_duct,False
CVCL_1482,CVCL_5005,0.538641095161438,lung,upper_aerodigestive,False
CVCL_1482,CVCL_2224,0.5342929363250732,lung,upper_aerodigestive,False
CVCL_1482,CVCL_5034,0.532218337059021,lung,pancreas,False
CVCL_1482,CVCL_2229,0.5267759561538696,lung,upper_aerodigestive,False
CVCL_1482,CVCL_1086,0.5223773121833801,lung,upper_aerodigestive,False
CVCL_1482,CVCL_1670,0.5221561789512634,lung,urinary_tract,False
CVCL_1482,CVCL_1091,0.5205038785934448,lung,prostate,False
CVCL_1482,CVCL_1767,0.5173279047012329,lung,esophagus,False
CVCL_1482,CVCL_1652,0.5152937173843384,lung,lung,True
CVCL_1482,CVCL_2807,0.5144811868667603,lung,skin,False
CVCL_1483,CVCL_2465,0.5283040404319763,lung,upper_aerodigestive,False
CVCL_1483,CVCL_1652,0.5176956653594971,lung,lung,True
CVCL_1483,CVCL_1523,0.5017685294151306,lung,lung,True
CVCL_1483,CVCL_3152,0.46369150280952454,lung,gastric,False
CVCL_1483,CVCL_IZ34,0.45756766200065613,lung,breast,False
CVCL_1483,CVCL_2308,0.45742735266685486,lung,upper_aerodigestive,False
CVCL_1483,CVCL_2723,0.4532237946987152,lung,prostate,False
CVCL_1483,CVCL_1114,0.449618935585022,lung,breast,False
CVCL_1483,CVCL_2312,0.446160227060318,lung,upper_aerodigestive,False
CVCL_1483,CVCL_3158,0.43897780776023865,lung,ovary,False
CVCL_1483,CVCL_5126,0.431623250246048,lung,lung,True
CVCL_1483,CVCL_0419,0.42784321308135986,lung,breast,False
CVCL_1484,CVCL_1491,0.40243634581565857,lung,lung,True
CVCL_1484,CVCL_1515,0.3820171654224396,lung,lung,True
CVCL_1484,CVCL_1655,0.3611297905445099,lung,lung,True
CVCL_1484,CVCL_1508,0.358002632856369,lung,lung,True
CVCL_1484,CVCL_2585,0.3545641601085663,lung,skin,False
CVCL_1484,CVCL_1478,0.3426412045955658,lung,lung,True
CVCL_1484,CVCL_1537,0.34104615449905396,lung,lung,True
CVCL_1484,CVCL_2749,0.3383925259113312,lung,urinary_tract,False
CVCL_1484,CVCL_5063,0.33384883403778076,lung,upper_aerodigestive,False
CVCL_1484,CVCL_4657,0.3301382064819336,lung,uterus,False
CVCL_1484,CVCL_3152,0.3295742869377136,lung,gastric,False
CVCL_1484,CVCL_0497,0.3287442624568939,lung,liver,False
CVCL_1484,CVCL_0090,0.32598379254341125,lung,liver,False
CVCL_1484,CVCL_1584,0.3204438090324402,lung,lung,True
CVCL_1485,CVCL_2313,0.5822331309318542,lung,upper_aerodigestive,False
CVCL_1485,CVCL_1681,0.5786365866661072,lung,upper_aerodigestive,False
CVCL_1485,CVCL_2722,0.5706369876861572,lung,prostate,False
CVCL_1485,CVCL_A1VE,0.5672744512557983,lung,bile_duct,False
CVCL_1485,CVCL_1091,0.5574266910552979,lung,prostate,False
CVCL_1485,CVCL_2310,0.553465723991394,lung,upper_aerodigestive,False
CVCL_1485,CVCL_2582,0.5388907790184021,lung,lung,True
CVCL_1485,CVCL_4056,0.5322189927101135,lung,pancreas,False
CVCL_1485,CVCL_1685,0.5293880701065063,lung,upper_aerodigestive,False
CVCL_1485,CVCL_3810,0.5282565355300903,lung,prostate,False
CVCL_1485,CVCL_1083,0.522885799407959,lung,urinary_tract,False
CVCL_1485,CVCL_1107,0.5191037654876709,lung,upper_aerodigestive,False
CVCL_1485,CVCL_1634,0.5165026783943176,lung,pancreas,False
CVCL_1487,CVCL_2438,0.7093675136566162,lung,lung,True
CVCL_1487,CVCL_1590,0.6218231320381165,lung,lung,True
CVCL_1487,CVCL_1128,0.6127442121505737,lung,lung,True
CVCL_1487,CVCL_5129,0.596552848815918,lung,lung,True
CVCL_1487,CVCL_1141,0.5723936557769775,lung,lung,True
CVCL_1487,CVCL_1565,0.563125729560852,lung,lung,True
CVCL_1487,CVCL_1516,0.5166685581207275,lung,lung,True
CVCL_1487,CVCL_1175,0.5164941549301147,lung,lung,True
CVCL_1487,CVCL_1522,0.516426682472229,lung,lung,True
CVCL_1487,CVCL_1387,0.5147170424461365,lung,lung,True
CVCL_1487,CVCL_2418,0.5113946795463562,lung,lung,True
CVCL_1488,CVCL_1497,0.6309093236923218,lung,lung,True
CVCL_1488,CVCL_1629,0.44478699564933777,lung,ovary,False
CVCL_1488,CVCL_1523,0.4282519817352295,lung,lung,True
CVCL_1488,CVCL_2291,0.4031648635864258,lung,ovary,False
CVCL_1488,CVCL_1476,0.39023199677467346,lung,lung,True
CVCL_1488,CVCL_2585,0.379860520362854,lung,skin,False
CVCL_1488,CVCL_1514,0.3787470757961273,lung,lung,True
CVCL_1488,CVCL_1507,0.3766632378101349,lung,lung,True
CVCL_1488,CVCL_5126,0.3744998574256897,lung,lung,True
CVCL_1488,CVCL_1478,0.37032192945480347,lung,lung,True
CVCL_1488,CVCL_1174,0.35606062412261963,lung,lung,True
CVCL_1488,CVCL_0631,0.3527940809726715,lung,bone,False
CVCL_1488,CVCL_4647,0.35241538286209106,lung,ovary,False
CVCL_1488,CVCL_1556,0.3522966504096985,lung,lung,True
CVCL_1489,CVCL_1536,0.7542685866355896,lung,lung,True
CVCL_1489,CVCL_1454,0.6872538924217224,lung,lung,True
CVCL_1489,CVCL_2409,0.6830469965934753,lung,lung,True
CVCL_1489,CVCL_1568,0.6622393131256104,lung,lung,True
CVCL_1489,CVCL_1140,0.6616446375846863,lung,lung,True
CVCL_1489,CVCL_2415,0.651019811630249,lung,lung,True
CVCL_1489,CVCL_1526,0.6499152779579163,lung,lung,True
CVCL_1489,CVCL_1562,0.6493856906890869,lung,lung,True
CVCL_1489,CVCL_1542,0.6479411125183105,lung,lung,True
CVCL_1489,CVCL_2058,0.6434167623519897,lung,lung,True
CVCL_1489,CVCL_1522,0.6400661468505859,lung,lung,True
CVCL_1489,CVCL_1471,0.6333318948745728,lung,lung,True
CVCL_1489,CVCL_1510,0.6329136490821838,lung,lung,True
CVCL_1490,CVCL_1595,0.4377216696739197,lung,lung,True
CVCL_1490,CVCL_1547,0.4079964756965637,lung,lung,True
CVCL_1490,CVCL_1679,0.40471529960632324,lung,lung,True
CVCL_1490,CVCL_1577,0.37761595845222473,lung,lung,True
CVCL_1490,CVCL_1716,0.36383986473083496,lung,lung,True
CVCL_1490,CVCL_2059,0.34012165665626526,lung,lung,True
CVCL_1490,CVCL_L088,0.3386909067630768,lung,lung,True
CVCL_1490,CVCL_1545,0.3366560935974121,lung,lung,True
CVCL_1490,CVCL_S987,0.3306998014450073,lung,ovary,False
CVCL_1490,CVCL_0463,0.3276028037071228,lung,lung,True
CVCL_1490,CVCL_1542,0.31787386536598206,lung,lung,True
CVCL_1491,CVCL_6831,0.494358628988266,lung,lung,True
CVCL_1491,CVCL_1651,0.4899521470069885,lung,lung,True
CVCL_1491,CVCL_5127,0.4536133110523224,lung,lung,True
CVCL_1491,CVCL_1561,0.42775651812553406,lung,lung,True
CVCL_1491,CVCL_3337,0.4267277121543884,lung,esophagus,False
CVCL_1491,CVCL_1524,0.41660499572753906,lung,lung,True
CVCL_1491,CVCL_1550,0.4084203243255615,lung,lung,True
CVCL_1491,CVCL_1177,0.4082786440849304,lung,lung,True
CVCL_1491,CVCL_1774,0.40411055088043213,lung,thyroid,False
CVCL_1491,CVCL_1499,0.4010359048843384,lung,lung,True
CVCL_1491,CVCL_5051,0.39058709144592285,lung,pancreas,False
CVCL_1491,CVCL_1530,0.3835269808769226,lung,lung,True
CVCL_1491,CVCL_1500,0.381245493888855,lung,lung,True
CVCL_1491,CVCL_1478,0.3708468973636627,lung,lung,True
CVCL_1492,CVCL_1082,0.5113164782524109,lung,lung,True
CVCL_1492,CVCL_2438,0.4824831485748291,lung,lung,True
CVCL_1492,CVCL_5063,0.4704815149307251,lung,upper_aerodigestive,False
CVCL_1492,CVCL_1655,0.46796727180480957,lung,lung,True
CVCL_1492,CVCL_1487,0.4667712450027466,lung,lung,True
CVCL_1492,CVCL_1177,0.44137459993362427,lung,lung,True
CVCL_1492,CVCL_1565,0.4337265193462372,lung,lung,True
CVCL_1492,CVCL_1495,0.42287811636924744,lung,lung,True
CVCL_1492,CVCL_1515,0.4206981062889099,lung,lung,True
CVCL_1492,CVCL_1584,0.4164125323295593,lung,lung,True
CVCL_1492,CVCL_5158,0.4121990203857422,lung,lung,True
CVCL_1492,CVCL_1466,0.4093051850795746,lung,lung,True
CVCL_1494,CVCL_5160,0.5717433094978333,lung,lung,True
CVCL_1494,CVCL_6831,0.5452505350112915,lung,lung,True
CVCL_1494,CVCL_5245,0.5449696779251099,lung,colorectal,False
CVCL_1494,CVCL_1400,0.4392555058002472,lung,breast,False
CVCL_1494,CVCL_2977,0.42577940225601196,lung,urinary_tract,False
CVCL_1494,CVCL_1812,0.4052513837814331,lung,breast,False
CVCL_1494,CVCL_1482,0.4021725654602051,lung,lung,True
CVCL_1494,CVCL_1532,0.3988746702671051,lung,lung,True
CVCL_1494,CVCL_1478,0.3982135057449341,lung,lung,True
CVCL_1494,CVCL_2061,0.3971485197544098,lung,lung,True
CVCL_1494,CVCL_1709,0.39373740553855896,lung,colorectal,False
CVCL_1494,CVCL_1535,0.39317530393600464,lung,lung,True
CVCL_1494,CVCL_1549,0.38771021366119385,lung,lung,True
CVCL_1495,CVCL_L088,0.3891710340976715,lung,lung,True
CVCL_1495,CVCL_0844,0.3882840573787689,lung,central_nervous_system,False
CVCL_1495,CVCL_4902,0.36705923080444336,lung,bile_duct,False
CVCL_1495,CVCL_1655,0.365439236164093,lung,lung,True
CVCL_1495,CVCL_5063,0.3547893762588501,lung,upper_aerodigestive,False
CVCL_1495,CVCL_1478,0.35370931029319763,lung,lung,True
CVCL_1495,CVCL_1515,0.3528502583503723,lung,lung,True
CVCL_1495,CVCL_1574,0.3481789529323578,lung,lung,True
CVCL_1495,CVCL_J521,0.3425672948360443,lung,unknown,False
CVCL_1495,CVCL_YU13,0.34153109788894653,lung,peripheral_nervous_system,False
CVCL_1495,CVCL_1690,0.3409079611301422,lung,central_nervous_system,False
CVCL_1496,CVCL_1655,0.4437428116798401,lung,lung,True
CVCL_1496,CVCL_1478,0.40546733140945435,lung,lung,True
CVCL_1496,CVCL_4902,0.40083763003349304,lung,bile_duct,False
CVCL_1496,CVCL_L088,0.3968168795108795,lung,lung,True
CVCL_1496,CVCL_1535,0.39639198780059814,lung,lung,True
CVCL_1496,CVCL_1543,0.38672685623168945,lung,lung,True
CVCL_1496,CVCL_1515,0.3846093416213989,lung,lung,True
CVCL_1496,CVCL_1492,0.3770486116409302,lung,lung,True
CVCL_1496,CVCL_0497,0.37314337491989136,lung,liver,False
CVCL_1496,CVCL_1505,0.3710672855377197,lung,lung,True
CVCL_1496,CVCL_2788,0.3564997613430023,lung,liver,False
CVCL_1496,CVCL_1219,0.33847475051879883,lung,thyroid,False
CVCL_1496,CVCL_1537,0.33495810627937317,lung,lung,True
CVCL_1496,CVCL_1594,0.3319071829319,lung,lung,True
CVCL_1497,CVCL_1523,0.4554321765899658,lung,lung,True
CVCL_1497,CVCL_1549,0.4335547387599945,lung,lung,True
CVCL_1497,CVCL_5014,0.41311052441596985,lung,ovary,False
CVCL_1497,CVCL_3152,0.39731207489967346,lung,gastric,False
CVCL_1497,CVCL_1614,0.3966484069824219,lung,ovary,False
CVCL_1497,CVCL_1258,0.39412209391593933,lung,breast,False
CVCL_1497,CVCL_1478,0.3863823711872101,lung,lung,True
CVCL_1497,CVCL_0419,0.382475882768631,lung,breast,False
CVCL_1497,CVCL_1759,0.38100677728652954,lung,esophagus,False
CVCL_1497,CVCL_1218,0.3788979649543762,lung,upper_aerodigestive,False
CVCL_1497,CVCL_0201,0.37816736102104187,lung,ovary,False
CVCL_1497,CVCL_2312,0.36988145112991333,lung,upper_aerodigestive,False
CVCL_1498,CVCL_1454,0.7144235968589783,lung,lung,True
CVCL_1498,CVCL_1525,0.6981626749038696,lung,lung,True
CVCL_1498,CVCL_1175,0.6855659484863281,lung,lung,True
CVCL_1498,CVCL_1598,0.681937575340271,lung,lung,True
CVCL_1498,CVCL_2418,0.67470782995224,lung,lung,True
CVCL_1498,CVCL_2415,0.6726917028427124,lung,lung,True
CVCL_1498,CVCL_1565,0.6659949421882629,lung,lung,True
CVCL_1498,CVCL_1522,0.6602304577827454,lung,lung,True
CVCL_1498,CVCL_1516,0.6543254256248474,lung,lung,True
CVCL_1498,CVCL_1510,0.6490620374679565,lung,lung,True
CVCL_1498,CVCL_1455,0.6465111970901489,lung,lung,True
CVCL_1498,CVCL_1391,0.6378956437110901,lung,lung,True
CVCL_1498,CVCL_1480,0.6233408451080322,lung,lung,True
CVCL_1498,CVCL_1473,0.6175493001937866,lung,lung,True
CVCL_1499,CVCL_1731,0.48596808314323425,lung,lung,True
CVCL_1499,CVCL_1651,0.4831507205963135,lung,lung,True
CVCL_1499,CVCL_1524,0.4305402636528015,lung,lung,True
CVCL_1499,CVCL_6831,0.409382700920105,lung,lung,True
CVCL_1499,CVCL_2063,0.40555810928344727,lung,lung,True
CVCL_1499,CVCL_1546,0.3913286626338959,lung,lung,True
CVCL_1499,CVCL_5126,0.3842226266860962,lung,lung,True
CVCL_1499,CVCL_5051,0.36932915449142456,lung,pancreas,False
CVCL_1499,CVCL_1561,0.3596349060535431,lung,lung,True
CVCL_1499,CVCL_1550,0.3529677391052246,lung,lung,True
CVCL_1499,CVCL_1543,0.3526979088783264,lung,lung,True
CVCL_1499,CVCL_5160,0.34777382016181946,lung,lung,True
CVCL_1499,CVCL_1552,0.3454500734806061,lung,lung,True
CVCL_1500,CVCL_6831,0.5479093790054321,lung,lung,True
CVCL_1500,CVCL_1524,0.5465869903564453,lung,lung,True
CVCL_1500,CVCL_1561,0.5362851619720459,lung,lung,True
CVCL_1500,CVCL_1550,0.5361900925636292,lung,lung,True
CVCL_1500,CVCL_2061,0.5209440588951111,lung,lung,True
CVCL_1500,CVCL_5245,0.5182157754898071,lung,colorectal,False
CVCL_1500,CVCL_1651,0.4738094210624695,lung,lung,True
CVCL_1500,CVCL_1546,0.438157856464386,lung,lung,True
CVCL_1500,CVCL_1637,0.3981851041316986,lung,pancreas,False
CVCL_1500,CVCL_5160,0.3981313407421112,lung,lung,True
CVCL_1500,CVCL_5051,0.39226192235946655,lung,pancreas,False
CVCL_1500,CVCL_1482,0.3861987590789795,lung,lung,True
CVCL_1500,CVCL_1634,0.3837639093399048,lung,pancreas,False
CVCL_1503,CVCL_1510,0.728357195854187,lung,lung,True
CVCL_1503,CVCL_1525,0.69365394115448,lung,lung,True
CVCL_1503,CVCL_2058,0.6537083983421326,lung,lung,True
CVCL_1503,CVCL_1454,0.6536384224891663,lung,lung,True
CVCL_1503,CVCL_1391,0.6527110934257507,lung,lung,True
CVCL_1503,CVCL_1471,0.6483268737792969,lung,lung,True
CVCL_1503,CVCL_1175,0.6440817713737488,lung,lung,True
CVCL_1503,CVCL_2415,0.6250814199447632,lung,lung,True
CVCL_1503,CVCL_1387,0.6165209412574768,lung,lung,True
CVCL_1503,CVCL_1522,0.6051089763641357,lung,lung,True
CVCL_1503,CVCL_1565,0.5975906252861023,lung,lung,True
CVCL_1505,CVCL_1655,0.37845396995544434,lung,lung,True
CVCL_1505,CVCL_1574,0.36766669154167175,lung,lung,True
CVCL_1505,CVCL_0463,0.34691235423088074,lung,lung,True
CVCL_1505,CVCL_1495,0.3289453387260437,lung,lung,True
CVCL_1505,CVCL_1515,0.316609263420105,lung,lung,True
CVCL_1505,CVCL_L088,0.30701321363449097,lung,lung,True
CVCL_1505,CVCL_B076,0.30515196919441223,lung,kidney,False
CVCL_1505,CVCL_4902,0.3039439916610718,lung,bile_duct,False
CVCL_1505,CVCL_1492,0.3029812276363373,lung,lung,True
CVCL_1505,CVCL_1430,0.30075645446777344,lung,lung,True
CVCL_1505,CVCL_1594,0.30013102293014526,lung,lung,True
CVCL_1505,CVCL_2788,0.2991665303707123,lung,liver,False
CVCL_1507,CVCL_1454,0.6842942237854004,lung,lung,True
CVCL_1507,CVCL_2415,0.6532506346702576,lung,lung,True
CVCL_1507,CVCL_1175,0.6502452492713928,lung,lung,True
CVCL_1507,CVCL_1510,0.6464157700538635,lung,lung,True
CVCL_1507,CVCL_1455,0.645196259021759,lung,lung,True
CVCL_1507,CVCL_1140,0.6405612230300903,lung,lung,True
CVCL_1507,CVCL_1542,0.6395906209945679,lung,lung,True
CVCL_1507,CVCL_1458,0.6363973617553711,lung,lung,True
CVCL_1507,CVCL_1525,0.6309186220169067,lung,lung,True
CVCL_1507,CVCL_1391,0.628564178943634,lung,lung,True
CVCL_1507,CVCL_2919,0.6278362274169922,lung,cervix,False
CVCL_1507,CVCL_1522,0.621329128742218,lung,lung,True
CVCL_1507,CVCL_1387,0.6185062527656555,lung,lung,True
CVCL_1508,CVCL_1515,0.6537539958953857,lung,lung,True
CVCL_1508,CVCL_5136,0.5131109952926636,lung,lung,True
CVCL_1508,CVCL_2214,0.5047284364700317,lung,bile_duct,False
CVCL_1508,CVCL_2956,0.4737548828125,lung,liver,False
CVCL_1508,CVCL_1531,0.43962135910987854,lung,lung,True
CVCL_1508,CVCL_5102,0.4327852129936218,lung,liver,False
CVCL_1508,CVCL_1517,0.42667174339294434,lung,lung,True
CVCL_1508,CVCL_1056,0.4261243939399719,lung,kidney,False
CVCL_1508,CVCL_V607,0.4204345941543579,lung,kidney,False
CVCL_1508,CVCL_3840,0.40692445635795593,lung,liver,False
CVCL_1508,CVCL_1478,0.40503257513046265,lung,lung,True
CVCL_1509,CVCL_0891,0.4648474156856537,lung,fibroblast,False
CVCL_1509,CVCL_U614,0.4464520215988159,lung,soft_tissue,False
CVCL_1509,CVCL_1809,0.44356080889701843,lung,bone,False
CVCL_1509,CVCL_1173,0.4431082010269165,lung,central_nervous_system,False
CVCL_1509,CVCL_1722,0.4283161759376526,lung,central_nervous_system,False
CVCL_1509,CVCL_1233,0.42227259278297424,lung,central_nervous_system,False
CVCL_1509,CVCL_1038,0.4210314452648163,lung,fibroblast,False
CVCL_1509,CVCL_0932,0.41670218110084534,lung,fibroblast,False
CVCL_1509,CVCL_0966,0.41471147537231445,lung,fibroblast,False
CVCL_1509,CVCL_2297,0.4092848002910614,lung,central_nervous_system,False
CVCL_1509,CVCL_0844,0.4049190878868103,lung,central_nervous_system,False
CVCL_1509,CVCL_3806,0.4009453356266022,lung,fibroblast,False
CVCL_1509,CVCL_0698,0.3991474509239197,lung,fibroblast,False
CVCL_1509,CVCL_A1UY,0.39405903220176697,lung,soft_tissue,False
CVCL_1510,CVCL_2415,0.751358687877655,lung,lung,True
CVCL_1510,CVCL_1525,0.7332926392555237,lung,lung,True
CVCL_1510,CVCL_1522,0.6962559819221497,lung,lung,True
CVCL_1510,CVCL_2418,0.6743473410606384,lung,lung,True
CVCL_1510,CVCL_1536,0.6725394129753113,lung,lung,True
CVCL_1510,CVCL_1140,0.6707819700241089,lung,lung,True
CVCL_1511,CVCL_1514,0.47555166482925415,lung,lung,True
CVCL_1511,CVCL_1559,0.44762858748435974,lung,lung,True
CVCL_1511,CVCL_2104,0.381190687417984,lung,lung,True
CVCL_1511,CVCL_1546,0.3449625074863434,lung,lung,True
CVCL_1511,CVCL_2063,0.3449555039405823,lung,lung,True
CVCL_1511,CVCL_1704,0.33203572034835815,lung,cervix,False
CVCL_1511,CVCL_2594,0.3293709456920624,lung,lung,True
CVCL_1511,CVCL_5134,0.3287821412086487,lung,lung,True
CVCL_1511,CVCL_1269,0.326309472322464,lung,lung,True
CVCL_1511,CVCL_1524,0.324357807636261,lung,lung,True
CVCL_1511,CVCL_1537,0.3193309009075165,lung,lung,True
CVCL_1511,CVCL_5113,0.3180083632469177,lung,lung,True
CVCL_1514,CVCL_1559,0.48469308018684387,lung,lung,True
CVCL_1514,CVCL_1524,0.42266929149627686,lung,lung,True
CVCL_1514,CVCL_5126,0.4152351915836334,lung,lung,True
CVCL_1514,CVCL_2063,0.4000208079814911,lung,lung,True
CVCL_1514,CVCL_1546,0.3902133107185364,lung,lung,True
CVCL_1514,CVCL_5160,0.3837439715862274,lung,lung,True
CVCL_1514,CVCL_5134,0.3762190341949463,lung,lung,True
CVCL_1514,CVCL_1478,0.36133190989494324,lung,lung,True
CVCL_1514,CVCL_1269,0.35791611671447754,lung,lung,True
CVCL_1514,CVCL_1731,0.35769784450531006,lung,lung,True
CVCL_1514,CVCL_2594,0.35356593132019043,lung,lung,True
CVCL_1515,CVCL_1517,0.5137708187103271,lung,lung,True
CVCL_1515,CVCL_1655,0.4944458305835724,lung,lung,True
CVCL_1515,CVCL_5136,0.4740139842033386,lung,lung,True
CVCL_1515,CVCL_L088,0.45229125022888184,lung,lung,True
CVCL_1515,CVCL_1537,0.4160027801990509,lung,lung,True
CVCL_1515,CVCL_5102,0.40786510705947876,lung,liver,False
CVCL_1515,CVCL_2214,0.39616793394088745,lung,bile_duct,False
CVCL_1516,CVCL_1525,0.7129484415054321,lung,lung,True
CVCL_1516,CVCL_1539,0.7069634795188904,lung,lung,True
CVCL_1516,CVCL_2418,0.7038151621818542,lung,lung,True
CVCL_1516,CVCL_1565,0.6940212845802307,lung,lung,True
CVCL_1516,CVCL_1454,0.6875255107879639,lung,lung,True
CVCL_1516,CVCL_1598,0.6793218851089478,lung,lung,True
CVCL_1516,CVCL_1522,0.6708746552467346,lung,lung,True
CVCL_1516,CVCL_2186,0.6466437578201294,lung,lung,True
CVCL_1516,CVCL_1693,0.6366237998008728,lung,lung,True
CVCL_1516,CVCL_1774,0.6264804601669312,lung,thyroid,False
CVCL_1517,CVCL_5136,0.5222935080528259,lung,lung,True
CVCL_1517,CVCL_2214,0.40690597891807556,lung,bile_duct,False
CVCL_1517,CVCL_1472,0.4006993770599365,lung,lung,True
CVCL_1517,CVCL_1655,0.3820943832397461,lung,lung,True
CVCL_1517,CVCL_1537,0.37650611996650696,lung,lung,True
CVCL_1517,CVCL_L088,0.36739498376846313,lung,lung,True
CVCL_1517,CVCL_1496,0.3281956613063812,lung,lung,True
CVCL_1517,CVCL_1478,0.3280107378959656,lung,lung,True
CVCL_1518,CVCL_0698,0.4851893484592438,lung,fibroblast,False
CVCL_1518,CVCL_0726,0.476119726896286,lung,fibroblast,False
CVCL_1518,CVCL_0715,0.47566044330596924,lung,fibroblast,False
CVCL_1518,CVCL_0993,0.4744996726512909,lung,fibroblast,False
CVCL_1518,CVCL_0819,0.4680057466030121,lung,fibroblast,False
CVCL_1518,CVCL_0882,0.46303316950798035,lung,fibroblast,False
CVCL_1518,CVCL_2019,0.44759461283683777,lung,fibroblast,False
CVCL_1518,CVCL_C303,0.4457522928714752,lung,eye,False
CVCL_1518,CVCL_1544,0.4429515600204468,lung,lung,True
CVCL_1518,CVCL_0979,0.43724822998046875,lung,fibroblast,False
CVCL_1518,CVCL_0888,0.4360688030719757,lung,fibroblast,False
CVCL_1518,CVCL_WU66,0.43445825576782227,lung,bone,False
CVCL_1518,CVCL_0827,0.430120587348938,lung,fibroblast,False
CVCL_1518,CVCL_2182,0.42966216802597046,lung,fibroblast,False
CVCL_1521,CVCL_1508,0.3758319914340973,lung,lung,True
CVCL_1521,CVCL_2214,0.3589329123497009,lung,bile_duct,False
CVCL_1521,CVCL_V622,0.3581189811229706,lung,lung,True
CVCL_1521,CVCL_1628,0.3502785265445709,lung,ovary,False
CVCL_1521,CVCL_5065,0.34702104330062866,lung,bile_duct,False
CVCL_1521,CVCL_1119,0.34108659625053406,lung,pancreas,False
CVCL_1521,CVCL_0237,0.3333496153354645,lung,pancreas,False
CVCL_1521,CVCL_0313,0.32862406969070435,lung,pancreas,False
CVCL_1521,CVCL_6899,0.32347336411476135,lung,bile_duct,False
CVCL_1521,CVCL_3082,0.3223792314529419,lung,gastric,False
CVCL_1521,CVCL_5086,0.32203662395477295,lung,gastric,False
CVCL_1521,CVCL_V605,0.3192950487136841,lung,kidney,False
CVCL_1521,CVCL_5136,0.31881535053253174,lung,lung,True
CVCL_1521,CVCL_2063,0.3188018798828125,lung,lung,True
CVCL_1521,CVCL_5159,0.31801673769950867,lung,lung,True
CVCL_1522,CVCL_2415,0.7920677065849304,lung,lung,True
CVCL_1522,CVCL_1598,0.7560668587684631,lung,lung,True
CVCL_1522,CVCL_2418,0.7204727530479431,lung,lung,True
CVCL_1522,CVCL_2186,0.7202133536338806,lung,lung,True
CVCL_1522,CVCL_1525,0.7152782678604126,lung,lung,True
CVCL_1522,CVCL_1579,0.6967388987541199,lung,lung,True
CVCL_1523,CVCL_1652,0.5473823547363281,lung,lung,True
CVCL_1523,CVCL_3152,0.44191837310791016,lung,gastric,False
CVCL_1523,CVCL_3158,0.42261654138565063,lung,ovary,False
CVCL_1523,CVCL_V613,0.42192721366882324,lung,central_nervous_system,False
CVCL_1523,CVCL_8065,0.41807329654693604,lung,uterus,False
CVCL_1523,CVCL_2465,0.4167449176311493,lung,upper_aerodigestive,False
CVCL_1524,CVCL_1561,0.6106340289115906,lung,lung,True
CVCL_1524,CVCL_6831,0.5136867761611938,lung,lung,True
CVCL_1524,CVCL_5160,0.48410874605178833,lung,lung,True
CVCL_1524,CVCL_1651,0.48358985781669617,lung,lung,True
CVCL_1524,CVCL_1550,0.4718691110610962,lung,lung,True
CVCL_1524,CVCL_5126,0.4524275064468384,lung,lung,True
CVCL_1524,CVCL_1731,0.44906753301620483,lung,lung,True
CVCL_1524,CVCL_1546,0.4332965910434723,lung,lung,True
CVCL_1524,CVCL_1559,0.42450159788131714,lung,lung,True
CVCL_1524,CVCL_2061,0.41786181926727295,lung,lung,True
CVCL_1525,CVCL_2415,0.7107909321784973,lung,lung,True
CVCL_1525,CVCL_1565,0.7042137384414673,lung,lung,True
CVCL_1525,CVCL_2418,0.7020425200462341,lung,lung,True
CVCL_1526,CVCL_2409,0.731791079044342,lung,lung,True
CVCL_1526,CVCL_2058,0.7071741819381714,lung,lung,True
CVCL_1526,CVCL_1536,0.6558277010917664,lung,lung,True
CVCL_1526,CVCL_1454,0.6463014483451843,lung,lung,True
CVCL_1526,CVCL_0024,0.6221081018447876,lung,lung,True
CVCL_1526,CVCL_1140,0.6112664341926575,lung,lung,True
CVCL_1526,CVCL_1389,0.6047536134719849,lung,lung,True
CVCL_1526,CVCL_1178,0.602581799030304,lung,lung,True
CVCL_1526,CVCL_1568,0.5972471833229065,lung,lung,True
CVCL_1526,CVCL_1579,0.5836513638496399,lung,lung,True
CVCL_1526,CVCL_2415,0.582548201084137,lung,lung,True
CVCL_1526,CVCL_1458,0.5818887948989868,lung,lung,True
CVCL_1526,CVCL_1522,0.5802358388900757,lung,lung,True
CVCL_1526,CVCL_1471,0.5767930746078491,lung,lung,True
CVCL_1529,CVCL_1569,0.47014865279197693,lung,lung,True
CVCL_1529,CVCL_2412,0.4504082500934601,lung,lung,True
CVCL_1529,CVCL_1503,0.3694714307785034,lung,lung,True
CVCL_1529,CVCL_1507,0.36918914318084717,lung,lung,True
CVCL_1529,CVCL_1391,0.36650943756103516,lung,lung,True
CVCL_1529,CVCL_1522,0.34562578797340393,lung,lung,True
CVCL_1529,CVCL_2186,0.33819159865379333,lung,lung,True
CVCL_1529,CVCL_1525,0.33793920278549194,lung,lung,True
CVCL_1529,CVCL_1454,0.3348078727722168,lung,lung,True
CVCL_1529,CVCL_1590,0.3347097337245941,lung,lung,True
CVCL_1529,CVCL_2438,0.3334449529647827,lung,lung,True
CVCL_1529,CVCL_1175,0.33262255787849426,lung,lung,True
CVCL_1529,CVCL_1177,0.32883092761039734,lung,lung,True
CVCL_1529,CVCL_2584,0.32750603556632996,lung,skin,False
CVCL_1530,CVCL_1531,0.5897828936576843,lung,lung,True
CVCL_1530,CVCL_1532,0.5807857513427734,lung,lung,True
CVCL_1530,CVCL_2193,0.49341917037963867,lung,cervix,False
CVCL_1530,CVCL_3337,0.45837655663490295,lung,esophagus,False
CVCL_1530,CVCL_5065,0.45822808146476746,lung,bile_duct,False
CVCL_1530,CVCL_1709,0.41674941778182983,lung,colorectal,False
CVCL_1530,CVCL_6831,0.4106331765651703,lung,lung,True
CVCL_1530,CVCL_1574,0.4066512882709503,lung,lung,True
CVCL_1530,CVCL_1187,0.40582340955734253,lung,esophagus,False
CVCL_1530,CVCL_1654,0.4006187319755554,lung,lung,True
CVCL_1530,CVCL_5160,0.39498987793922424,lung,lung,True
CVCL_1531,CVCL_5065,0.5552346110343933,lung,bile_duct,False
CVCL_1531,CVCL_2214,0.5229867696762085,lung,bile_duct,False
CVCL_1531,CVCL_2582,0.5210759043693542,lung,lung,True
CVCL_1531,CVCL_1574,0.49649178981781006,lung,lung,True
CVCL_1531,CVCL_8147,0.48197153210639954,lung,pancreas,False
CVCL_1531,CVCL_1119,0.47579318284988403,lung,pancreas,False
CVCL_1531,CVCL_A1UH,0.47535961866378784,lung,pancreas,False
CVCL_1531,CVCL_2193,0.47285330295562744,lung,cervix,False
CVCL_1531,CVCL_5034,0.45817065238952637,lung,pancreas,False
CVCL_1531,CVCL_1482,0.4403791129589081,lung,lung,True
CVCL_1531,CVCL_M469,0.4358763098716736,lung,pancreas,False
CVCL_1532,CVCL_1654,0.6120108962059021,lung,lung,True
CVCL_1532,CVCL_1812,0.45284372568130493,lung,breast,False
CVCL_1532,CVCL_1400,0.4429827034473419,lung,breast,False
CVCL_1532,CVCL_1782,0.4410538673400879,lung,breast,False
CVCL_1532,CVCL_1709,0.4165742099285126,lung,colorectal,False
CVCL_1535,CVCL_1400,0.43728429079055786,lung,breast,False
CVCL_1535,CVCL_1482,0.41659170389175415,lung,lung,True
CVCL_1535,CVCL_L085,0.4119514226913452,lung,upper_aerodigestive,False
CVCL_1535,CVCL_5160,0.40324923396110535,lung,lung,True
CVCL_1535,CVCL_5048,0.3869726061820984,lung,bile_duct,False
CVCL_1535,CVCL_1492,0.3862842321395874,lung,lung,True
CVCL_1535,CVCL_1812,0.379386305809021,lung,breast,False
CVCL_1535,CVCL_1531,0.36489415168762207,lung,lung,True
CVCL_1535,CVCL_2582,0.36462363600730896,lung,lung,True
CVCL_1535,CVCL_1408,0.36351722478866577,lung,breast,False
CVCL_1535,CVCL_1661,0.3574269413948059,lung,breast,False
CVCL_1536,CVCL_1568,0.6922354102134705,lung,lung,True
CVCL_1536,CVCL_2409,0.6817554831504822,lung,lung,True
CVCL_1536,CVCL_1454,0.6759254932403564,lung,lung,True
CVCL_1536,CVCL_2186,0.6641943454742432,lung,lung,True
CVCL_1536,CVCL_2415,0.6480402946472168,lung,lung,True
CVCL_1536,CVCL_0346,0.6375270485877991,lung,peripheral_nervous_system,False
CVCL_1536,CVCL_1579,0.6359806060791016,lung,lung,True
CVCL_1536,CVCL_1525,0.630404531955719,lung,lung,True
CVCL_1536,CVCL_2058,0.6237690448760986,lung,lung,True
CVCL_1537,CVCL_1655,0.3976597189903259,lung,lung,True
CVCL_1537,CVCL_1476,0.3807699978351593,lung,lung,True
CVCL_1537,CVCL_1472,0.3699055016040802,lung,lung,True
CVCL_1537,CVCL_1508,0.3536900281906128,lung,lung,True
CVCL_1539,CVCL_1454,0.6988108158111572,lung,lung,True
CVCL_1539,CVCL_1525,0.6915606260299683,lung,lung,True
CVCL_1539,CVCL_2418,0.6868714094161987,lung,lung,True
CVCL_1539,CVCL_1565,0.6480982303619385,lung,lung,True
CVCL_1539,CVCL_2415,0.6455380320549011,lung,lung,True
CVCL_1539,CVCL_1598,0.6395242810249329,lung,lung,True
CVCL_1539,CVCL_1522,0.6361530423164368,lung,lung,True
CVCL_1539,CVCL_1140,0.6262372732162476,lung,lung,True
CVCL_1539,CVCL_1455,0.6223272085189819,lung,lung,True
CVCL_1539,CVCL_1471,0.6219049096107483,lung,lung,True
CVCL_1539,CVCL_2919,0.6148736476898193,lung,cervix,False
CVCL_1542,CVCL_1454,0.672673761844635,lung,lung,True
CVCL_1542,CVCL_1522,0.6641455888748169,lung,lung,True
CVCL_1542,CVCL_2415,0.659409761428833,lung,lung,True
CVCL_1542,CVCL_1510,0.6506797075271606,lung,lung,True
CVCL_1542,CVCL_1579,0.6482229232788086,lung,lung,True
CVCL_1542,CVCL_0024,0.6429697275161743,lung,lung,True
CVCL_1542,CVCL_1391,0.6404135227203369,lung,lung,True
CVCL_1542,CVCL_1140,0.6237006187438965,lung,lung,True
CVCL_1542,CVCL_1536,0.6226551532745361,lung,lung,True
CVCL_1542,CVCL_1455,0.6202442049980164,lung,lung,True
CVCL_1542,CVCL_1471,0.6190876960754395,lung,lung,True
CVCL_1543,CVCL_5051,0.4144672453403473,lung,pancreas,False
CVCL_1543,CVCL_2061,0.39147889614105225,lung,lung,True
CVCL_1543,CVCL_1524,0.39137154817581177,lung,lung,True
CVCL_1543,CVCL_1731,0.3889334797859192,lung,lung,True
CVCL_1543,CVCL_1546,0.38453760743141174,lung,lung,True
CVCL_1543,CVCL_1651,0.35755735635757446,lung,lung,True
CVCL_1543,CVCL_6831,0.35010114312171936,lung,lung,True
CVCL_1543,CVCL_1491,0.3393128514289856,lung,lung,True
CVCL_1543,CVCL_1561,0.3316150903701782,lung,lung,True
CVCL_1543,CVCL_5131,0.32593125104904175,lung,lung,True
CVCL_1543,CVCL_1465,0.3144497573375702,lung,lung,True
CVCL_1543,CVCL_5126,0.3140679597854614,lung,lung,True
CVCL_1544,CVCL_2080,0.6054426431655884,lung,lung,True
CVCL_1544,CVCL_1553,0.5366995334625244,lung,lung,True
CVCL_1544,CVCL_2597,0.5145283937454224,lung,lung,True
CVCL_1544,CVCL_2591,0.5120206475257874,lung,lung,True
CVCL_1544,CVCL_2595,0.46163856983184814,lung,lung,True
CVCL_1544,CVCL_2581,0.43615809082984924,lung,lung,True
CVCL_1544,CVCL_1427,0.4188726842403412,lung,lung,True
CVCL_1544,CVCL_2590,0.40913090109825134,lung,lung,True
CVCL_1544,CVCL_2593,0.40756967663764954,lung,lung,True
CVCL_1544,CVCL_2592,0.38420531153678894,lung,lung,True
CVCL_1544,CVCL_VU89,0.3825914263725281,lung,kidney,False
CVCL_1544,CVCL_0090,0.342317134141922,lung,liver,False
CVCL_1545,CVCL_1547,0.4851283133029938,lung,lung,True
CVCL_1545,CVCL_1174,0.4236944615840912,lung,lung,True
CVCL_1545,CVCL_1577,0.4003283381462097,lung,lung,True
CVCL_1545,CVCL_1716,0.36930590867996216,lung,lung,True
CVCL_1545,CVCL_5128,0.35252076387405396,lung,lung,True
CVCL_1545,CVCL_1507,0.3475392758846283,lung,lung,True
CVCL_1545,CVCL_2585,0.3454635739326477,lung,skin,False
CVCL_1545,CVCL_1488,0.34387466311454773,lung,lung,True
CVCL_1545,CVCL_0060,0.3361404538154602,lung,lung,True
CVCL_1545,CVCL_1456,0.335908442735672,lung,lung,True
CVCL_1545,CVCL_1515,0.33006221055984497,lung,lung,True
CVCL_1545,CVCL_0042,0.32747310400009155,lung,bone,False
CVCL_1546,CVCL_1550,0.6356722116470337,lung,lung,True
CVCL_1546,CVCL_2061,0.5096611380577087,lung,lung,True
CVCL_1546,CVCL_6831,0.4639970064163208,lung,lung,True
CVCL_1546,CVCL_5126,0.43333131074905396,lung,lung,True
CVCL_1546,CVCL_5134,0.42911604046821594,lung,lung,True
CVCL_1546,CVCL_5245,0.4172680675983429,lung,colorectal,False
CVCL_1546,CVCL_1651,0.4161677360534668,lung,lung,True
CVCL_1546,CVCL_2063,0.4121425151824951,lung,lung,True
CVCL_1546,CVCL_1265,0.39994016289711,lung,lung,True
CVCL_1546,CVCL_1552,0.39895057678222656,lung,lung,True
CVCL_1547,CVCL_2034,0.41281136870384216,lung,uterus,False
CVCL_1547,CVCL_1759,0.37587326765060425,lung,esophagus,False
CVCL_1547,CVCL_1476,0.3743918240070343,lung,lung,True
CVCL_1547,CVCL_3612,0.3666442632675171,lung,ovary,False
CVCL_1547,CVCL_5128,0.36422985792160034,lung,lung,True
CVCL_1547,CVCL_1456,0.3625553846359253,lung,lung,True
CVCL_1547,CVCL_1577,0.3616750240325928,lung,lung,True
CVCL_1547,CVCL_N586,0.3479130268096924,lung,soft_tissue,False
CVCL_1547,CVCL_1350,0.34589964151382446,lung,esophagus,False
CVCL_1549,CVCL_6831,0.45052841305732727,lung,lung,True
CVCL_1549,CVCL_2752,0.4469260573387146,lung,urinary_tract,False
CVCL_1549,CVCL_0314,0.42743656039237976,lung,skin,False
CVCL_1549,CVCL_3158,0.4185453951358795,lung,ovary,False
CVCL_1549,CVCL_1523,0.4165932536125183,lung,lung,True
CVCL_1549,CVCL_0419,0.41220855712890625,lung,breast,False
CVCL_1549,CVCL_3152,0.4054715931415558,lung,gastric,False
CVCL_1549,CVCL_8065,0.4053694009780884,lung,uterus,False
CVCL_1549,CVCL_1483,0.40398138761520386,lung,lung,True
CVCL_1549,CVCL_1476,0.3897104263305664,lung,lung,True
CVCL_1549,CVCL_2753,0.3824237883090973,lung,urinary_tract,False
CVCL_1550,CVCL_1651,0.5773004293441772,lung,lung,True
CVCL_1550,CVCL_1561,0.5262007117271423,lung,lung,True
CVCL_1550,CVCL_6831,0.5235894322395325,lung,lung,True
CVCL_1550,CVCL_5051,0.4392209053039551,lung,pancreas,False
CVCL_1550,CVCL_2063,0.4368029236793518,lung,lung,True
CVCL_1550,CVCL_5245,0.429614782333374,lung,colorectal,False
CVCL_1550,CVCL_2061,0.42743736505508423,lung,lung,True
CVCL_1550,CVCL_1265,0.38963958621025085,lung,lung,True
CVCL_1550,CVCL_5126,0.38668549060821533,lung,lung,True
CVCL_1550,CVCL_1376,0.3811608552932739,lung,lung,True
CVCL_1550,CVCL_4900,0.3713960647583008,lung,lung,True
CVCL_1551,CVCL_0313,0.4429931938648224,lung,pancreas,False
CVCL_1551,CVCL_3172,0.40885376930236816,lung,pancreas,False
CVCL_1551,CVCL_0152,0.3956282436847687,lung,pancreas,False
CVCL_1551,CVCL_A352,0.39543718099594116,lung,lung,True
CVCL_1551,CVCL_3178,0.39471402764320374,lung,pancreas,False
CVCL_1551,CVCL_1119,0.35760509967803955,lung,pancreas,False
CVCL_1551,CVCL_0434,0.3566892147064209,lung,gastric,False
CVCL_1551,CVCL_1628,0.3552807867527008,lung,ovary,False
CVCL_1551,CVCL_1603,0.34571564197540283,lung,gastric,False
CVCL_1551,CVCL_3084,0.34001022577285767,lung,gastric,False
CVCL_1551,CVCL_0547,0.3392159938812256,lung,colorectal,False
CVCL_1551,CVCL_1634,0.3385530114173889,lung,pancreas,False
CVCL_1551,CVCL_6899,0.3369693458080292,lung,bile_duct,False
CVCL_1551,CVCL_1766,0.33485570549964905,lung,esophagus,False
CVCL_1551,CVCL_4657,0.3333900570869446,lung,uterus,False
CVCL_1552,CVCL_5126,0.4948575496673584,lung,lung,True
CVCL_1552,CVCL_1634,0.4851967990398407,lung,pancreas,False
CVCL_1552,CVCL_1482,0.47651493549346924,lung,lung,True
CVCL_1552,CVCL_3881,0.44005537033081055,lung,pancreas,False
CVCL_1552,CVCL_1731,0.4338241517543793,lung,lung,True
CVCL_1552,CVCL_1131,0.42298784852027893,lung,esophagus,False
CVCL_1552,CVCL_5034,0.4089711904525757,lung,pancreas,False
CVCL_1552,CVCL_3004,0.40239617228507996,lung,pancreas,False
CVCL_1552,CVCL_5160,0.40047645568847656,lung,lung,True
CVCL_1552,CVCL_1652,0.3999733626842499,lung,lung,True
CVCL_1552,CVCL_1524,0.39873242378234863,lung,lung,True
CVCL_1552,CVCL_8098,0.39602506160736084,lung,esophagus,False
CVCL_1552,CVCL_0126,0.3921634256839752,lung,urinary_tract,False
CVCL_1552,CVCL_5005,0.3913302421569824,lung,upper_aerodigestive,False
CVCL_1553,CVCL_2671,0.5191814303398132,lung,lung,True
CVCL_1553,CVCL_2080,0.5174190998077393,lung,lung,True
CVCL_1553,CVCL_2593,0.43698033690452576,lung,lung,True
CVCL_1553,CVCL_2591,0.419820100069046,lung,lung,True
CVCL_1553,CVCL_2597,0.41751629114151,lung,lung,True
CVCL_1553,CVCL_2595,0.39927202463150024,lung,lung,True
CVCL_1553,CVCL_2581,0.3943876326084137,lung,lung,True
CVCL_1553,CVCL_1427,0.37356331944465637,lung,lung,True
CVCL_1553,CVCL_WU66,0.3701479136943817,lung,bone,False
CVCL_1553,CVCL_V617,0.3679996728897095,lung,fibroblast,False
CVCL_1553,CVCL_0366,0.3582511246204376,lung,liver,False
CVCL_1553,CVCL_VU89,0.3522043824195862,lung,kidney,False
CVCL_1555,CVCL_1791,0.6300953030586243,lung,kidney,False
CVCL_1555,CVCL_V612,0.6294232606887817,lung,kidney,False
CVCL_1555,CVCL_5953,0.6136043071746826,lung,kidney,False
CVCL_1555,CVCL_1721,0.6106528639793396,lung,urinary_tract,False
CVCL_1555,CVCL_2984,0.6054174304008484,lung,kidney,False
CVCL_1555,CVCL_V607,0.6002557277679443,lung,kidney,False
CVCL_1555,CVCL_7937,0.5756587386131287,lung,urinary_tract,False
CVCL_1555,CVCL_V610,0.5601708292961121,lung,kidney,False
CVCL_1555,CVCL_7935,0.559817373752594,lung,urinary_tract,False
CVCL_1555,CVCL_2986,0.5561851859092712,lung,kidney,False
CVCL_1555,CVCL_1719,0.5413447618484497,lung,kidney,False
CVCL_1555,CVCL_5957,0.5315390229225159,lung,kidney,False
CVCL_1556,CVCL_1482,0.47321751713752747,lung,lung,True
CVCL_1556,CVCL_1652,0.451162725687027,lung,lung,True
CVCL_1556,CVCL_V613,0.44122469425201416,lung,central_nervous_system,False
CVCL_1556,CVCL_1351,0.4121860861778259,lung,esophagus,False
CVCL_1556,CVCL_4717,0.40509116649627686,lung,pancreas,False
CVCL_1556,CVCL_1086,0.3985796868801117,lung,upper_aerodigestive,False
CVCL_1556,CVCL_5048,0.39676767587661743,lung,bile_duct,False
CVCL_1556,CVCL_0126,0.3917939364910126,lung,urinary_tract,False
CVCL_1556,CVCL_1559,0.3910205662250519,lung,lung,True
CVCL_1556,CVCL_1105,0.38122323155403137,lung,lung,True
CVCL_1556,CVCL_1265,0.37755703926086426,lung,lung,True
CVCL_1556,CVCL_5126,0.37637656927108765,lung,lung,True
CVCL_1556,CVCL_1760,0.3745970129966736,lung,esophagus,False
CVCL_1556,CVCL_3337,0.3703243136405945,lung,esophagus,False
CVCL_1559,CVCL_5048,0.40498724579811096,lung,bile_duct,False
CVCL_1559,CVCL_1482,0.4003954529762268,lung,lung,True
CVCL_1559,CVCL_3337,0.3844502866268158,lung,esophagus,False
CVCL_1559,CVCL_1731,0.37655434012413025,lung,lung,True
CVCL_1559,CVCL_5160,0.37195396423339844,lung,lung,True
CVCL_1559,CVCL_1269,0.35463812947273254,lung,lung,True
CVCL_1559,CVCL_2063,0.3535294532775879,lung,lung,True
CVCL_1559,CVCL_V622,0.3465288579463959,lung,lung,True
CVCL_1559,CVCL_5126,0.3455508351325989,lung,lung,True
CVCL_1561,CVCL_6831,0.5893790125846863,lung,lung,True
CVCL_1561,CVCL_1651,0.5629923343658447,lung,lung,True
CVCL_1561,CVCL_2061,0.4655122756958008,lung,lung,True
CVCL_1561,CVCL_5127,0.4476342499256134,lung,lung,True
CVCL_1561,CVCL_5051,0.4420393705368042,lung,pancreas,False
CVCL_1561,CVCL_5160,0.4157746732234955,lung,lung,True
CVCL_1561,CVCL_5245,0.3994181752204895,lung,colorectal,False
CVCL_1561,CVCL_1494,0.3852771520614624,lung,lung,True
CVCL_1561,CVCL_1546,0.3784042298793793,lung,lung,True
CVCL_1562,CVCL_1140,0.6274174451828003,lung,lung,True
CVCL_1562,CVCL_1454,0.6081129908561707,lung,lung,True
CVCL_1562,CVCL_0024,0.6056017875671387,lung,lung,True
CVCL_1562,CVCL_1458,0.5997405648231506,lung,lung,True
CVCL_1562,CVCL_2415,0.5948175191879272,lung,lung,True
CVCL_1562,CVCL_1536,0.5921221971511841,lung,lung,True
CVCL_1562,CVCL_1568,0.5866027474403381,lung,lung,True
CVCL_1562,CVCL_1542,0.5819719433784485,lung,lung,True
CVCL_1562,CVCL_1522,0.5802992582321167,lung,lung,True
CVCL_1562,CVCL_1579,0.5793457627296448,lung,lung,True
CVCL_1562,CVCL_1391,0.5788736939430237,lung,lung,True
CVCL_1562,CVCL_2186,0.5741108655929565,lung,lung,True
CVCL_1562,CVCL_1389,0.5734254717826843,lung,lung,True
CVCL_1562,CVCL_2141,0.5686665773391724,lung,peripheral_nervous_system,False
CVCL_1564,CVCL_5250,0.8239970803260803,colorectal,colorectal,True
CVCL_1564,CVCL_1980,0.7809514999389648,colorectal,colorectal,True
CVCL_1564,CVCL_5044,0.7468128800392151,colorectal,colorectal,True
CVCL_1564,CVCL_5078,0.746427059173584,colorectal,colorectal,True
CVCL_1564,CVCL_1718,0.7448071241378784,colorectal,colorectal,True
CVCL_1564,CVCL_4645,0.7374029159545898,colorectal,ovary,False
CVCL_1564,CVCL_5111,0.7196981906890869,colorectal,colorectal,True
CVCL_1564,CVCL_8175,0.7194138169288635,colorectal,colorectal,True
CVCL_1564,CVCL_2873,0.7075960040092468,colorectal,colorectal,True
CVCL_1564,CVCL_1708,0.7056470513343811,colorectal,colorectal,True
CVCL_1564,CVCL_9980,0.703787624835968,colorectal,colorectal,True
CVCL_1565,CVCL_1454,0.7035940885543823,lung,lung,True
CVCL_1565,CVCL_1576,0.7011585831642151,lung,prostate,False
CVCL_1565,CVCL_1522,0.6816884875297546,lung,lung,True
CVCL_1565,CVCL_2418,0.6538633704185486,lung,lung,True
CVCL_1565,CVCL_1598,0.6536788940429688,lung,lung,True
CVCL_1566,CVCL_7674,0.5630613565444946,lung,upper_aerodigestive,False
CVCL_1566,CVCL_LJ73,0.49454259872436523,lung,ovary,False
CVCL_1566,CVCL_1175,0.4233168959617615,lung,lung,True
CVCL_1566,CVCL_1507,0.4050966203212738,lung,lung,True
CVCL_1566,CVCL_1455,0.39479386806488037,lung,lung,True
CVCL_1566,CVCL_1503,0.38942021131515503,lung,lung,True
CVCL_1566,CVCL_1141,0.3864246606826782,lung,lung,True
CVCL_1566,CVCL_5071,0.3755357265472412,lung,colorectal,False
CVCL_1566,CVCL_1454,0.372327983379364,lung,lung,True
CVCL_1566,CVCL_2919,0.371890127658844,lung,cervix,False
CVCL_1566,CVCL_1480,0.3718125820159912,lung,lung,True
CVCL_1566,CVCL_1391,0.3689431846141815,lung,lung,True
CVCL_1566,CVCL_1565,0.3684239089488983,lung,lung,True
CVCL_1566,CVCL_1510,0.35312286019325256,lung,lung,True
CVCL_1567,CVCL_1577,0.5389528870582581,lung,lung,True
CVCL_1567,CVCL_1755,0.4958512783050537,lung,soft_tissue,False
CVCL_1567,CVCL_1595,0.4397532045841217,lung,lung,True
CVCL_1567,CVCL_1679,0.40808090567588806,lung,lung,True
CVCL_1567,CVCL_2010,0.4050459563732147,lung,ovary,False
CVCL_1567,CVCL_1458,0.397708535194397,lung,lung,True
CVCL_1567,CVCL_3612,0.3912356495857239,lung,ovary,False
CVCL_1567,CVCL_1542,0.3762328624725342,lung,lung,True
CVCL_1567,CVCL_S987,0.3651908040046692,lung,ovary,False
CVCL_1567,CVCL_VU69,0.36474940180778503,lung,ovary,False
CVCL_1567,CVCL_0077,0.3544454574584961,lung,liver,False
CVCL_1568,CVCL_1454,0.689996063709259,lung,lung,True
CVCL_1568,CVCL_1792,0.6552069187164307,lung,eye,False
CVCL_1568,CVCL_1591,0.6475133895874023,lung,lung,True
CVCL_1568,CVCL_2186,0.6424540877342224,lung,lung,True
CVCL_1568,CVCL_0346,0.6354498267173767,lung,peripheral_nervous_system,False
CVCL_1568,CVCL_1458,0.6354145407676697,lung,lung,True
CVCL_1569,CVCL_2412,0.7433255910873413,lung,lung,True
CVCL_1569,CVCL_1456,0.5252875685691833,lung,lung,True
CVCL_1569,CVCL_1454,0.514774739742279,lung,lung,True
CVCL_1569,CVCL_0024,0.49869537353515625,lung,lung,True
CVCL_1569,CVCL_1507,0.49788540601730347,lung,lung,True
CVCL_1569,CVCL_1389,0.4871904253959656,lung,lung,True
CVCL_1569,CVCL_1503,0.4818327724933624,lung,lung,True
CVCL_1569,CVCL_1455,0.478975772857666,lung,lung,True
CVCL_1569,CVCL_1568,0.47879236936569214,lung,lung,True
CVCL_1569,CVCL_1536,0.47742342948913574,lung,lung,True
CVCL_1569,CVCL_1525,0.476546972990036,lung,lung,True
CVCL_1569,CVCL_1480,0.46842965483665466,lung,lung,True
CVCL_1569,CVCL_1458,0.4665778875350952,lung,lung,True
CVCL_1571,CVCL_5005,0.492878794670105,lung,upper_aerodigestive,False
CVCL_1571,CVCL_5006,0.4610820412635803,lung,upper_aerodigestive,False
CVCL_1571,CVCL_1108,0.43195340037345886,lung,upper_aerodigestive,False
CVCL_1571,CVCL_2224,0.4139723479747772,lung,upper_aerodigestive,False
CVCL_1571,CVCL_L085,0.4099615216255188,lung,upper_aerodigestive,False
CVCL_1571,CVCL_1611,0.40134453773498535,lung,gastric,False
CVCL_1571,CVCL_1270,0.4013315737247467,lung,breast,False
CVCL_1571,CVCL_2977,0.3962216377258301,lung,urinary_tract,False
CVCL_1571,CVCL_2678,0.39378249645233154,lung,upper_aerodigestive,False
CVCL_1571,CVCL_1767,0.3934676945209503,lung,esophagus,False
CVCL_1571,CVCL_1532,0.3881320655345917,lung,lung,True
CVCL_1571,CVCL_1670,0.38601574301719666,lung,urinary_tract,False
CVCL_1571,CVCL_1482,0.38289397954940796,lung,lung,True
CVCL_1571,CVCL_1259,0.3828878402709961,lung,breast,False
CVCL_1571,CVCL_2312,0.38050028681755066,lung,upper_aerodigestive,False
CVCL_1574,CVCL_5723,0.43767687678337097,lung,central_nervous_system,False
CVCL_1574,CVCL_1492,0.39890891313552856,lung,lung,True
CVCL_1574,CVCL_0153,0.3986856937408447,lung,thyroid,False
CVCL_1574,CVCL_1119,0.39826899766921997,lung,pancreas,False
CVCL_1574,CVCL_1472,0.3894772529602051,lung,lung,True
CVCL_1574,CVCL_2447,0.3798050582408905,lung,thyroid,False
CVCL_1574,CVCL_A1UH,0.36986225843429565,lung,pancreas,False
CVCL_1574,CVCL_8067,0.36837655305862427,lung,lung,True
CVCL_1574,CVCL_3509,0.3674958050251007,lung,ovary,False
CVCL_1574,CVCL_1655,0.3586168587207794,lung,lung,True
CVCL_1574,CVCL_2060,0.35752376914024353,lung,lung,True
CVCL_1575,CVCL_1229,0.42473840713500977,lung,soft_tissue,False
CVCL_1575,CVCL_5128,0.3968864381313324,lung,lung,True
CVCL_1575,CVCL_2947,0.3647316098213196,lung,liver,False
CVCL_1575,CVCL_0153,0.3548400104045868,lung,thyroid,False
CVCL_1575,CVCL_1381,0.3322359621524811,lung,skin,False
CVCL_1575,CVCL_0630,0.33128541707992554,lung,lung,True
CVCL_1575,CVCL_1226,0.32868078351020813,lung,central_nervous_system,False
CVCL_1575,CVCL_5063,0.3262360692024231,lung,upper_aerodigestive,False
CVCL_1575,CVCL_5723,0.3206234276294708,lung,central_nervous_system,False
CVCL_1575,CVCL_3954,0.3179567754268646,lung,central_nervous_system,False
CVCL_1575,CVCL_1545,0.31396791338920593,lung,lung,True
CVCL_1575,CVCL_2059,0.3091006875038147,lung,lung,True
CVCL_1575,CVCL_L088,0.307819128036499,lung,lung,True
CVCL_1576,CVCL_1141,0.6497240662574768,prostate,lung,False
CVCL_1576,CVCL_1175,0.6180728673934937,prostate,lung,False
CVCL_1576,CVCL_1455,0.6004330515861511,prostate,lung,False
CVCL_1576,CVCL_1539,0.5935357213020325,prostate,lung,False
CVCL_1576,CVCL_1525,0.5869605541229248,prostate,lung,False
CVCL_1576,CVCL_1454,0.5788761377334595,prostate,lung,False
CVCL_1576,CVCL_1391,0.5755487084388733,prostate,lung,False
CVCL_1576,CVCL_1387,0.5746093988418579,prostate,lung,False
CVCL_1576,CVCL_1471,0.559913694858551,prostate,lung,False
CVCL_1576,CVCL_1128,0.5583897829055786,prostate,lung,False
CVCL_1576,CVCL_1516,0.5551289916038513,prostate,lung,False
CVCL_1577,CVCL_1595,0.5729198455810547,lung,lung,True
CVCL_1577,CVCL_1755,0.4879210591316223,lung,soft_tissue,False
CVCL_1577,CVCL_1542,0.4626689553260803,lung,lung,True
CVCL_1577,CVCL_1679,0.44059881567955017,lung,lung,True
CVCL_1577,CVCL_VU69,0.42177537083625793,lung,ovary,False
CVCL_1577,CVCL_3612,0.42091241478919983,lung,ovary,False
CVCL_1577,CVCL_8005,0.40727511048316956,lung,soft_tissue,False
CVCL_1577,CVCL_1458,0.40565457940101624,lung,lung,True
CVCL_1577,CVCL_RS25,0.4002683460712433,lung,soft_tissue,False
CVCL_1579,CVCL_2415,0.7496436238288879,lung,lung,True
CVCL_1579,CVCL_1454,0.7023470997810364,lung,lung,True
CVCL_1579,CVCL_1510,0.6676775217056274,lung,lung,True
CVCL_1579,CVCL_1175,0.6521485447883606,lung,lung,True
CVCL_1579,CVCL_2186,0.6473345756530762,lung,lung,True
CVCL_1579,CVCL_0024,0.6377560496330261,lung,lung,True
CVCL_1579,CVCL_1391,0.6364932060241699,lung,lung,True
CVCL_1579,CVCL_1598,0.6350536942481995,lung,lung,True
CVCL_1579,CVCL_2058,0.633960485458374,lung,lung,True
CVCL_1581,CVCL_1189,0.46979597210884094,colorectal,gastric,False
CVCL_1581,CVCL_2438,0.46561941504478455,colorectal,lung,False
CVCL_1581,CVCL_1590,0.46007904410362244,colorectal,lung,False
CVCL_1581,CVCL_1082,0.45328813791275024,colorectal,lung,False
CVCL_1581,CVCL_1584,0.452218621969223,colorectal,lung,False
CVCL_1581,CVCL_5129,0.4180493652820587,colorectal,lung,False
CVCL_1581,CVCL_1487,0.4084256589412689,colorectal,lung,False
CVCL_1581,CVCL_3840,0.39329269528388977,colorectal,liver,False
CVCL_1581,CVCL_0364,0.3890947103500366,colorectal,liver,False
CVCL_1581,CVCL_2805,0.38838130235671997,colorectal,liver,False
CVCL_1581,CVCL_1522,0.3849363327026367,colorectal,lung,False
CVCL_1581,CVCL_1391,0.383209228515625,colorectal,lung,False
CVCL_1581,CVCL_3143,0.37535372376441956,colorectal,pancreas,False
CVCL_1581,CVCL_A584,0.37248894572257996,colorectal,lung,False
CVCL_1581,CVCL_0076,0.3632105886936188,colorectal,gastric,False
CVCL_1584,CVCL_2438,0.5893348455429077,lung,lung,True
CVCL_1584,CVCL_1128,0.5359386205673218,lung,lung,True
CVCL_1584,CVCL_1590,0.5275747179985046,lung,lung,True
CVCL_1584,CVCL_5129,0.524253249168396,lung,lung,True
CVCL_1584,CVCL_A584,0.5232294797897339,lung,lung,True
CVCL_1584,CVCL_1175,0.5117616653442383,lung,lung,True
CVCL_1584,CVCL_1190,0.4994371235370636,lung,colorectal,False
CVCL_1584,CVCL_1487,0.48583346605300903,lung,lung,True
CVCL_1584,CVCL_3143,0.48044008016586304,lung,pancreas,False
CVCL_1584,CVCL_1516,0.47281304001808167,lung,lung,True
CVCL_1584,CVCL_1141,0.4719328284263611,lung,lung,True
CVCL_1584,CVCL_1525,0.45779892802238464,lung,lung,True
CVCL_1584,CVCL_1522,0.4555755853652954,lung,lung,True
CVCL_1587,CVCL_1603,0.46595558524131775,colorectal,gastric,False
CVCL_1587,CVCL_EG28,0.44270268082618713,colorectal,colorectal,True
CVCL_1587,CVCL_8098,0.4359090328216553,colorectal,esophagus,False
CVCL_1587,CVCL_A1UI,0.4352496564388275,colorectal,bile_duct,False
CVCL_1587,CVCL_5016,0.4296392798423767,colorectal,colorectal,True
CVCL_1587,CVCL_0471,0.420436292886734,colorectal,esophagus,False
CVCL_1587,CVCL_0248,0.4095412790775299,colorectal,colorectal,True
CVCL_1587,CVCL_1193,0.401773065328598,colorectal,bile_duct,False
CVCL_1587,CVCL_1978,0.39762282371520996,colorectal,colorectal,True
CVCL_1587,CVCL_1979,0.39503899216651917,colorectal,colorectal,True
CVCL_1587,CVCL_5005,0.39378830790519714,colorectal,upper_aerodigestive,False
CVCL_1587,CVCL_1636,0.3896216154098511,colorectal,pancreas,False
CVCL_1587,CVCL_5034,0.3854821026325226,colorectal,pancreas,False
CVCL_1590,CVCL_2438,0.7412195801734924,lung,lung,True
CVCL_1590,CVCL_1522,0.6655905842781067,lung,lung,True
CVCL_1590,CVCL_1175,0.6413793563842773,lung,lung,True
CVCL_1590,CVCL_2415,0.6304307579994202,lung,lung,True
CVCL_1590,CVCL_1525,0.6272714138031006,lung,lung,True
CVCL_1590,CVCL_1454,0.6263068318367004,lung,lung,True
CVCL_1590,CVCL_5129,0.6259608864784241,lung,lung,True
CVCL_1590,CVCL_1140,0.6250718832015991,lung,lung,True
CVCL_1590,CVCL_1473,0.6067610383033752,lung,lung,True
CVCL_1590,CVCL_2418,0.5964799523353577,lung,lung,True
CVCL_1590,CVCL_2186,0.595535159111023,lung,lung,True
CVCL_1591,CVCL_1792,0.7268499732017517,lung,eye,False
CVCL_1591,CVCL_1893,0.7020875215530396,lung,eye,False
CVCL_1591,CVCL_VU79,0.5971214175224304,lung,central_nervous_system,False
CVCL_1591,CVCL_0024,0.5701704621315002,lung,lung,True
CVCL_1591,CVCL_1542,0.5594943165779114,lung,lung,True
CVCL_1591,CVCL_1489,0.5588820576667786,lung,lung,True
CVCL_1591,CVCL_1389,0.5530619025230408,lung,lung,True
CVCL_1591,CVCL_1124,0.552527666091919,lung,peripheral_nervous_system,False
CVCL_1591,CVCL_1536,0.5509248971939087,lung,lung,True
CVCL_1591,CVCL_5602,0.5486948490142822,lung,peripheral_nervous_system,False
CVCL_1594,CVCL_1655,0.44527608156204224,lung,lung,True
CVCL_1594,CVCL_2960,0.39489471912384033,lung,thyroid,False
CVCL_1594,CVCL_1515,0.381124347448349,lung,lung,True
CVCL_1594,CVCL_2604,0.36756354570388794,lung,skin,False
CVCL_1594,CVCL_1052,0.3617095351219177,lung,central_nervous_system,False
CVCL_1594,CVCL_1492,0.3584851324558258,lung,lung,True
CVCL_1594,CVCL_2947,0.3470683991909027,lung,liver,False
CVCL_1594,CVCL_5167,0.3454815745353699,lung,gastric,False
CVCL_1594,CVCL_3001,0.33557114005088806,lung,upper_aerodigestive,False
CVCL_1595,CVCL_1679,0.604337215423584,lung,lung,True
CVCL_1595,CVCL_1755,0.4742727279663086,lung,soft_tissue,False
CVCL_1595,CVCL_1507,0.4142158329486847,lung,lung,True
CVCL_1595,CVCL_2034,0.41037672758102417,lung,uterus,False
CVCL_1595,CVCL_3612,0.40388789772987366,lung,ovary,False
CVCL_1595,CVCL_1542,0.39604973793029785,lung,lung,True
CVCL_1595,CVCL_2584,0.3931806981563568,lung,skin,False
CVCL_1598,CVCL_2415,0.7352516055107117,lung,lung,True
CVCL_1598,CVCL_2418,0.7106677293777466,lung,lung,True
CVCL_1598,CVCL_1525,0.678256094455719,lung,lung,True
CVCL_1598,CVCL_1175,0.6765581965446472,lung,lung,True
CVCL_1598,CVCL_1510,0.6542248129844666,lung,lung,True
CVCL_1600,CVCL_8792,0.7244553565979004,plasma_cell,plasma_cell,True
CVCL_1600,CVCL_1625,0.6625868678092957,plasma_cell,plasma_cell,True
CVCL_1600,CVCL_1806,0.6568772792816162,plasma_cell,plasma_cell,True
CVCL_1600,CVCL_2992,0.6465968489646912,plasma_cell,plasma_cell,True
CVCL_1600,CVCL_5210,0.6450424790382385,plasma_cell,plasma_cell,True
CVCL_1600,CVCL_2124,0.6288784146308899,plasma_cell,plasma_cell,True
CVCL_1600,CVCL_2123,0.6280733346939087,plasma_cell,plasma_cell,True
CVCL_1600,CVCL_5209,0.6200931668281555,plasma_cell,plasma_cell,True
CVCL_1600,CVCL_1823,0.6078882217407227,plasma_cell,plasma_cell,True
CVCL_1600,CVCL_2993,0.5948095321655273,plasma_cell,plasma_cell,True
CVCL_1600,CVCL_E332,0.579573929309845,plasma_cell,plasma_cell,True
CVCL_1600,CVCL_2994,0.5755016803741455,plasma_cell,plasma_cell,True
CVCL_1603,CVCL_E329,0.5218036770820618,gastric,bile_duct,False
CVCL_1603,CVCL_1636,0.5045195817947388,gastric,pancreas,False
CVCL_1603,CVCL_1729,0.4940228760242462,gastric,colorectal,False
CVCL_1603,CVCL_0313,0.47241833806037903,gastric,pancreas,False
CVCL_1603,CVCL_5005,0.4686368703842163,gastric,upper_aerodigestive,False
CVCL_1603,CVCL_8234,0.4589565098285675,gastric,ovary,False
CVCL_1603,CVCL_1633,0.45833805203437805,gastric,pancreas,False
CVCL_1603,CVCL_S507,0.4475893974304199,gastric,pancreas,False
CVCL_1603,CVCL_3517,0.44751840829849243,gastric,pancreas,False
CVCL_1603,CVCL_1482,0.44353336095809937,gastric,lung,False
CVCL_1603,CVCL_0101,0.4393680691719055,gastric,gastric,True
CVCL_1605,CVCL_5627,0.8539692759513855,peripheral_nervous_system,peripheral_nervous_system,True
CVCL_1605,CVCL_6594,0.8371260762214661,peripheral_nervous_system,peripheral_nervous_system,True
CVCL_1605,CVCL_1606,0.7975918054580688,peripheral_nervous_system,peripheral_nervous_system,True
CVCL_1605,CVCL_2092,0.7524623870849609,peripheral_nervous_system,peripheral_nervous_system,True
CVCL_1605,CVCL_1695,0.7284995317459106,peripheral_nervous_system,peripheral_nervous_system,True
CVCL_1605,CVCL_AX42,0.7247617840766907,peripheral_nervous_system,peripheral_nervous_system,True
CVCL_1605,CVCL_AX49,0.7158262729644775,peripheral_nervous_system,peripheral_nervous_system,True
CVCL_1606,CVCL_6594,0.8191897869110107,peripheral_nervous_system,peripheral_nervous_system,True
CVCL_1606,CVCL_5627,0.8185460567474365,peripheral_nervous_system,peripheral_nervous_system,True
CVCL_1606,CVCL_2092,0.8037358522415161,peripheral_nervous_system,peripheral_nervous_system,True
CVCL_1606,CVCL_AX42,0.7621428966522217,peripheral_nervous_system,peripheral_nervous_system,True
CVCL_1606,CVCL_AX49,0.7607839703559875,peripheral_nervous_system,peripheral_nervous_system,True
CVCL_1606,CVCL_1701,0.7552478313446045,peripheral_nervous_system,peripheral_nervous_system,True
CVCL_1606,CVCL_1695,0.7456136345863342,peripheral_nervous_system,peripheral_nervous_system,True
CVCL_1608,CVCL_6735,0.6308208107948303,central_nervous_system,central_nervous_system,True
CVCL_1608,CVCL_2799,0.5355406999588013,central_nervous_system,central_nervous_system,True
CVCL_1608,CVCL_1796,0.5109309554100037,central_nervous_system,central_nervous_system,True
CVCL_1608,CVCL_1R14,0.5106745958328247,central_nervous_system,central_nervous_system,True
CVCL_1608,CVCL_WS73,0.503899872303009,central_nervous_system,central_nervous_system,True
CVCL_1608,CVCL_2297,0.5011189579963684,central_nervous_system,central_nervous_system,True
CVCL_1608,CVCL_2971,0.4982855021953583,central_nervous_system,central_nervous_system,True
CVCL_1608,CVCL_0844,0.48741182684898376,central_nervous_system,central_nervous_system,True
CVCL_1608,CVCL_5033,0.48667123913764954,central_nervous_system,central_nervous_system,True
CVCL_1608,CVCL_3960,0.4753897190093994,central_nervous_system,central_nervous_system,True
CVCL_1608,CVCL_5010,0.467767596244812,central_nervous_system,central_nervous_system,True
CVCL_1609,CVCL_1619,0.7634164690971375,blood,blood,True
CVCL_1609,CVCL_2161,0.7461193799972534,blood,blood,True
CVCL_1609,CVCL_1694,0.7447398900985718,blood,blood,True
CVCL_1609,CVCL_7916,0.7394205331802368,blood,blood,True
CVCL_1609,CVCL_2119,0.7369920015335083,blood,blood,True
CVCL_1609,CVCL_1620,0.6846806406974792,blood,blood,True
CVCL_1609,CVCL_1632,0.6846316456794739,blood,blood,True
CVCL_1610,CVCL_8716,0.5347306132316589,bone,bone,True
CVCL_1610,CVCL_0548,0.35470354557037354,bone,bone,True
CVCL_1610,CVCL_M823,0.3401404619216919,bone,soft_tissue,False
CVCL_1610,CVCL_WU67,0.3155755400657654,bone,soft_tissue,False
CVCL_1610,CVCL_1R17,0.3030778467655182,bone,central_nervous_system,False
CVCL_1610,CVCL_0863,0.3023645877838135,bone,fibroblast,False
CVCL_1610,CVCL_A1UX,0.3006516695022583,bone,bone,True
CVCL_1610,CVCL_WU91,0.288822203874588,bone,soft_tissue,False
CVCL_1610,CVCL_7146,0.2854048013687134,bone,soft_tissue,False
CVCL_1610,CVCL_2909,0.28506165742874146,bone,bone,True
CVCL_1610,CVCL_2798,0.2758786082267761,bone,central_nervous_system,False
CVCL_1610,CVCL_0543,0.27253690361976624,bone,bone,True
CVCL_1610,CVCL_2585,0.2702810764312744,bone,skin,False
CVCL_1610,CVCL_0878,0.2671637237071991,bone,fibroblast,False
CVCL_1611,CVCL_1767,0.5205063223838806,gastric,esophagus,False
CVCL_1611,CVCL_1289,0.5181807279586792,gastric,upper_aerodigestive,False
CVCL_1611,CVCL_1808,0.5137240290641785,gastric,urinary_tract,False
CVCL_1611,CVCL_1287,0.49417269229888916,gastric,upper_aerodigestive,False
CVCL_1611,CVCL_5005,0.4928601086139679,gastric,upper_aerodigestive,False
CVCL_1611,CVCL_3055,0.48799222707748413,gastric,gastric,True
CVCL_1611,CVCL_3160,0.4847482144832611,gastric,upper_aerodigestive,False
CVCL_1611,CVCL_1131,0.4846488833427429,gastric,esophagus,False
CVCL_1611,CVCL_6950,0.4833071529865265,gastric,cervix,False
CVCL_1611,CVCL_3087,0.4799322485923767,gastric,upper_aerodigestive,False
CVCL_1611,CVCL_2465,0.4773309528827667,gastric,upper_aerodigestive,False
CVCL_1611,CVCL_1764,0.47634464502334595,gastric,esophagus,False
CVCL_1611,CVCL_5006,0.4644324779510498,gastric,upper_aerodigestive,False
CVCL_1611,CVCL_2232,0.46253103017807007,gastric,upper_aerodigestive,False
CVCL_1611,CVCL_2748,0.45963749289512634,gastric,urinary_tract,False
CVCL_1612,CVCL_4056,0.4399086833000183,gastric,pancreas,False
CVCL_1612,CVCL_1769,0.3884986639022827,gastric,bile_duct,False
CVCL_1612,CVCL_2253,0.3762925863265991,gastric,cervix,False
CVCL_1612,CVCL_0186,0.3715980052947998,gastric,pancreas,False
CVCL_1612,CVCL_1634,0.3687846064567566,gastric,pancreas,False
CVCL_1612,CVCL_EG34,0.3662432134151459,gastric,colorectal,False
CVCL_1612,CVCL_1417,0.3611766993999481,gastric,gastric,True
CVCL_1612,CVCL_2791,0.3560982942581177,gastric,gastric,True
CVCL_1612,CVCL_1086,0.3509448170661926,gastric,upper_aerodigestive,False
CVCL_1612,CVCL_1383,0.3430180251598358,gastric,colorectal,False
CVCL_1612,CVCL_1293,0.3410917818546295,gastric,cervix,False
CVCL_1612,CVCL_5034,0.33960598707199097,gastric,pancreas,False
CVCL_1612,CVCL_S507,0.338350772857666,gastric,pancreas,False
CVCL_1612,CVCL_A1UI,0.33645281195640564,gastric,bile_duct,False
CVCL_1612,CVCL_A1VE,0.3332774341106415,gastric,bile_duct,False
CVCL_1614,CVCL_4655,0.6097280383110046,ovary,uterus,False
CVCL_1614,CVCL_4649,0.6038961410522461,ovary,ovary,True
CVCL_1614,CVCL_6543,0.5739712119102478,ovary,uterus,False
CVCL_1614,CVCL_1882,0.5584251880645752,ovary,ovary,True
CVCL_1614,CVCL_5014,0.5559413433074951,ovary,ovary,True
CVCL_1614,CVCL_2422,0.5477784276008606,ovary,ovary,True
CVCL_1614,CVCL_2419,0.5402722954750061,ovary,ovary,True
CVCL_1614,CVCL_1627,0.5255386829376221,ovary,ovary,True
CVCL_1614,CVCL_4647,0.5089024305343628,ovary,ovary,True
CVCL_1614,CVCL_3114,0.5069213509559631,ovary,ovary,True
CVCL_1614,CVCL_3110,0.5045512914657593,ovary,ovary,True
CVCL_1614,CVCL_2672,0.49924007058143616,ovary,ovary,True
CVCL_1615,CVCL_3116,0.5835702419281006,ovary,ovary,True
CVCL_1615,CVCL_E063,0.5821967720985413,ovary,uterus,False
CVCL_1615,CVCL_2785,0.5817849040031433,ovary,liver,False
CVCL_1615,CVCL_3111,0.5779232382774353,ovary,ovary,True
CVCL_1615,CVCL_4658,0.5753982067108154,ovary,uterus,False
CVCL_1615,CVCL_2930,0.5488611459732056,ovary,uterus,False
CVCL_1615,CVCL_2927,0.5409117937088013,ovary,uterus,False
CVCL_1615,CVCL_1662,0.5151889324188232,ovary,ovary,True
CVCL_1615,CVCL_3117,0.5120574235916138,ovary,ovary,True
CVCL_1615,CVCL_DH06,0.5007699728012085,ovary,ovary,True
CVCL_1615,CVCL_5007,0.47027483582496643,ovary,uterus,False
CVCL_1616,CVCL_1618,0.9516068696975708,ovary,ovary,True
CVCL_1616,CVCL_0201,0.37215518951416016,ovary,ovary,True
CVCL_1616,CVCL_DH05,0.36437350511550903,ovary,ovary,True
CVCL_1616,CVCL_0202,0.35612910985946655,ovary,ovary,True
CVCL_1616,CVCL_1350,0.35335439443588257,ovary,esophagus,False
CVCL_1616,CVCL_0294,0.35286304354667664,ovary,uterus,False
CVCL_1616,CVCL_5953,0.3472767770290375,ovary,kidney,False
CVCL_1616,CVCL_5126,0.34505143761634827,ovary,lung,False
CVCL_1616,CVCL_E115,0.34382128715515137,ovary,uterus,False
CVCL_1616,CVCL_2047,0.3412913978099823,ovary,ovary,True
CVCL_1616,CVCL_1547,0.33378854393959045,ovary,lung,False
CVCL_1616,CVCL_2682,0.33205148577690125,ovary,ovary,True
CVCL_1616,CVCL_2585,0.3289416432380676,ovary,skin,False
CVCL_1616,CVCL_1167,0.3256181478500366,ovary,central_nervous_system,False
CVCL_1616,CVCL_4657,0.32271063327789307,ovary,uterus,False
CVCL_1618,CVCL_0201,0.36640170216560364,ovary,ovary,True
CVCL_1618,CVCL_5126,0.3563319146633148,ovary,lung,False
CVCL_1618,CVCL_1350,0.3554644286632538,ovary,esophagus,False
CVCL_1618,CVCL_1167,0.3393747806549072,ovary,central_nervous_system,False
CVCL_1618,CVCL_1547,0.33621013164520264,ovary,lung,False
CVCL_1618,CVCL_2585,0.33231815695762634,ovary,skin,False
CVCL_1618,CVCL_DH05,0.3306419849395752,ovary,ovary,True
CVCL_1618,CVCL_0202,0.3274529278278351,ovary,ovary,True
CVCL_1618,CVCL_2682,0.3218117952346802,ovary,ovary,True
CVCL_1618,CVCL_L088,0.32161960005760193,ovary,lung,False
CVCL_1618,CVCL_5953,0.3192155063152313,ovary,kidney,False
CVCL_1618,CVCL_2047,0.31908416748046875,ovary,ovary,True
CVCL_1618,CVCL_0294,0.31870850920677185,ovary,uterus,False
CVCL_1618,CVCL_E115,0.3184848427772522,ovary,uterus,False
CVCL_1619,CVCL_1620,0.7981400489807129,blood,blood,True
CVCL_1619,CVCL_1694,0.7879670262336731,blood,blood,True
CVCL_1619,CVCL_2119,0.7834839820861816,blood,blood,True
CVCL_1619,CVCL_7916,0.7677817344665527,blood,blood,True
CVCL_1619,CVCL_2161,0.7477338910102844,blood,blood,True
CVCL_1619,CVCL_1632,0.7447152137756348,blood,blood,True
CVCL_1619,CVCL_2191,0.6835352778434753,blood,blood,True
CVCL_1620,CVCL_1694,0.7523593306541443,blood,blood,True
CVCL_1620,CVCL_2119,0.7512773275375366,blood,blood,True
CVCL_1620,CVCL_7916,0.7219841480255127,blood,blood,True
CVCL_1620,CVCL_2161,0.7094240188598633,blood,blood,True
CVCL_1620,CVCL_1632,0.6936146020889282,blood,blood,True
CVCL_1620,CVCL_0007,0.6598075032234192,blood,blood,True
CVCL_1622,CVCL_EG22,0.6250788569450378,esophagus,colorectal,False
CVCL_1622,CVCL_1846,0.621182918548584,esophagus,pancreas,False
CVCL_1622,CVCL_0626,0.5778735280036926,esophagus,colorectal,False
CVCL_1622,CVCL_5098,0.5674635767936707,esophagus,colorectal,False
CVCL_1622,CVCL_9980,0.5558781027793884,esophagus,colorectal,False
CVCL_1622,CVCL_8877,0.5547166466712952,esophagus,gastric,False
CVCL_1622,CVCL_4846,0.5518586039543152,esophagus,gastric,False
CVCL_1622,CVCL_5079,0.5378183722496033,esophagus,gastric,False
CVCL_1622,CVCL_4645,0.5302079916000366,esophagus,ovary,False
CVCL_1622,CVCL_3385,0.5295747518539429,esophagus,gastric,False
CVCL_1622,CVCL_5111,0.5289929509162903,esophagus,colorectal,False
CVCL_1624,CVCL_3954,0.3528572916984558,central_nervous_system,central_nervous_system,True
CVCL_1624,CVCL_1052,0.3423449397087097,central_nervous_system,central_nervous_system,True
CVCL_1624,CVCL_0393,0.33735525608062744,central_nervous_system,central_nervous_system,True
CVCL_1624,CVCL_2799,0.33334484696388245,central_nervous_system,central_nervous_system,True
CVCL_1624,CVCL_3955,0.3328412175178528,central_nervous_system,central_nervous_system,True
CVCL_1624,CVCL_1353,0.3306737542152405,central_nervous_system,esophagus,False
CVCL_1624,CVCL_5137,0.33056604862213135,central_nervous_system,lung,False
CVCL_1624,CVCL_1796,0.3304843008518219,central_nervous_system,central_nervous_system,True
CVCL_1624,CVCL_5105,0.33026012778282166,central_nervous_system,upper_aerodigestive,False
CVCL_1624,CVCL_1169,0.32861828804016113,central_nervous_system,central_nervous_system,True
CVCL_1624,CVCL_1763,0.3234536945819855,central_nervous_system,esophagus,False
CVCL_1624,CVCL_1571,0.3213295340538025,central_nervous_system,lung,False
CVCL_1624,CVCL_1167,0.3191951513290405,central_nervous_system,central_nervous_system,True
CVCL_1624,CVCL_1722,0.31439870595932007,central_nervous_system,central_nervous_system,True
CVCL_1624,CVCL_8585,0.31367287039756775,central_nervous_system,central_nervous_system,True
CVCL_1625,CVCL_5210,0.8157652020454407,plasma_cell,plasma_cell,True
CVCL_1625,CVCL_2992,0.7177579998970032,plasma_cell,plasma_cell,True
CVCL_1625,CVCL_2994,0.6477392315864563,plasma_cell,plasma_cell,True
CVCL_1625,CVCL_2996,0.6228821873664856,plasma_cell,plasma_cell,True
CVCL_1625,CVCL_5209,0.6084104180335999,plasma_cell,plasma_cell,True
CVCL_1625,CVCL_1699,0.6070882678031921,plasma_cell,plasma_cell,True
CVCL_1625,CVCL_1806,0.5952435731887817,plasma_cell,plasma_cell,True
CVCL_1625,CVCL_2993,0.5761624574661255,plasma_cell,plasma_cell,True
CVCL_1625,CVCL_8792,0.5743870735168457,plasma_cell,plasma_cell,True
CVCL_1625,CVCL_2030,0.5718063116073608,plasma_cell,plasma_cell,True
CVCL_1625,CVCL_E333,0.556894063949585,plasma_cell,plasma_cell,True
CVCL_1626,CVCL_2985,0.6115346550941467,kidney,kidney,True
CVCL_1626,CVCL_8788,0.6049017310142517,kidney,kidney,True
CVCL_1626,CVCL_5957,0.597072184085846,kidney,kidney,True
CVCL_1626,CVCL_5953,0.594118595123291,kidney,kidney,True
CVCL_1626,CVCL_6186,0.5808371901512146,kidney,kidney,True
CVCL_1626,CVCL_V610,0.5687050223350525,kidney,kidney,True
CVCL_1626,CVCL_1647,0.5550980567932129,kidney,kidney,True
CVCL_1626,CVCL_1719,0.5534322261810303,kidney,kidney,True
CVCL_1626,CVCL_5054,0.5528654456138611,kidney,kidney,True
CVCL_1626,CVCL_2984,0.5457679629325867,kidney,kidney,True
CVCL_1626,CVCL_1721,0.5421090722084045,kidney,urinary_tract,False
CVCL_1626,CVCL_V612,0.5274015665054321,kidney,kidney,True
CVCL_1626,CVCL_5952,0.5236189365386963,kidney,kidney,True
CVCL_1627,CVCL_3114,0.6223065257072449,ovary,ovary,True
CVCL_1627,CVCL_5014,0.6181237101554871,ovary,ovary,True
CVCL_1627,CVCL_4655,0.6106526255607605,ovary,uterus,False
CVCL_1627,CVCL_4649,0.6013884544372559,ovary,ovary,True
CVCL_1627,CVCL_2420,0.5901328325271606,ovary,ovary,True
CVCL_1627,CVCL_2112,0.5662029385566711,ovary,uterus,False
CVCL_1627,CVCL_2422,0.560149073600769,ovary,ovary,True
CVCL_1627,CVCL_B079,0.5547149181365967,ovary,ovary,True
CVCL_1627,CVCL_1882,0.5424440503120422,ovary,ovary,True
CVCL_1627,CVCL_2927,0.5319921970367432,ovary,uterus,False
CVCL_1628,CVCL_LM84,0.5051554441452026,ovary,pancreas,False
CVCL_1628,CVCL_1119,0.49762800335884094,ovary,pancreas,False
CVCL_1628,CVCL_1638,0.46734121441841125,ovary,pancreas,False
CVCL_1628,CVCL_A1UH,0.4548364579677582,ovary,pancreas,False
CVCL_1628,CVCL_5101,0.45353493094444275,ovary,bile_duct,False
CVCL_1628,CVCL_0320,0.45113492012023926,ovary,colorectal,False
CVCL_1628,CVCL_2090,0.4471689760684967,ovary,pancreas,False
CVCL_1628,CVCL_4896,0.44449371099472046,ovary,bile_duct,False
CVCL_1628,CVCL_6899,0.43020200729370117,ovary,bile_duct,False
CVCL_1628,CVCL_5159,0.42766034603118896,ovary,lung,False
CVCL_1628,CVCL_1794,0.42709803581237793,ovary,pancreas,False
CVCL_1628,CVCL_0026,0.42672473192214966,ovary,pancreas,False
CVCL_1628,CVCL_M469,0.4155740439891815,ovary,pancreas,False
CVCL_1629,CVCL_2291,0.4769541621208191,ovary,ovary,True
CVCL_1629,CVCL_B079,0.3904849886894226,ovary,ovary,True
CVCL_1629,CVCL_2585,0.34074631333351135,ovary,skin,False
CVCL_1629,CVCL_5128,0.33468183875083923,ovary,lung,False
CVCL_1629,CVCL_2583,0.3293395936489105,ovary,skin,False
CVCL_1629,CVCL_2594,0.32848650217056274,ovary,lung,False
CVCL_1629,CVCL_2584,0.32422637939453125,ovary,skin,False
CVCL_1629,CVCL_0359,0.32349255681037903,ovary,urinary_tract,False
CVCL_1629,CVCL_1507,0.32243138551712036,ovary,lung,False
CVCL_1629,CVCL_1174,0.3222808539867401,ovary,lung,False
CVCL_1629,CVCL_3015,0.3197782337665558,ovary,lung,False
CVCL_1629,CVCL_1167,0.31503015756607056,ovary,central_nervous_system,False
CVCL_1630,CVCL_1641,0.7812378406524658,blood,blood,True
CVCL_1630,CVCL_2022,0.7229887843132019,blood,blood,True
CVCL_1630,CVCL_1736,0.7166101336479187,blood,blood,True
CVCL_1630,CVCL_1805,0.7072579264640808,blood,blood,True
CVCL_1630,CVCL_1913,0.6985584497451782,blood,blood,True
CVCL_1630,CVCL_1714,0.6772860288619995,blood,blood,True
CVCL_1630,CVCL_1667,0.6719872951507568,blood,blood,True
CVCL_1630,CVCL_1820,0.6463066935539246,blood,blood,True
CVCL_1631,CVCL_1851,0.6052777767181396,blood,blood,True
CVCL_1631,CVCL_1835,0.6050331592559814,blood,blood,True
CVCL_1631,CVCL_0089,0.6050294041633606,blood,blood,True
CVCL_1631,CVCL_1834,0.5899035334587097,blood,blood,True
CVCL_1631,CVCL_1409,0.5832822322845459,blood,blood,True
CVCL_1631,CVCL_0091,0.5794076323509216,blood,blood,True
CVCL_1631,CVCL_0103,0.5516036748886108,blood,blood,True
CVCL_1631,CVCL_0093,0.5418912172317505,blood,blood,True
CVCL_1631,CVCL_1650,0.5400742888450623,blood,blood,True
CVCL_1631,CVCL_1873,0.5338414311408997,blood,blood,True
CVCL_1631,CVCL_0095,0.5315423011779785,blood,blood,True
CVCL_1631,CVCL_S906,0.5211623311042786,blood,blood,True
CVCL_1632,CVCL_2161,0.8202611207962036,blood,blood,True
CVCL_1632,CVCL_1694,0.7415188550949097,blood,blood,True
CVCL_1632,CVCL_2119,0.729736328125,blood,blood,True
CVCL_1632,CVCL_7916,0.7111908793449402,blood,blood,True
CVCL_1633,CVCL_1639,0.5772996544837952,pancreas,pancreas,True
CVCL_1633,CVCL_1634,0.5637659430503845,pancreas,pancreas,True
CVCL_1633,CVCL_S507,0.5488987565040588,pancreas,pancreas,True
CVCL_1633,CVCL_1636,0.5139139294624329,pancreas,pancreas,True
CVCL_1633,CVCL_3810,0.49801015853881836,pancreas,prostate,False
CVCL_1633,CVCL_1638,0.49182671308517456,pancreas,pancreas,True
CVCL_1633,CVCL_1652,0.4890279769897461,pancreas,lung,False
CVCL_1633,CVCL_1635,0.4883725047111511,pancreas,pancreas,True
CVCL_1633,CVCL_1640,0.4763558506965637,pancreas,lung,False
CVCL_1633,CVCL_5034,0.4759899377822876,pancreas,pancreas,True
CVCL_1633,CVCL_M466,0.465837687253952,pancreas,pancreas,True
CVCL_1633,CVCL_1114,0.45043012499809265,pancreas,breast,False
CVCL_1633,CVCL_2310,0.4490427076816559,pancreas,upper_aerodigestive,False
CVCL_1634,CVCL_1681,0.5765957236289978,pancreas,upper_aerodigestive,False
CVCL_1634,CVCL_5034,0.5751033425331116,pancreas,pancreas,True
CVCL_1634,CVCL_A1VE,0.5475101470947266,pancreas,bile_duct,False
CVCL_1634,CVCL_3810,0.5392988920211792,pancreas,prostate,False
CVCL_1634,CVCL_1091,0.5245994925498962,pancreas,prostate,False
CVCL_1634,CVCL_4056,0.5215727090835571,pancreas,pancreas,True
CVCL_1634,CVCL_1086,0.5185248255729675,pancreas,upper_aerodigestive,False
CVCL_1634,CVCL_0186,0.5160807371139526,pancreas,pancreas,True
CVCL_1634,CVCL_1293,0.514039158821106,pancreas,cervix,False
CVCL_1634,CVCL_2722,0.5084425806999207,pancreas,prostate,False
CVCL_1634,CVCL_IZ34,0.5082441568374634,pancreas,breast,False
CVCL_1634,CVCL_S507,0.5040148496627808,pancreas,pancreas,True
CVCL_1635,CVCL_M465,0.6597103476524353,pancreas,pancreas,True
CVCL_1635,CVCL_3020,0.62605881690979,pancreas,ovary,False
CVCL_1635,CVCL_4897,0.520308256149292,pancreas,pancreas,True
CVCL_1635,CVCL_1638,0.5034302473068237,pancreas,pancreas,True
CVCL_1635,CVCL_S507,0.49915456771850586,pancreas,pancreas,True
CVCL_1635,CVCL_0026,0.47335225343704224,pancreas,pancreas,True
CVCL_1635,CVCL_5034,0.4627896249294281,pancreas,pancreas,True
CVCL_1635,CVCL_1637,0.4465530514717102,pancreas,pancreas,True
CVCL_1635,CVCL_1119,0.4444052278995514,pancreas,pancreas,True
CVCL_1635,CVCL_1634,0.44197016954421997,pancreas,pancreas,True
CVCL_1635,CVCL_1300,0.42981410026550293,pancreas,pancreas,True
CVCL_1636,CVCL_3338,0.6463883519172668,pancreas,colorectal,False
CVCL_1636,CVCL_S507,0.6017226576805115,pancreas,pancreas,True
CVCL_1636,CVCL_1638,0.5323158502578735,pancreas,pancreas,True
CVCL_1636,CVCL_5101,0.5079927444458008,pancreas,bile_duct,False
CVCL_1636,CVCL_A1UH,0.49099090695381165,pancreas,pancreas,True
CVCL_1636,CVCL_5034,0.4847654700279236,pancreas,pancreas,True
CVCL_1636,CVCL_5016,0.4809030592441559,pancreas,colorectal,False
CVCL_1636,CVCL_1845,0.47845885157585144,pancreas,pancreas,True
CVCL_1636,CVCL_1849,0.47830474376678467,pancreas,pancreas,True
CVCL_1636,CVCL_0313,0.4765559434890747,pancreas,pancreas,True
CVCL_1636,CVCL_EG28,0.47610464692115784,pancreas,colorectal,False
CVCL_1637,CVCL_M469,0.6111549735069275,pancreas,pancreas,True
CVCL_1637,CVCL_LM84,0.5846940875053406,pancreas,pancreas,True
CVCL_1637,CVCL_S507,0.5818144679069519,pancreas,pancreas,True
CVCL_1637,CVCL_A1UH,0.5711826086044312,pancreas,pancreas,True
CVCL_1637,CVCL_M465,0.5463178753852844,pancreas,pancreas,True
CVCL_1637,CVCL_E329,0.5311378836631775,pancreas,bile_duct,False
CVCL_1637,CVCL_A1VG,0.522125244140625,pancreas,bile_duct,False
CVCL_1637,CVCL_5034,0.5206407308578491,pancreas,pancreas,True
CVCL_1637,CVCL_5065,0.4738272428512573,pancreas,bile_duct,False
CVCL_1637,CVCL_1849,0.4728640913963318,pancreas,pancreas,True
CVCL_1637,CVCL_1709,0.4658350646495819,pancreas,colorectal,False
CVCL_1637,CVCL_0313,0.4618688225746155,pancreas,pancreas,True
CVCL_1637,CVCL_0609,0.45926761627197266,pancreas,lung,False
CVCL_1638,CVCL_S507,0.5699886679649353,pancreas,pancreas,True
CVCL_1638,CVCL_5034,0.555694043636322,pancreas,pancreas,True
CVCL_1638,CVCL_A1UH,0.5468299388885498,pancreas,pancreas,True
CVCL_1638,CVCL_3020,0.5119932293891907,pancreas,ovary,False
CVCL_1638,CVCL_A1VG,0.5078939199447632,pancreas,bile_duct,False
CVCL_1638,CVCL_2090,0.5021044015884399,pancreas,pancreas,True
CVCL_1638,CVCL_A1VC,0.4913995862007141,pancreas,bile_duct,False
CVCL_1638,CVCL_1794,0.4835398197174072,pancreas,pancreas,True
CVCL_1639,CVCL_4717,0.44283872842788696,pancreas,pancreas,True
CVCL_1639,CVCL_1640,0.4387744963169098,pancreas,lung,False
CVCL_1639,CVCL_1769,0.4280397295951843,pancreas,bile_duct,False
CVCL_1639,CVCL_1603,0.4270457327365875,pancreas,gastric,False
CVCL_1639,CVCL_1636,0.42066359519958496,pancreas,pancreas,True
CVCL_1639,CVCL_1635,0.4203437566757202,pancreas,pancreas,True
CVCL_1639,CVCL_S507,0.41910502314567566,pancreas,pancreas,True
CVCL_1639,CVCL_5016,0.41895946860313416,pancreas,colorectal,False
CVCL_1639,CVCL_1638,0.4172264635562897,pancreas,pancreas,True
CVCL_1639,CVCL_1105,0.41614192724227905,pancreas,lung,False
CVCL_1639,CVCL_1634,0.41552552580833435,pancreas,pancreas,True
CVCL_1640,CVCL_B260,0.6299682259559631,lung,lung,True
CVCL_1640,CVCL_3158,0.5423491597175598,lung,ovary,False
CVCL_1640,CVCL_1769,0.5060204267501831,lung,bile_duct,False
CVCL_1640,CVCL_1482,0.4914320409297943,lung,lung,True
CVCL_1640,CVCL_1652,0.47690996527671814,lung,lung,True
CVCL_1640,CVCL_2077,0.4657430648803711,lung,breast,False
CVCL_1640,CVCL_0290,0.46097779273986816,lung,breast,False
CVCL_1640,CVCL_1105,0.42382490634918213,lung,lung,True
CVCL_1640,CVCL_0026,0.42286351323127747,lung,pancreas,False
CVCL_1640,CVCL_V613,0.4192579388618469,lung,central_nervous_system,False
CVCL_1640,CVCL_2465,0.416336327791214,lung,upper_aerodigestive,False
CVCL_1640,CVCL_VV27,0.41415080428123474,lung,bile_duct,False
CVCL_1640,CVCL_S507,0.4111952483654022,lung,pancreas,False
CVCL_1641,CVCL_1714,0.7351329922676086,blood,blood,True
CVCL_1641,CVCL_1913,0.7022385001182556,blood,blood,True
CVCL_1641,CVCL_2022,0.691957950592041,blood,blood,True
CVCL_1641,CVCL_1667,0.6906477808952332,blood,blood,True
CVCL_1641,CVCL_1736,0.6623972654342651,blood,blood,True
CVCL_1641,CVCL_1820,0.6390483379364014,blood,blood,True
CVCL_1641,CVCL_1805,0.6311847567558289,blood,blood,True
CVCL_1641,CVCL_1380,0.5389842987060547,blood,blood,True
CVCL_1642,CVCL_B3PL,0.5825977921485901,central_nervous_system,soft_tissue,False
CVCL_1642,CVCL_1754,0.5290667414665222,central_nervous_system,soft_tissue,False
CVCL_1642,CVCL_6C44,0.3566974699497223,central_nervous_system,soft_tissue,False
CVCL_1642,CVCL_YU13,0.35459616780281067,central_nervous_system,peripheral_nervous_system,False
CVCL_1642,CVCL_WU67,0.3285139501094818,central_nervous_system,soft_tissue,False
CVCL_1642,CVCL_1503,0.32494592666625977,central_nervous_system,lung,False
CVCL_1642,CVCL_X981,0.32134363055229187,central_nervous_system,bone,False
CVCL_1642,CVCL_2141,0.317666620016098,central_nervous_system,peripheral_nervous_system,False
CVCL_1642,CVCL_2105,0.31668612360954285,central_nervous_system,peripheral_nervous_system,False
CVCL_1642,CVCL_0090,0.3128182888031006,central_nervous_system,liver,False
CVCL_1642,CVCL_1606,0.30342671275138855,central_nervous_system,peripheral_nervous_system,False
CVCL_1642,CVCL_1Y70,0.3014410138130188,central_nervous_system,peripheral_nervous_system,False
CVCL_1642,CVCL_V616,0.30132031440734863,central_nervous_system,central_nervous_system,True
CVCL_1642,CVCL_1340,0.2973402142524719,central_nervous_system,peripheral_nervous_system,False
CVCL_1642,CVCL_5916,0.2963480055332184,central_nervous_system,soft_tissue,False
CVCL_1644,CVCL_5159,0.49914199113845825,pancreas,lung,False
CVCL_1644,CVCL_2090,0.431950181722641,pancreas,pancreas,True
CVCL_1644,CVCL_M469,0.4054238498210907,pancreas,pancreas,True
CVCL_1644,CVCL_A1UH,0.3800010681152344,pancreas,pancreas,True
CVCL_1644,CVCL_3881,0.37512558698654175,pancreas,pancreas,True
CVCL_1644,CVCL_6748,0.3750922679901123,pancreas,pancreas,True
CVCL_1644,CVCL_1119,0.37415561079978943,pancreas,pancreas,True
CVCL_1644,CVCL_0237,0.3692342936992645,pancreas,pancreas,True
CVCL_1644,CVCL_1628,0.3523317873477936,pancreas,ovary,False
CVCL_1644,CVCL_4846,0.34827789664268494,pancreas,gastric,False
CVCL_1644,CVCL_1392,0.341211199760437,pancreas,lung,False
CVCL_1644,CVCL_1638,0.3394239544868469,pancreas,pancreas,True
CVCL_1644,CVCL_1794,0.33921340107917786,pancreas,pancreas,True
CVCL_1647,CVCL_5953,0.6397305727005005,kidney,kidney,True
CVCL_1647,CVCL_1721,0.6079040169715881,kidney,urinary_tract,False
CVCL_1647,CVCL_8788,0.6074516773223877,kidney,kidney,True
CVCL_1647,CVCL_5957,0.6071202754974365,kidney,kidney,True
CVCL_1647,CVCL_1791,0.5842737555503845,kidney,kidney,True
CVCL_1647,CVCL_V610,0.55977863073349,kidney,kidney,True
CVCL_1647,CVCL_V612,0.5464908480644226,kidney,kidney,True
CVCL_1647,CVCL_2742,0.5445769429206848,kidney,kidney,True
CVCL_1647,CVCL_1719,0.5263985395431519,kidney,kidney,True
CVCL_1647,CVCL_5952,0.5191768407821655,kidney,kidney,True
CVCL_1647,CVCL_6186,0.487180233001709,kidney,kidney,True
CVCL_1647,CVCL_2984,0.4832610785961151,kidney,kidney,True
CVCL_1647,CVCL_1050,0.4830223321914673,kidney,kidney,True
CVCL_1647,CVCL_2985,0.47073954343795776,kidney,kidney,True
CVCL_1648,CVCL_5002,0.7251690626144409,colorectal,colorectal,True
CVCL_1648,CVCL_1386,0.71138995885849,colorectal,colorectal,True
CVCL_1648,CVCL_1980,0.6661449074745178,colorectal,colorectal,True
CVCL_1648,CVCL_4645,0.6604195237159729,colorectal,ovary,False
CVCL_1648,CVCL_5250,0.6581979990005493,colorectal,colorectal,True
CVCL_1648,CVCL_5078,0.6553313136100769,colorectal,colorectal,True
CVCL_1648,CVCL_1718,0.6544190645217896,colorectal,colorectal,True
CVCL_1648,CVCL_0545,0.6541088819503784,colorectal,colorectal,True
CVCL_1648,CVCL_1982,0.6508322954177856,colorectal,colorectal,True
CVCL_1648,CVCL_5038,0.6458077430725098,colorectal,bile_duct,False
CVCL_1648,CVCL_0555,0.6422260403633118,colorectal,colorectal,True
CVCL_1648,CVCL_8175,0.6420436501502991,colorectal,colorectal,True
CVCL_1649,CVCL_L510,0.6988838911056519,soft_tissue,soft_tissue,True
CVCL_1649,CVCL_M599,0.6777974963188171,soft_tissue,soft_tissue,True
CVCL_1649,CVCL_A770,0.6698194742202759,soft_tissue,soft_tissue,True
CVCL_1649,CVCL_V415,0.6417885422706604,soft_tissue,soft_tissue,True
CVCL_1649,CVCL_VU81,0.5845690965652466,soft_tissue,soft_tissue,True
CVCL_1649,CVCL_2176,0.5569276809692383,soft_tissue,soft_tissue,True
CVCL_1649,CVCL_1659,0.5352264642715454,soft_tissue,soft_tissue,True
CVCL_1649,CVCL_5916,0.5288137793540955,soft_tissue,soft_tissue,True
CVCL_1649,CVCL_B255,0.5179059505462646,soft_tissue,soft_tissue,True
CVCL_1649,CVCL_A667,0.47428029775619507,soft_tissue,soft_tissue,True
CVCL_1649,CVCL_8752,0.4697013795375824,soft_tissue,soft_tissue,True
CVCL_1649,CVCL_RT33,0.4217333495616913,soft_tissue,soft_tissue,True
CVCL_1649,CVCL_N820,0.40998411178588867,soft_tissue,soft_tissue,True
CVCL_1650,CVCL_1835,0.6755871772766113,blood,blood,True
CVCL_1650,CVCL_1873,0.656770646572113,blood,blood,True
CVCL_1650,CVCL_1834,0.6306737661361694,blood,blood,True
CVCL_1650,CVCL_8227,0.6273053884506226,blood,blood,True
CVCL_1650,CVCL_1409,0.6233745217323303,blood,blood,True
CVCL_1650,CVCL_1851,0.6127468347549438,blood,blood,True
CVCL_1650,CVCL_0590,0.5961000919342041,blood,blood,True
CVCL_1651,CVCL_6831,0.4938810467720032,lung,lung,True
CVCL_1651,CVCL_5051,0.4869498014450073,lung,pancreas,False
CVCL_1651,CVCL_2061,0.4121217131614685,lung,lung,True
CVCL_1651,CVCL_5160,0.39963778853416443,lung,lung,True
CVCL_1651,CVCL_5134,0.3920022249221802,lung,lung,True
CVCL_1651,CVCL_1731,0.39155685901641846,lung,lung,True
CVCL_1652,CVCL_2465,0.557084858417511,lung,upper_aerodigestive,False
CVCL_1652,CVCL_5034,0.5210192799568176,lung,pancreas,False
CVCL_1652,CVCL_4717,0.5114426016807556,lung,pancreas,False
CVCL_1652,CVCL_1684,0.5020081996917725,lung,upper_aerodigestive,False
CVCL_1652,CVCL_1634,0.4947417676448822,lung,pancreas,False
CVCL_1652,CVCL_3158,0.4915371835231781,lung,ovary,False
CVCL_1654,CVCL_1812,0.5005221366882324,lung,breast,False
CVCL_1654,CVCL_1782,0.44646745920181274,lung,breast,False
CVCL_1654,CVCL_3946,0.44521406292915344,lung,gastric,False
CVCL_1654,CVCL_3423,0.4252208173274994,lung,breast,False
CVCL_1654,CVCL_0588,0.41049572825431824,lung,breast,False
CVCL_1654,CVCL_1661,0.4021400511264801,lung,breast,False
CVCL_1654,CVCL_4717,0.3949137330055237,lung,pancreas,False
CVCL_1655,CVCL_L088,0.419883668422699,lung,lung,True
CVCL_1655,CVCL_1478,0.41418567299842834,lung,lung,True
CVCL_1655,CVCL_2788,0.4095049500465393,lung,liver,False
CVCL_1655,CVCL_2057,0.4093139171600342,lung,lung,True
CVCL_1655,CVCL_1508,0.39889809489250183,lung,lung,True
CVCL_1656,CVCL_1766,0.4555486738681793,lung,esophagus,False
CVCL_1656,CVCL_2798,0.4104291796684265,lung,central_nervous_system,False
CVCL_1656,CVCL_1760,0.3992980420589447,lung,esophagus,False
CVCL_1656,CVCL_5010,0.38287970423698425,lung,central_nervous_system,False
CVCL_1656,CVCL_1226,0.3706185519695282,lung,central_nervous_system,False
CVCL_1656,CVCL_0317,0.3690379559993744,lung,soft_tissue,False
CVCL_1656,CVCL_1655,0.3689780831336975,lung,lung,True
CVCL_1656,CVCL_1715,0.3543826937675476,lung,central_nervous_system,False
CVCL_1656,CVCL_1167,0.3477981686592102,lung,central_nervous_system,False
CVCL_1656,CVCL_1809,0.3464007079601288,lung,bone,False
CVCL_1656,CVCL_1R17,0.34634000062942505,lung,central_nervous_system,False
CVCL_1659,CVCL_B255,0.6423164010047913,soft_tissue,soft_tissue,True
CVCL_1659,CVCL_V415,0.5066326856613159,soft_tissue,soft_tissue,True
CVCL_1659,CVCL_A1UY,0.4888118505477905,soft_tissue,soft_tissue,True
CVCL_1659,CVCL_M599,0.48771852254867554,soft_tissue,soft_tissue,True
CVCL_1659,CVCL_A770,0.4849013388156891,soft_tissue,soft_tissue,True
CVCL_1659,CVCL_L510,0.4771954417228699,soft_tissue,soft_tissue,True
CVCL_1659,CVCL_0878,0.4720456600189209,soft_tissue,fibroblast,False
CVCL_1659,CVCL_0933,0.45396652817726135,soft_tissue,fibroblast,False
CVCL_1659,CVCL_2182,0.4518548250198364,soft_tissue,fibroblast,False
CVCL_1659,CVCL_1038,0.43999290466308594,soft_tissue,fibroblast,False
CVCL_1659,CVCL_0932,0.4342588782310486,soft_tissue,fibroblast,False
CVCL_1659,CVCL_0871,0.433847039937973,soft_tissue,soft_tissue,True
CVCL_1659,CVCL_1795,0.43098944425582886,soft_tissue,central_nervous_system,False
CVCL_1660,CVCL_1819,0.7721671462059021,lymphocyte,lymphocyte,True
CVCL_1660,CVCL_1902,0.7668347954750061,lymphocyte,lymphocyte,True
CVCL_1660,CVCL_B371,0.753345251083374,lymphocyte,lymphocyte,True
CVCL_1660,CVCL_1861,0.7223691344261169,lymphocyte,lymphocyte,True
CVCL_1660,CVCL_1881,0.7217593789100647,lymphocyte,lymphocyte,True
CVCL_1660,CVCL_2206,0.7178745269775391,lymphocyte,lymphocyte,True
CVCL_1660,CVCL_1735,0.7131560444831848,lymphocyte,lymphocyte,True
CVCL_1660,CVCL_1889,0.7101511359214783,lymphocyte,lymphocyte,True
CVCL_1660,CVCL_2676,0.7050984501838684,lymphocyte,lymphocyte,True
CVCL_1661,CVCL_1812,0.6584880352020264,breast,breast,True
CVCL_1661,CVCL_1781,0.5659093856811523,breast,breast,True
CVCL_1661,CVCL_2062,0.5170024633407593,breast,breast,True
CVCL_1661,CVCL_3425,0.4978209435939789,breast,breast,True
CVCL_1661,CVCL_3423,0.48019593954086304,breast,breast,True
CVCL_1661,CVCL_1782,0.467088907957077,breast,breast,True
CVCL_1662,CVCL_3111,0.5685078501701355,ovary,ovary,True
CVCL_1662,CVCL_3116,0.5627365708351135,ovary,ovary,True
CVCL_1662,CVCL_E063,0.5603511333465576,ovary,uterus,False
CVCL_1662,CVCL_4658,0.553178071975708,ovary,uterus,False
CVCL_1662,CVCL_DH06,0.5319899320602417,ovary,ovary,True
CVCL_1662,CVCL_2785,0.5288463234901428,ovary,liver,False
CVCL_1662,CVCL_2927,0.5098774433135986,ovary,uterus,False
CVCL_1662,CVCL_5007,0.4605395197868347,ovary,uterus,False
CVCL_1662,CVCL_0029,0.44996997714042664,ovary,ovary,True
CVCL_1662,CVCL_1304,0.4491017758846283,ovary,ovary,True
CVCL_1662,CVCL_2930,0.41657519340515137,ovary,uterus,False
CVCL_1662,CVCL_0532,0.41142499446868896,ovary,ovary,True
CVCL_1662,CVCL_3867,0.3926304578781128,ovary,uterus,False
CVCL_1662,CVCL_1191,0.3895699083805084,ovary,uterus,False
CVCL_1664,CVCL_1174,0.2406996637582779,upper_aerodigestive,lung,False
CVCL_1664,CVCL_1350,0.23636436462402344,upper_aerodigestive,esophagus,False
CVCL_1664,CVCL_4656,0.23493246734142303,upper_aerodigestive,uterus,False
CVCL_1664,CVCL_N586,0.23015742003917694,upper_aerodigestive,soft_tissue,False
CVCL_1664,CVCL_1391,0.2280253767967224,upper_aerodigestive,lung,False
CVCL_1664,CVCL_1484,0.22761668264865875,upper_aerodigestive,lung,False
CVCL_1664,CVCL_LJ73,0.22734412550926208,upper_aerodigestive,ovary,False
CVCL_1664,CVCL_1507,0.22675247490406036,upper_aerodigestive,lung,False
CVCL_1664,CVCL_1537,0.22652600705623627,upper_aerodigestive,lung,False
CVCL_1664,CVCL_1140,0.22388425469398499,upper_aerodigestive,lung,False
CVCL_1664,CVCL_1Y70,0.22383472323417664,upper_aerodigestive,peripheral_nervous_system,False
CVCL_1664,CVCL_1655,0.22050835192203522,upper_aerodigestive,lung,False
CVCL_1664,CVCL_1481,0.2181284874677658,upper_aerodigestive,lung,False
CVCL_1664,CVCL_1454,0.2168533205986023,upper_aerodigestive,lung,False
CVCL_1666,CVCL_1734,0.4697404205799103,skin,soft_tissue,False
CVCL_1666,CVCL_5723,0.4612746238708496,skin,central_nervous_system,False
CVCL_1666,CVCL_WU66,0.45951104164123535,skin,bone,False
CVCL_1666,CVCL_0332,0.44776639342308044,skin,breast,False
CVCL_1666,CVCL_3603,0.44736015796661377,skin,thyroid,False
CVCL_1666,CVCL_0827,0.4416912794113159,skin,fibroblast,False
CVCL_1666,CVCL_V414,0.44116589426994324,skin,soft_tissue,False
CVCL_1666,CVCL_0993,0.4395352303981781,skin,fibroblast,False
CVCL_1666,CVCL_0941,0.4372154772281647,skin,fibroblast,False
CVCL_1666,CVCL_0846,0.42890626192092896,skin,fibroblast,False
CVCL_1666,CVCL_0932,0.42326661944389343,skin,fibroblast,False
CVCL_1666,CVCL_1173,0.42250022292137146,skin,central_nervous_system,False
CVCL_1666,CVCL_3605,0.419469952583313,skin,fibroblast,False
CVCL_1666,CVCL_0966,0.41705450415611267,skin,fibroblast,False
CVCL_1667,CVCL_1913,0.6688077449798584,blood,blood,True
CVCL_1667,CVCL_1736,0.6136606931686401,blood,blood,True
CVCL_1667,CVCL_1805,0.6007547378540039,blood,blood,True
CVCL_1667,CVCL_2022,0.5673907995223999,blood,blood,True
CVCL_1667,CVCL_1424,0.5457549691200256,blood,blood,True
CVCL_1667,CVCL_1820,0.5383785963058472,blood,blood,True
CVCL_1667,CVCL_1714,0.529530942440033,blood,blood,True
CVCL_1667,CVCL_1126,0.481401652097702,blood,blood,True
CVCL_1670,CVCL_2714,0.8908562064170837,urinary_tract,urinary_tract,True
CVCL_1670,CVCL_2743,0.7632524371147156,urinary_tract,urinary_tract,True
CVCL_1670,CVCL_1728,0.6291465759277344,urinary_tract,urinary_tract,True
CVCL_1670,CVCL_1808,0.6219139099121094,urinary_tract,urinary_tract,True
CVCL_1670,CVCL_2977,0.6130847334861755,urinary_tract,urinary_tract,True
CVCL_1670,CVCL_1767,0.5765255093574524,urinary_tract,esophagus,False
CVCL_1670,CVCL_5006,0.5475838780403137,urinary_tract,upper_aerodigestive,False
CVCL_1670,CVCL_4056,0.5470194816589355,urinary_tract,pancreas,False
CVCL_1670,CVCL_1083,0.5453833341598511,urinary_tract,urinary_tract,True
CVCL_1670,CVCL_2748,0.5340452194213867,urinary_tract,urinary_tract,True
CVCL_1670,CVCL_2232,0.5314815640449524,urinary_tract,upper_aerodigestive,False
CVCL_1670,CVCL_5005,0.5306524038314819,urinary_tract,upper_aerodigestive,False
CVCL_1670,CVCL_2747,0.5289133191108704,urinary_tract,urinary_tract,True
CVCL_1672,CVCL_A341,0.8022541999816895,skin,skin,True
CVCL_1672,CVCL_5951,0.78936368227005,skin,skin,True
CVCL_1672,CVCL_1779,0.7637849450111389,skin,skin,True
CVCL_1672,CVCL_2950,0.7377095818519592,skin,skin,True
CVCL_1672,CVCL_1692,0.7366583943367004,skin,skin,True
CVCL_1672,CVCL_2765,0.7348505258560181,skin,skin,True
CVCL_1672,CVCL_3962,0.7337422966957092,skin,central_nervous_system,False
CVCL_1672,CVCL_2408,0.728683590888977,skin,skin,True
CVCL_1672,CVCL_2608,0.7238168716430664,skin,skin,True
CVCL_1672,CVCL_2610,0.717685878276825,skin,skin,True
CVCL_1674,CVCL_2447,0.5692784786224365,soft_tissue,thyroid,False
CVCL_1674,CVCL_WU66,0.5028790831565857,soft_tissue,bone,False
CVCL_1674,CVCL_U613,0.477837473154068,soft_tissue,soft_tissue,True
CVCL_1674,CVCL_5723,0.453461229801178,soft_tissue,central_nervous_system,False
CVCL_1674,CVCL_3509,0.45074227452278137,soft_tissue,ovary,False
CVCL_1674,CVCL_A1UY,0.44554921984672546,soft_tissue,soft_tissue,True
CVCL_1674,CVCL_VU89,0.4400028586387634,soft_tissue,kidney,False
CVCL_1674,CVCL_3954,0.4378490447998047,soft_tissue,central_nervous_system,False
CVCL_1674,CVCL_C303,0.4329169988632202,soft_tissue,eye,False
CVCL_1674,CVCL_5069,0.42887941002845764,soft_tissue,central_nervous_system,False
CVCL_1674,CVCL_1229,0.4206711947917938,soft_tissue,soft_tissue,True
CVCL_1674,CVCL_4849,0.41851910948753357,soft_tissue,gastric,False
CVCL_1674,CVCL_0153,0.4010572135448456,soft_tissue,thyroid,False
CVCL_1675,CVCL_2681,0.6926651000976562,upper_aerodigestive,upper_aerodigestive,True
CVCL_1675,CVCL_1063,0.6659151315689087,upper_aerodigestive,epidermoid_carcinoma,False
CVCL_1675,CVCL_1107,0.6634946465492249,upper_aerodigestive,upper_aerodigestive,True
CVCL_1675,CVCL_2679,0.6560960412025452,upper_aerodigestive,upper_aerodigestive,True
CVCL_1675,CVCL_0037,0.6439212560653687,upper_aerodigestive,skin,False
CVCL_1675,CVCL_2222,0.6359245777130127,upper_aerodigestive,upper_aerodigestive,True
CVCL_1675,CVCL_3599,0.6355616450309753,upper_aerodigestive,urinary_tract,False
CVCL_1675,CVCL_1102,0.6299646496772766,upper_aerodigestive,upper_aerodigestive,True
CVCL_1675,CVCL_2229,0.6270827054977417,upper_aerodigestive,upper_aerodigestive,True
CVCL_1675,CVCL_2313,0.6270348429679871,upper_aerodigestive,upper_aerodigestive,True
CVCL_1675,CVCL_1091,0.6228681802749634,upper_aerodigestive,prostate,False
CVCL_1675,CVCL_2680,0.6142855882644653,upper_aerodigestive,upper_aerodigestive,True
CVCL_1675,CVCL_1761,0.61400306224823,upper_aerodigestive,esophagus,False
CVCL_1675,CVCL_1293,0.6000869274139404,upper_aerodigestive,cervix,False
CVCL_1675,CVCL_2943,0.5950855612754822,upper_aerodigestive,skin,False
CVCL_1679,CVCL_1755,0.4262145757675171,lung,soft_tissue,False
CVCL_1679,CVCL_1174,0.40873056650161743,lung,lung,True
CVCL_1679,CVCL_2059,0.40842458605766296,lung,lung,True
CVCL_1679,CVCL_2010,0.39737504720687866,lung,ovary,False
CVCL_1679,CVCL_S987,0.36992010474205017,lung,ovary,False
CVCL_1679,CVCL_2949,0.3687952756881714,lung,breast,False
CVCL_1679,CVCL_2960,0.367758572101593,lung,thyroid,False
CVCL_1681,CVCL_2229,0.8343043327331543,upper_aerodigestive,upper_aerodigestive,True
CVCL_1681,CVCL_2313,0.7661802768707275,upper_aerodigestive,upper_aerodigestive,True
CVCL_1681,CVCL_2310,0.7416495084762573,upper_aerodigestive,upper_aerodigestive,True
CVCL_1681,CVCL_1685,0.7309095859527588,upper_aerodigestive,upper_aerodigestive,True
CVCL_1681,CVCL_2457,0.7290059924125671,upper_aerodigestive,upper_aerodigestive,True
CVCL_1681,CVCL_2722,0.7259852886199951,upper_aerodigestive,prostate,False
CVCL_1681,CVCL_2222,0.7123553156852722,upper_aerodigestive,upper_aerodigestive,True
CVCL_1681,CVCL_A1VE,0.7102609872817993,upper_aerodigestive,bile_duct,False
CVCL_1681,CVCL_2308,0.7031027674674988,upper_aerodigestive,upper_aerodigestive,True
CVCL_1681,CVCL_2226,0.7020309567451477,upper_aerodigestive,upper_aerodigestive,True
CVCL_1681,CVCL_3599,0.7003798484802246,upper_aerodigestive,urinary_tract,False
CVCL_1681,CVCL_2679,0.6998798847198486,upper_aerodigestive,upper_aerodigestive,True
CVCL_1682,CVCL_2679,0.7676370739936829,upper_aerodigestive,upper_aerodigestive,True
CVCL_1682,CVCL_2222,0.7543572783470154,upper_aerodigestive,upper_aerodigestive,True
CVCL_1682,CVCL_2661,0.723700225353241,upper_aerodigestive,esophagus,False
CVCL_1682,CVCL_2221,0.7208394408226013,upper_aerodigestive,upper_aerodigestive,True
CVCL_1682,CVCL_1063,0.7159771919250488,upper_aerodigestive,epidermoid_carcinoma,False
CVCL_1682,CVCL_2680,0.7060301899909973,upper_aerodigestive,upper_aerodigestive,True
CVCL_1682,CVCL_2681,0.6919088959693909,upper_aerodigestive,upper_aerodigestive,True
CVCL_1682,CVCL_2943,0.6783389449119568,upper_aerodigestive,skin,False
CVCL_1682,CVCL_1681,0.671598494052887,upper_aerodigestive,upper_aerodigestive,True
CVCL_1682,CVCL_2229,0.6705678105354309,upper_aerodigestive,upper_aerodigestive,True
CVCL_1682,CVCL_1761,0.6654410362243652,upper_aerodigestive,esophagus,False
CVCL_1682,CVCL_2313,0.6587751507759094,upper_aerodigestive,upper_aerodigestive,True
CVCL_1682,CVCL_5017,0.6553665399551392,upper_aerodigestive,upper_aerodigestive,True
CVCL_1682,CVCL_1107,0.6514440774917603,upper_aerodigestive,upper_aerodigestive,True
CVCL_1683,CVCL_2093,0.4689401388168335,lymphocyte,lymphocyte,True
CVCL_1683,CVCL_1711,0.4335104823112488,lymphocyte,lymphocyte,True
CVCL_1683,CVCL_2098,0.43070539832115173,lymphocyte,lymphocyte,True
CVCL_1683,CVCL_1324,0.39813393354415894,lymphocyte,lymphocyte,True
CVCL_1683,CVCL_2209,0.3967832922935486,lymphocyte,lymphocyte,True
CVCL_1683,CVCL_H614,0.3762456774711609,lymphocyte,lymphocyte,True
CVCL_1683,CVCL_2976,0.3322787880897522,lymphocyte,lymphocyte,True
CVCL_1683,CVCL_8796,0.3160437345504761,lymphocyte,lymphocyte,True
CVCL_1683,CVCL_2541,0.31042200326919556,lymphocyte,lymphocyte,True
CVCL_1683,CVCL_H637,0.29708418250083923,lymphocyte,lymphocyte,True
CVCL_1683,CVCL_1321,0.2881069779396057,lymphocyte,blood,False
CVCL_1683,CVCL_2122,0.2854349613189697,lymphocyte,blood,False
CVCL_1683,CVCL_0614,0.2793208360671997,lymphocyte,blood,False
CVCL_1684,CVCL_1681,0.686177670955658,upper_aerodigestive,upper_aerodigestive,True
CVCL_1684,CVCL_2457,0.6702437400817871,upper_aerodigestive,upper_aerodigestive,True
CVCL_1684,CVCL_1763,0.6619418263435364,upper_aerodigestive,esophagus,False
CVCL_1684,CVCL_1685,0.6537320613861084,upper_aerodigestive,upper_aerodigestive,True
CVCL_1684,CVCL_2229,0.6473826169967651,upper_aerodigestive,upper_aerodigestive,True
CVCL_1684,CVCL_2308,0.6421771049499512,upper_aerodigestive,upper_aerodigestive,True
CVCL_1684,CVCL_2315,0.6419376134872437,upper_aerodigestive,upper_aerodigestive,True
CVCL_1684,CVCL_2314,0.6417659521102905,upper_aerodigestive,upper_aerodigestive,True
CVCL_1684,CVCL_2313,0.6326930522918701,upper_aerodigestive,upper_aerodigestive,True
CVCL_1684,CVCL_1091,0.6325282454490662,upper_aerodigestive,prostate,False
CVCL_1684,CVCL_2723,0.6291976571083069,upper_aerodigestive,prostate,False
CVCL_1684,CVCL_3086,0.6262344717979431,upper_aerodigestive,upper_aerodigestive,True
CVCL_1684,CVCL_1682,0.622779905796051,upper_aerodigestive,upper_aerodigestive,True
CVCL_1684,CVCL_1063,0.6207447648048401,upper_aerodigestive,epidermoid_carcinoma,False
CVCL_1684,CVCL_2310,0.6201760768890381,upper_aerodigestive,upper_aerodigestive,True
CVCL_1685,CVCL_2457,0.7750851511955261,upper_aerodigestive,upper_aerodigestive,True
CVCL_1685,CVCL_2722,0.7403522729873657,upper_aerodigestive,prostate,False
CVCL_1685,CVCL_2462,0.7277906537055969,upper_aerodigestive,upper_aerodigestive,True
CVCL_1685,CVCL_IZ34,0.7118609547615051,upper_aerodigestive,breast,False
CVCL_1685,CVCL_2313,0.6903140544891357,upper_aerodigestive,upper_aerodigestive,True
CVCL_1685,CVCL_2308,0.6903067231178284,upper_aerodigestive,upper_aerodigestive,True
CVCL_1685,CVCL_2723,0.6784223318099976,upper_aerodigestive,prostate,False
CVCL_1685,CVCL_2229,0.6709834337234497,upper_aerodigestive,upper_aerodigestive,True
CVCL_1685,CVCL_2315,0.6661970019340515,upper_aerodigestive,upper_aerodigestive,True
CVCL_1685,CVCL_2312,0.6650062203407288,upper_aerodigestive,upper_aerodigestive,True
CVCL_1685,CVCL_2310,0.6601249575614929,upper_aerodigestive,upper_aerodigestive,True
CVCL_1685,CVCL_2458,0.6540852785110474,upper_aerodigestive,upper_aerodigestive,True
CVCL_1688,CVCL_A758,0.4983457326889038,central_nervous_system,central_nervous_system,True
CVCL_1688,CVCL_2798,0.47195523977279663,central_nervous_system,central_nervous_system,True
CVCL_1688,CVCL_0844,0.46817559003829956,central_nervous_system,central_nervous_system,True
CVCL_1688,CVCL_3954,0.45996880531311035,central_nervous_system,central_nervous_system,True
CVCL_1688,CVCL_1R16,0.45148909091949463,central_nervous_system,central_nervous_system,True
CVCL_1688,CVCL_1798,0.43251922726631165,central_nervous_system,central_nervous_system,True
CVCL_1688,CVCL_0401,0.4241006672382355,central_nervous_system,central_nervous_system,True
CVCL_1688,CVCL_5069,0.41480696201324463,central_nervous_system,central_nervous_system,True
CVCL_1688,CVCL_A1VL,0.4115585386753082,central_nervous_system,skin,False
CVCL_1688,CVCL_4W66,0.411513090133667,central_nervous_system,central_nervous_system,True
CVCL_1688,CVCL_1117,0.4101255238056183,central_nervous_system,central_nervous_system,True
CVCL_1688,CVCL_1093,0.4045450985431671,central_nervous_system,central_nervous_system,True
CVCL_1688,CVCL_0633,0.4010137915611267,central_nervous_system,central_nervous_system,True
CVCL_1689,CVCL_1798,0.5299607515335083,central_nervous_system,central_nervous_system,True
CVCL_1689,CVCL_2799,0.5042401552200317,central_nervous_system,central_nervous_system,True
CVCL_1689,CVCL_1R16,0.503905713558197,central_nervous_system,central_nervous_system,True
CVCL_1689,CVCL_0844,0.4942500591278076,central_nervous_system,central_nervous_system,True
CVCL_1689,CVCL_3960,0.4934086799621582,central_nervous_system,central_nervous_system,True
CVCL_1689,CVCL_B255,0.47736674547195435,central_nervous_system,soft_tissue,False
CVCL_1689,CVCL_1173,0.4645978808403015,central_nervous_system,central_nervous_system,True
CVCL_1689,CVCL_2297,0.46357545256614685,central_nervous_system,central_nervous_system,True
CVCL_1689,CVCL_4773,0.46315377950668335,central_nervous_system,central_nervous_system,True
CVCL_1689,CVCL_3955,0.4577610492706299,central_nervous_system,central_nervous_system,True
CVCL_1689,CVCL_1722,0.45664769411087036,central_nervous_system,central_nervous_system,True
CVCL_1689,CVCL_8721,0.45626845955848694,central_nervous_system,uterus,False
CVCL_1690,CVCL_4773,0.49841347336769104,central_nervous_system,central_nervous_system,True
CVCL_1690,CVCL_1722,0.4948078393936157,central_nervous_system,central_nervous_system,True
CVCL_1690,CVCL_1796,0.49208560585975647,central_nervous_system,central_nervous_system,True
CVCL_1690,CVCL_3955,0.4834666848182678,central_nervous_system,central_nervous_system,True
CVCL_1690,CVCL_4W67,0.4572172164916992,central_nervous_system,central_nervous_system,True
CVCL_1690,CVCL_1117,0.4535945653915405,central_nervous_system,central_nervous_system,True
CVCL_1690,CVCL_3956,0.44932565093040466,central_nervous_system,central_nervous_system,True
CVCL_1690,CVCL_0633,0.44150301814079285,central_nervous_system,central_nervous_system,True
CVCL_1690,CVCL_1715,0.4391873776912689,central_nervous_system,central_nervous_system,True
CVCL_1690,CVCL_AU20,0.4343072474002838,central_nervous_system,peripheral_nervous_system,False
CVCL_1690,CVCL_5010,0.43321168422698975,central_nervous_system,central_nervous_system,True
CVCL_1691,CVCL_1173,0.45392894744873047,central_nervous_system,central_nervous_system,True
CVCL_1691,CVCL_M823,0.4431047737598419,central_nervous_system,soft_tissue,False
CVCL_1691,CVCL_1795,0.43771272897720337,central_nervous_system,central_nervous_system,True
CVCL_1691,CVCL_5069,0.4357485771179199,central_nervous_system,central_nervous_system,True
CVCL_1691,CVCL_1809,0.43537184596061707,central_nervous_system,bone,False
CVCL_1691,CVCL_2297,0.433729350566864,central_nervous_system,central_nervous_system,True
CVCL_1691,CVCL_A1UY,0.42939773201942444,central_nervous_system,soft_tissue,False
CVCL_1691,CVCL_5010,0.4187507629394531,central_nervous_system,central_nervous_system,True
CVCL_1691,CVCL_3954,0.40695255994796753,central_nervous_system,central_nervous_system,True
CVCL_1691,CVCL_1706,0.4058646857738495,central_nervous_system,central_nervous_system,True
CVCL_1691,CVCL_1R17,0.4046803116798401,central_nervous_system,central_nervous_system,True
CVCL_1691,CVCL_1798,0.40186765789985657,central_nervous_system,central_nervous_system,True
CVCL_1691,CVCL_1233,0.40006405115127563,central_nervous_system,central_nervous_system,True
CVCL_1691,CVCL_1031,0.3987194001674652,central_nervous_system,fibroblast,False
CVCL_1692,CVCL_1779,0.7688035368919373,skin,skin,True
CVCL_1692,CVCL_3962,0.7567510008811951,skin,central_nervous_system,False
CVCL_1692,CVCL_B4KU,0.7231870293617249,skin,skin,True
CVCL_1692,CVCL_5951,0.7199925184249878,skin,skin,True
CVCL_1692,CVCL_2610,0.7172800302505493,skin,skin,True
CVCL_1692,CVCL_2950,0.7161419987678528,skin,skin,True
CVCL_1692,CVCL_C301,0.7074247002601624,skin,eye,False
CVCL_1692,CVCL_2408,0.7001973986625671,skin,skin,True
CVCL_1692,CVCL_1303,0.6963990926742554,skin,skin,True
CVCL_1693,CVCL_1522,0.6530885100364685,lung,lung,True
CVCL_1693,CVCL_1454,0.6514788269996643,lung,lung,True
CVCL_1693,CVCL_1598,0.6502856612205505,lung,lung,True
CVCL_1693,CVCL_1141,0.6359410285949707,lung,lung,True
CVCL_1693,CVCL_1565,0.6261418461799622,lung,lung,True
CVCL_1693,CVCL_1473,0.6163702011108398,lung,lung,True
CVCL_1693,CVCL_1140,0.6150295734405518,lung,lung,True
CVCL_1693,CVCL_1774,0.6141752600669861,lung,thyroid,False
CVCL_1693,CVCL_1539,0.614013671875,lung,lung,True
CVCL_1693,CVCL_1391,0.6131577491760254,lung,lung,True
CVCL_1693,CVCL_1175,0.6092885136604309,lung,lung,True
CVCL_1693,CVCL_2415,0.6084786057472229,lung,lung,True
CVCL_1693,CVCL_2418,0.6001087427139282,lung,lung,True
CVCL_1694,CVCL_2161,0.806238055229187,blood,blood,True
CVCL_1694,CVCL_7916,0.7491776943206787,blood,blood,True
CVCL_1694,CVCL_2119,0.7419359087944031,blood,blood,True
CVCL_1694,CVCL_1844,0.7213749289512634,blood,blood,True
CVCL_1694,CVCL_2162,0.710029661655426,blood,blood,True
CVCL_1695,CVCL_2092,0.7756616473197937,peripheral_nervous_system,peripheral_nervous_system,True
CVCL_1695,CVCL_5627,0.7691375613212585,peripheral_nervous_system,peripheral_nervous_system,True
CVCL_1695,CVCL_1341,0.734419047832489,peripheral_nervous_system,peripheral_nervous_system,True
CVCL_1695,CVCL_6594,0.7338587641716003,peripheral_nervous_system,peripheral_nervous_system,True
CVCL_1695,CVCL_1702,0.6895343065261841,peripheral_nervous_system,peripheral_nervous_system,True
CVCL_1695,CVCL_2143,0.6825050711631775,peripheral_nervous_system,peripheral_nervous_system,True
CVCL_1695,CVCL_5602,0.6801596879959106,peripheral_nervous_system,peripheral_nervous_system,True
CVCL_1695,CVCL_2141,0.6783247590065002,peripheral_nervous_system,peripheral_nervous_system,True
CVCL_1697,CVCL_8716,0.3875214159488678,bone,bone,True
CVCL_1697,CVCL_A1VQ,0.38204485177993774,bone,soft_tissue,False
CVCL_1697,CVCL_1038,0.3799176514148712,bone,fibroblast,False
CVCL_1697,CVCL_1509,0.37814459204673767,bone,lung,False
CVCL_1697,CVCL_3956,0.37765681743621826,bone,central_nervous_system,False
CVCL_1697,CVCL_0844,0.37686508893966675,bone,central_nervous_system,False
CVCL_1697,CVCL_0846,0.37191757559776306,bone,fibroblast,False
CVCL_1697,CVCL_1R17,0.36912673711776733,bone,central_nervous_system,False
CVCL_1697,CVCL_0426,0.36856862902641296,bone,bone,True
CVCL_1697,CVCL_2585,0.3633946180343628,bone,skin,False
CVCL_1697,CVCL_0891,0.35603705048561096,bone,fibroblast,False
CVCL_1697,CVCL_0836,0.3542667329311371,bone,fibroblast,False
CVCL_1697,CVCL_1233,0.3536835312843323,bone,central_nervous_system,False
CVCL_1699,CVCL_5209,0.5909809470176697,plasma_cell,plasma_cell,True
CVCL_1699,CVCL_2993,0.5905147790908813,plasma_cell,plasma_cell,True
CVCL_1699,CVCL_2992,0.5782020688056946,plasma_cell,plasma_cell,True
CVCL_1699,CVCL_2996,0.5592687726020813,plasma_cell,plasma_cell,True
CVCL_1699,CVCL_2123,0.544866681098938,plasma_cell,plasma_cell,True
CVCL_1699,CVCL_2030,0.5355731248855591,plasma_cell,plasma_cell,True
CVCL_1699,CVCL_2994,0.5353836417198181,plasma_cell,plasma_cell,True
CVCL_1699,CVCL_1600,0.5304616093635559,plasma_cell,plasma_cell,True
CVCL_1699,CVCL_1806,0.512362539768219,plasma_cell,plasma_cell,True
CVCL_1699,CVCL_5210,0.5086156129837036,plasma_cell,plasma_cell,True
CVCL_1699,CVCL_0012,0.4985527992248535,plasma_cell,plasma_cell,True
CVCL_1699,CVCL_8792,0.4920255243778229,plasma_cell,plasma_cell,True
CVCL_1699,CVCL_1357,0.48674124479293823,plasma_cell,plasma_cell,True
CVCL_1699,CVCL_E332,0.4836355447769165,plasma_cell,plasma_cell,True
CVCL_1700,CVCL_AX49,0.6318641901016235,peripheral_nervous_system,peripheral_nervous_system,True
CVCL_1700,CVCL_0528,0.5883913636207581,peripheral_nervous_system,peripheral_nervous_system,True
CVCL_1700,CVCL_1606,0.5493620038032532,peripheral_nervous_system,peripheral_nervous_system,True
CVCL_1700,CVCL_6594,0.5422354936599731,peripheral_nervous_system,peripheral_nervous_system,True
CVCL_1700,CVCL_0019,0.5382724404335022,peripheral_nervous_system,peripheral_nervous_system,True
CVCL_1700,CVCL_1412,0.5356225371360779,peripheral_nervous_system,peripheral_nervous_system,True
CVCL_1700,CVCL_1339,0.5273866653442383,peripheral_nervous_system,peripheral_nervous_system,True
CVCL_1700,CVCL_1341,0.5230719447135925,peripheral_nervous_system,peripheral_nervous_system,True
CVCL_1700,CVCL_1605,0.5041285157203674,peripheral_nervous_system,peripheral_nervous_system,True
CVCL_1700,CVCL_5627,0.5019503235816956,peripheral_nervous_system,peripheral_nervous_system,True
CVCL_1700,CVCL_1702,0.4904220998287201,peripheral_nervous_system,peripheral_nervous_system,True
CVCL_1700,CVCL_2092,0.48914504051208496,peripheral_nervous_system,peripheral_nervous_system,True
CVCL_1701,CVCL_AX42,0.803114116191864,peripheral_nervous_system,peripheral_nervous_system,True
CVCL_1701,CVCL_2092,0.7793543934822083,peripheral_nervous_system,peripheral_nervous_system,True
CVCL_1701,CVCL_2143,0.7765511274337769,peripheral_nervous_system,peripheral_nervous_system,True
CVCL_1701,CVCL_1771,0.7673681974411011,peripheral_nervous_system,peripheral_nervous_system,True
CVCL_1701,CVCL_1339,0.7425719499588013,peripheral_nervous_system,peripheral_nervous_system,True
CVCL_1701,CVCL_1341,0.7212936878204346,peripheral_nervous_system,peripheral_nervous_system,True
CVCL_1701,CVCL_2141,0.7130801677703857,peripheral_nervous_system,peripheral_nervous_system,True
CVCL_1701,CVCL_5627,0.7114461064338684,peripheral_nervous_system,peripheral_nervous_system,True
CVCL_1701,CVCL_0528,0.7033100128173828,peripheral_nervous_system,peripheral_nervous_system,True
CVCL_1701,CVCL_6594,0.6951197385787964,peripheral_nervous_system,peripheral_nervous_system,True
CVCL_1701,CVCL_1702,0.6928517818450928,peripheral_nervous_system,peripheral_nervous_system,True
CVCL_1702,CVCL_1606,0.7423650026321411,peripheral_nervous_system,peripheral_nervous_system,True
CVCL_1702,CVCL_1123,0.730661928653717,peripheral_nervous_system,peripheral_nervous_system,True
CVCL_1702,CVCL_0528,0.7213305830955505,peripheral_nervous_system,peripheral_nervous_system,True
CVCL_1702,CVCL_2092,0.712835967540741,peripheral_nervous_system,peripheral_nervous_system,True
CVCL_1702,CVCL_AX42,0.7116189002990723,peripheral_nervous_system,peripheral_nervous_system,True
CVCL_1702,CVCL_5627,0.7038425207138062,peripheral_nervous_system,peripheral_nervous_system,True
CVCL_1702,CVCL_1605,0.6919771432876587,peripheral_nervous_system,peripheral_nervous_system,True
CVCL_1702,CVCL_AX49,0.6887956857681274,peripheral_nervous_system,peripheral_nervous_system,True
CVCL_1702,CVCL_1341,0.6877276301383972,peripheral_nervous_system,peripheral_nervous_system,True
CVCL_1702,CVCL_1412,0.6808596253395081,peripheral_nervous_system,peripheral_nervous_system,True
CVCL_1702,CVCL_6594,0.6763900518417358,peripheral_nervous_system,peripheral_nervous_system,True
CVCL_1702,CVCL_0019,0.6617865562438965,peripheral_nervous_system,peripheral_nervous_system,True
CVCL_1703,CVCL_V618,0.6410819292068481,bone,bone,True
CVCL_1703,CVCL_M151,0.638028621673584,bone,bone,True
CVCL_1703,CVCL_6583,0.6374679803848267,bone,bone,True
CVCL_1703,CVCL_4Z30,0.6312606334686279,bone,bone,True
CVCL_1703,CVCL_0627,0.624391496181488,bone,bone,True
CVCL_1703,CVCL_F531,0.6148338913917542,bone,bone,True
CVCL_1703,CVCL_0080,0.6143356561660767,bone,bone,True
CVCL_1703,CVCL_4Z31,0.6120672225952148,bone,bone,True
CVCL_1703,CVCL_0B50,0.6074167490005493,bone,bone,True
CVCL_1703,CVCL_0B48,0.6046584844589233,bone,bone,True
CVCL_1703,CVCL_2213,0.6020820736885071,bone,bone,True
CVCL_1703,CVCL_S740,0.5984023809432983,bone,bone,True
CVCL_1703,CVCL_0530,0.5958671569824219,bone,bone,True
CVCL_1703,CVCL_3177,0.5767965316772461,bone,peripheral_nervous_system,False
CVCL_1703,CVCL_0631,0.5548064708709717,bone,bone,True
CVCL_1704,CVCL_8705,0.533149778842926,cervix,cervix,True
CVCL_1704,CVCL_1675,0.5159974098205566,cervix,upper_aerodigestive,False
CVCL_1704,CVCL_2678,0.5076249241828918,cervix,upper_aerodigestive,False
CVCL_1704,CVCL_2918,0.4890086054801941,cervix,cervix,True
CVCL_1704,CVCL_2681,0.48631972074508667,cervix,upper_aerodigestive,False
CVCL_1704,CVCL_2312,0.4846092760562897,cervix,upper_aerodigestive,False
CVCL_1704,CVCL_1293,0.4808938205242157,cervix,cervix,True
CVCL_1704,CVCL_1218,0.4757833182811737,cervix,upper_aerodigestive,False
CVCL_1704,CVCL_1354,0.471711665391922,cervix,esophagus,False
CVCL_1704,CVCL_0037,0.45954376459121704,cervix,skin,False
CVCL_1704,CVCL_C058,0.4582098424434662,cervix,upper_aerodigestive,False
CVCL_1704,CVCL_1767,0.4558405578136444,cervix,esophagus,False
CVCL_1704,CVCL_5005,0.4550524950027466,cervix,upper_aerodigestive,False
CVCL_1704,CVCL_3336,0.45309939980506897,cervix,esophagus,False
CVCL_1706,CVCL_5010,0.6030027270317078,central_nervous_system,central_nervous_system,True
CVCL_1706,CVCL_3957,0.5770008563995361,central_nervous_system,central_nervous_system,True
CVCL_1706,CVCL_5033,0.5626492500305176,central_nervous_system,central_nervous_system,True
CVCL_1706,CVCL_5069,0.5533188581466675,central_nervous_system,central_nervous_system,True
CVCL_1706,CVCL_3075,0.5522585511207581,central_nervous_system,central_nervous_system,True
CVCL_1706,CVCL_3955,0.5260474681854248,central_nervous_system,central_nervous_system,True
CVCL_1706,CVCL_1117,0.512958824634552,central_nervous_system,central_nervous_system,True
CVCL_1706,CVCL_8585,0.4990912079811096,central_nervous_system,central_nervous_system,True
CVCL_1706,CVCL_0040,0.4989074468612671,central_nervous_system,skin,False
CVCL_1706,CVCL_5064,0.49878865480422974,central_nervous_system,central_nervous_system,True
CVCL_1706,CVCL_1173,0.49291524291038513,central_nervous_system,central_nervous_system,True
CVCL_1706,CVCL_1798,0.4852503538131714,central_nervous_system,central_nervous_system,True
CVCL_1706,CVCL_0950,0.48320481181144714,central_nervous_system,skin,False
CVCL_1706,CVCL_A1UE,0.4812427759170532,central_nervous_system,skin,False
CVCL_1707,CVCL_3866,0.7567670941352844,uterus,uterus,True
CVCL_1707,CVCL_2923,0.5633589029312134,uterus,uterus,True
CVCL_1707,CVCL_2925,0.5291513204574585,uterus,uterus,True
CVCL_1707,CVCL_1111,0.5261006951332092,uterus,kidney,False
CVCL_1707,CVCL_2929,0.5062096118927002,uterus,uterus,True
CVCL_1707,CVCL_2924,0.5052856802940369,uterus,uterus,True
CVCL_1707,CVCL_3613,0.5049360394477844,uterus,ovary,False
CVCL_1707,CVCL_1050,0.4757039546966553,uterus,kidney,False
CVCL_1707,CVCL_V607,0.4738409221172333,uterus,kidney,False
CVCL_1707,CVCL_5953,0.4689793884754181,uterus,kidney,False
CVCL_1707,CVCL_7937,0.46815603971481323,uterus,urinary_tract,False
CVCL_1707,CVCL_1721,0.4642300009727478,uterus,urinary_tract,False
CVCL_1708,CVCL_5038,0.7755133509635925,colorectal,bile_duct,False
CVCL_1708,CVCL_5078,0.7422202229499817,colorectal,colorectal,True
CVCL_1708,CVCL_1982,0.7349260449409485,colorectal,colorectal,True
CVCL_1708,CVCL_5250,0.7346218228340149,colorectal,colorectal,True
CVCL_1708,CVCL_8175,0.7301717400550842,colorectal,colorectal,True
CVCL_1708,CVCL_5111,0.7248924374580383,colorectal,colorectal,True
CVCL_1708,CVCL_4645,0.7248146533966064,colorectal,ovary,False
CVCL_1708,CVCL_8176,0.7213239073753357,colorectal,colorectal,True
CVCL_1708,CVCL_9980,0.7154021263122559,colorectal,colorectal,True
CVCL_1708,CVCL_5249,0.7104172110557556,colorectal,colorectal,True
CVCL_1708,CVCL_5044,0.7056717276573181,colorectal,colorectal,True
CVCL_1709,CVCL_8147,0.492697149515152,colorectal,pancreas,False
CVCL_1709,CVCL_A1UH,0.4724387228488922,colorectal,pancreas,False
CVCL_1709,CVCL_A1VG,0.4707806408405304,colorectal,bile_duct,False
CVCL_1709,CVCL_1767,0.45985132455825806,colorectal,esophagus,False
CVCL_1709,CVCL_M469,0.4584263861179352,colorectal,pancreas,False
CVCL_1709,CVCL_0371,0.4552538990974426,colorectal,gastric,False
CVCL_1709,CVCL_S507,0.4541070759296417,colorectal,pancreas,False
CVCL_1709,CVCL_5058,0.45120105147361755,colorectal,colorectal,True
CVCL_1709,CVCL_4056,0.44667521119117737,colorectal,pancreas,False
CVCL_1709,CVCL_3881,0.43509653210639954,colorectal,pancreas,False
CVCL_1709,CVCL_1531,0.42997753620147705,colorectal,lung,False
CVCL_1709,CVCL_0237,0.4288748800754547,colorectal,pancreas,False
CVCL_1709,CVCL_1119,0.427694708108902,colorectal,pancreas,False
CVCL_1709,CVCL_5034,0.42358076572418213,colorectal,pancreas,False
CVCL_1711,CVCL_2209,0.792606770992279,lymphocyte,lymphocyte,True
CVCL_1711,CVCL_2093,0.7830702066421509,lymphocyte,lymphocyte,True
CVCL_1711,CVCL_2098,0.7231068015098572,lymphocyte,lymphocyte,True
CVCL_1711,CVCL_H614,0.5951561331748962,lymphocyte,lymphocyte,True
CVCL_1711,CVCL_2976,0.4411393404006958,lymphocyte,lymphocyte,True
CVCL_1711,CVCL_8796,0.43370121717453003,lymphocyte,lymphocyte,True
CVCL_1711,CVCL_H637,0.4187435507774353,lymphocyte,lymphocyte,True
CVCL_1711,CVCL_1414,0.4133201539516449,lymphocyte,lymphocyte,True
CVCL_1711,CVCL_2541,0.41278064250946045,lymphocyte,lymphocyte,True
CVCL_1711,CVCL_3526,0.41000014543533325,lymphocyte,lymphocyte,True
CVCL_1712,CVCL_1222,0.6826320290565491,lymphocyte,lymphocyte,True
CVCL_1712,CVCL_0067,0.6570583581924438,lymphocyte,lymphocyte,True
CVCL_1712,CVCL_2206,0.656228244304657,lymphocyte,lymphocyte,True
CVCL_1712,CVCL_3611,0.6467602849006653,lymphocyte,lymphocyte,True
CVCL_1712,CVCL_1088,0.6466283798217773,lymphocyte,lymphocyte,True
CVCL_1712,CVCL_1087,0.6462036967277527,lymphocyte,lymphocyte,True
CVCL_1712,CVCL_0597,0.6443345546722412,lymphocyte,lymphocyte,True
CVCL_1712,CVCL_0511,0.6418586373329163,lymphocyte,lymphocyte,True
CVCL_1712,CVCL_1399,0.6414095759391785,lymphocyte,lymphocyte,True
CVCL_1712,CVCL_1660,0.6378982663154602,lymphocyte,lymphocyte,True
CVCL_1712,CVCL_1877,0.6361725926399231,lymphocyte,lymphocyte,True
CVCL_1712,CVCL_2207,0.6334812641143799,lymphocyte,lymphocyte,True
CVCL_1712,CVCL_1881,0.6216658353805542,lymphocyte,lymphocyte,True
CVCL_1712,CVCL_B371,0.61726313829422,lymphocyte,lymphocyte,True
CVCL_1714,CVCL_1820,0.7134673595428467,blood,blood,True
CVCL_1714,CVCL_2022,0.6549288034439087,blood,blood,True
CVCL_1714,CVCL_1736,0.6446465253829956,blood,blood,True
CVCL_1714,CVCL_1913,0.6177999377250671,blood,blood,True
CVCL_1714,CVCL_1805,0.6136372089385986,blood,blood,True
CVCL_1714,CVCL_1424,0.5427722334861755,blood,blood,True
CVCL_1714,CVCL_1380,0.45361751317977905,blood,blood,True
CVCL_1715,CVCL_5010,0.6844154596328735,central_nervous_system,central_nervous_system,True
CVCL_1715,CVCL_5069,0.6481087803840637,central_nervous_system,central_nervous_system,True
CVCL_1715,CVCL_1722,0.6253283619880676,central_nervous_system,central_nervous_system,True
CVCL_1715,CVCL_5033,0.5300406813621521,central_nervous_system,central_nervous_system,True
CVCL_1715,CVCL_1795,0.5220377445220947,central_nervous_system,central_nervous_system,True
CVCL_1715,CVCL_3955,0.5027133226394653,central_nervous_system,central_nervous_system,True
CVCL_1715,CVCL_1796,0.4817468822002411,central_nervous_system,central_nervous_system,True
CVCL_1715,CVCL_4773,0.4789423644542694,central_nervous_system,central_nervous_system,True
CVCL_1715,CVCL_1706,0.47682279348373413,central_nervous_system,central_nervous_system,True
CVCL_1716,CVCL_5128,0.34483203291893005,lung,lung,True
CVCL_1716,CVCL_1547,0.34150049090385437,lung,lung,True
CVCL_1716,CVCL_0060,0.30747267603874207,lung,lung,True
CVCL_1716,CVCL_4402,0.30643486976623535,lung,lung,True
CVCL_1716,CVCL_2059,0.30097585916519165,lung,lung,True
CVCL_1716,CVCL_1174,0.29052555561065674,lung,lung,True
CVCL_1716,CVCL_1783,0.2879018783569336,lung,urinary_tract,False
CVCL_1716,CVCL_1655,0.282710462808609,lung,lung,True
CVCL_1716,CVCL_L088,0.2818996012210846,lung,lung,True
CVCL_1716,CVCL_1488,0.2756068706512451,lung,lung,True
CVCL_1716,CVCL_0623,0.2752816677093506,lung,breast,False
CVCL_1716,CVCL_2045,0.27498260140419006,lung,esophagus,False
CVCL_1716,CVCL_1226,0.27486544847488403,lung,central_nervous_system,False
CVCL_1717,CVCL_1648,0.6342455744743347,colorectal,colorectal,True
CVCL_1717,CVCL_1725,0.5831934213638306,colorectal,colorectal,True
CVCL_1717,CVCL_8234,0.5791797637939453,colorectal,ovary,False
CVCL_1717,CVCL_5002,0.5662081241607666,colorectal,colorectal,True
CVCL_1717,CVCL_1294,0.5646414160728455,colorectal,colorectal,True
CVCL_1717,CVCL_1382,0.5395126938819885,colorectal,colorectal,True
CVCL_1717,CVCL_0544,0.5373852849006653,colorectal,colorectal,True
CVCL_1717,CVCL_1978,0.5010606646537781,colorectal,colorectal,True
CVCL_1717,CVCL_1386,0.49141719937324524,colorectal,colorectal,True
CVCL_1717,CVCL_5016,0.4839456081390381,colorectal,colorectal,True
CVCL_1717,CVCL_1979,0.4796520173549652,colorectal,colorectal,True
CVCL_1717,CVCL_2917,0.4763093888759613,colorectal,colorectal,True
CVCL_1717,CVCL_5098,0.47553014755249023,colorectal,colorectal,True
CVCL_1717,CVCL_0545,0.46867862343788147,colorectal,colorectal,True
CVCL_1717,CVCL_1718,0.4603181779384613,colorectal,colorectal,True
CVCL_1718,CVCL_5044,0.7926595211029053,colorectal,colorectal,True
CVCL_1718,CVCL_1980,0.7915959358215332,colorectal,colorectal,True
CVCL_1718,CVCL_2917,0.7733415365219116,colorectal,colorectal,True
CVCL_1718,CVCL_5250,0.760036289691925,colorectal,colorectal,True
CVCL_1718,CVCL_5249,0.7495531439781189,colorectal,colorectal,True
CVCL_1718,CVCL_4645,0.7478655576705933,colorectal,ovary,False
CVCL_1718,CVCL_8175,0.7251084446907043,colorectal,colorectal,True
CVCL_1718,CVCL_8176,0.7210619449615479,colorectal,colorectal,True
CVCL_1718,CVCL_5038,0.719495415687561,colorectal,bile_duct,False
CVCL_1718,CVCL_9980,0.7107807397842407,colorectal,colorectal,True
CVCL_1719,CVCL_5957,0.6856163740158081,kidney,kidney,True
CVCL_1719,CVCL_1721,0.6308900117874146,kidney,urinary_tract,False
CVCL_1719,CVCL_2986,0.6290302872657776,kidney,kidney,True
CVCL_1719,CVCL_V610,0.5991893410682678,kidney,kidney,True
CVCL_1719,CVCL_5953,0.5972087979316711,kidney,kidney,True
CVCL_1719,CVCL_8788,0.5963194370269775,kidney,kidney,True
CVCL_1719,CVCL_6186,0.5767759084701538,kidney,kidney,True
CVCL_1719,CVCL_2984,0.5635092258453369,kidney,kidney,True
CVCL_1719,CVCL_1791,0.5517934560775757,kidney,kidney,True
CVCL_1719,CVCL_E115,0.5475229024887085,kidney,uterus,False
CVCL_1720,CVCL_0546,0.24887436628341675,lung,colorectal,False
CVCL_1720,CVCL_3079,0.24278496205806732,lung,bile_duct,False
CVCL_1720,CVCL_1490,0.23754072189331055,lung,lung,True
CVCL_1720,CVCL_0480,0.23581013083457947,lung,pancreas,False
CVCL_1720,CVCL_1978,0.23452703654766083,lung,colorectal,False
CVCL_1720,CVCL_1394,0.23165598511695862,lung,lung,True
CVCL_1720,CVCL_2270,0.2295970320701599,lung,bone,False
CVCL_1720,CVCL_1507,0.22150833904743195,lung,lung,True
CVCL_1720,CVCL_1639,0.22051526606082916,lung,pancreas,False
CVCL_1720,CVCL_2923,0.2200748771429062,lung,uterus,False
CVCL_1720,CVCL_1048,0.21437416970729828,lung,urinary_tract,False
CVCL_1720,CVCL_5957,0.2142476588487625,lung,kidney,False
CVCL_1720,CVCL_1716,0.21168789267539978,lung,lung,True
CVCL_1720,CVCL_0026,0.2096637338399887,lung,pancreas,False
CVCL_1720,CVCL_1847,0.2085953652858734,lung,pancreas,False
CVCL_1721,CVCL_V610,0.724564254283905,urinary_tract,kidney,False
CVCL_1721,CVCL_1791,0.6884006261825562,urinary_tract,kidney,False
CVCL_1721,CVCL_5957,0.665406346321106,urinary_tract,kidney,False
CVCL_1721,CVCL_V607,0.663914144039154,urinary_tract,kidney,False
CVCL_1721,CVCL_2984,0.6514772176742554,urinary_tract,kidney,False
CVCL_1721,CVCL_8788,0.6465845704078674,urinary_tract,kidney,False
CVCL_1721,CVCL_6186,0.6409270763397217,urinary_tract,kidney,False
CVCL_1721,CVCL_V612,0.6395235657691956,urinary_tract,kidney,False
CVCL_1721,CVCL_5953,0.622718870639801,urinary_tract,kidney,False
CVCL_1721,CVCL_2986,0.593769371509552,urinary_tract,kidney,False
CVCL_1722,CVCL_5010,0.6471110582351685,central_nervous_system,central_nervous_system,True
CVCL_1722,CVCL_5069,0.617918074131012,central_nervous_system,central_nervous_system,True
CVCL_1722,CVCL_8585,0.6005398631095886,central_nervous_system,central_nervous_system,True
CVCL_1722,CVCL_3957,0.5563730001449585,central_nervous_system,central_nervous_system,True
CVCL_1722,CVCL_3955,0.5307987928390503,central_nervous_system,central_nervous_system,True
CVCL_1722,CVCL_5033,0.5265099406242371,central_nervous_system,central_nervous_system,True
CVCL_1722,CVCL_3075,0.5149763822555542,central_nervous_system,central_nervous_system,True
CVCL_1722,CVCL_1798,0.5137723088264465,central_nervous_system,central_nervous_system,True
CVCL_1722,CVCL_WU66,0.5118933320045471,central_nervous_system,bone,False
CVCL_1722,CVCL_4773,0.5114113688468933,central_nervous_system,central_nervous_system,True
CVCL_1722,CVCL_3960,0.509442150592804,central_nervous_system,central_nervous_system,True
CVCL_1722,CVCL_2297,0.50892174243927,central_nervous_system,central_nervous_system,True
CVCL_1723,CVCL_3020,0.41973379254341125,pancreas,ovary,False
CVCL_1723,CVCL_A1VG,0.3991118371486664,pancreas,bile_duct,False
CVCL_1723,CVCL_1119,0.39701783657073975,pancreas,pancreas,True
CVCL_1723,CVCL_M465,0.3869655430316925,pancreas,pancreas,True
CVCL_1723,CVCL_0026,0.3864317536354065,pancreas,pancreas,True
CVCL_1723,CVCL_0324,0.38077497482299805,pancreas,bile_duct,False
CVCL_1723,CVCL_H695,0.36218148469924927,pancreas,bile_duct,False
CVCL_1723,CVCL_1638,0.3586231768131256,pancreas,pancreas,True
CVCL_1723,CVCL_4897,0.3572722375392914,pancreas,pancreas,True
CVCL_1723,CVCL_A1UH,0.3537569046020508,pancreas,pancreas,True
CVCL_1723,CVCL_1635,0.3529987335205078,pancreas,pancreas,True
CVCL_1723,CVCL_1845,0.3487541973590851,pancreas,pancreas,True
CVCL_1723,CVCL_8098,0.34786200523376465,pancreas,esophagus,False
CVCL_1723,CVCL_1636,0.3468908965587616,pancreas,pancreas,True
CVCL_1724,CVCL_1603,0.4001331627368927,colorectal,gastric,False
CVCL_1724,CVCL_1978,0.3483031988143921,colorectal,colorectal,True
CVCL_1724,CVCL_1648,0.32856884598731995,colorectal,colorectal,True
CVCL_1724,CVCL_5098,0.32634416222572327,colorectal,colorectal,True
CVCL_1724,CVCL_5015,0.32553642988204956,colorectal,bile_duct,False
CVCL_1724,CVCL_8764,0.3144211173057556,colorectal,colorectal,True
CVCL_1724,CVCL_5112,0.3137407898902893,colorectal,colorectal,True
CVCL_1724,CVCL_0544,0.2964451014995575,colorectal,colorectal,True
CVCL_1724,CVCL_1725,0.29589077830314636,colorectal,colorectal,True
CVCL_1724,CVCL_5058,0.29458218812942505,colorectal,colorectal,True
CVCL_1724,CVCL_1717,0.2944985330104828,colorectal,colorectal,True
CVCL_1724,CVCL_5002,0.2933383285999298,colorectal,colorectal,True
CVCL_1724,CVCL_1729,0.28980934619903564,colorectal,colorectal,True
CVCL_1724,CVCL_1382,0.28869912028312683,colorectal,colorectal,True
CVCL_1725,CVCL_5016,0.575817346572876,colorectal,colorectal,True
CVCL_1725,CVCL_5002,0.5390386581420898,colorectal,colorectal,True
CVCL_1725,CVCL_8234,0.530752956867218,colorectal,ovary,False
CVCL_1725,CVCL_1978,0.5071027278900146,colorectal,colorectal,True
CVCL_1725,CVCL_1648,0.5006424188613892,colorectal,colorectal,True
CVCL_1725,CVCL_1987,0.48758602142333984,colorectal,colorectal,True
CVCL_1725,CVCL_1382,0.43839231133461,colorectal,colorectal,True
CVCL_1725,CVCL_0544,0.43132784962654114,colorectal,colorectal,True
CVCL_1725,CVCL_1294,0.41081035137176514,colorectal,colorectal,True
CVCL_1725,CVCL_0555,0.38836708664894104,colorectal,colorectal,True
CVCL_1725,CVCL_0248,0.38834530115127563,colorectal,colorectal,True
CVCL_1727,CVCL_2793,0.3820764422416687,cervix,uterus,False
CVCL_1727,CVCL_8067,0.341325968503952,cervix,lung,False
CVCL_1727,CVCL_1293,0.339215487241745,cervix,cervix,True
CVCL_1727,CVCL_2253,0.338786780834198,cervix,cervix,True
CVCL_1727,CVCL_2582,0.33171507716178894,cervix,lung,False
CVCL_1727,CVCL_1485,0.32323798537254333,cervix,lung,False
CVCL_1727,CVCL_1675,0.3160591721534729,cervix,upper_aerodigestive,False
CVCL_1727,CVCL_2751,0.3138664960861206,cervix,urinary_tract,False
CVCL_1727,CVCL_1704,0.3076448142528534,cervix,cervix,True
CVCL_1727,CVCL_2193,0.2949334979057312,cervix,cervix,True
CVCL_1727,CVCL_2681,0.29223889112472534,cervix,upper_aerodigestive,False
CVCL_1727,CVCL_3599,0.287955641746521,cervix,urinary_tract,False
CVCL_1727,CVCL_1495,0.2858898639678955,cervix,lung,False
CVCL_1727,CVCL_1060,0.2820954918861389,cervix,upper_aerodigestive,False
CVCL_1728,CVCL_2714,0.6127481460571289,urinary_tract,urinary_tract,True
CVCL_1728,CVCL_2747,0.5841951966285706,urinary_tract,urinary_tract,True
CVCL_1728,CVCL_2743,0.5611863732337952,urinary_tract,urinary_tract,True
CVCL_1728,CVCL_1808,0.4874120354652405,urinary_tract,urinary_tract,True
CVCL_1728,CVCL_2977,0.48079031705856323,urinary_tract,urinary_tract,True
CVCL_1728,CVCL_4718,0.4465630054473877,urinary_tract,pancreas,False
CVCL_1728,CVCL_2748,0.42873015999794006,urinary_tract,urinary_tract,True
CVCL_1728,CVCL_1218,0.4254497289657593,urinary_tract,upper_aerodigestive,False
CVCL_1728,CVCL_2752,0.42381542921066284,urinary_tract,urinary_tract,True
CVCL_1728,CVCL_1764,0.4203392565250397,urinary_tract,esophagus,False
CVCL_1728,CVCL_1300,0.41863110661506653,urinary_tract,pancreas,False
CVCL_1728,CVCL_2224,0.4094918966293335,urinary_tract,upper_aerodigestive,False
CVCL_1728,CVCL_1482,0.4068816006183624,urinary_tract,lung,False
CVCL_1729,CVCL_1648,0.5226140022277832,colorectal,colorectal,True
CVCL_1729,CVCL_5002,0.5054519176483154,colorectal,colorectal,True
CVCL_1729,CVCL_1979,0.4928545355796814,colorectal,colorectal,True
CVCL_1729,CVCL_0544,0.4832748472690582,colorectal,colorectal,True
CVCL_1729,CVCL_1294,0.4762948453426361,colorectal,colorectal,True
CVCL_1729,CVCL_8764,0.4702034592628479,colorectal,colorectal,True
CVCL_1729,CVCL_5078,0.45669007301330566,colorectal,colorectal,True
CVCL_1729,CVCL_5016,0.45189645886421204,colorectal,colorectal,True
CVCL_1729,CVCL_0026,0.4487389326095581,colorectal,pancreas,False
CVCL_1729,CVCL_1382,0.4405105412006378,colorectal,colorectal,True
CVCL_1729,CVCL_1717,0.43905937671661377,colorectal,colorectal,True
CVCL_1729,CVCL_4645,0.42815345525741577,colorectal,ovary,False
CVCL_1729,CVCL_3088,0.42713063955307007,colorectal,colorectal,True
CVCL_1729,CVCL_5098,0.42473241686820984,colorectal,colorectal,True
CVCL_1731,CVCL_5126,0.48757296800613403,lung,lung,True
CVCL_1731,CVCL_5160,0.48089346289634705,lung,lung,True
CVCL_1731,CVCL_5134,0.41650283336639404,lung,lung,True
CVCL_1731,CVCL_1376,0.39029860496520996,lung,lung,True
CVCL_1731,CVCL_6831,0.37297874689102173,lung,lung,True
CVCL_1731,CVCL_3337,0.37058430910110474,lung,esophagus,False
CVCL_1731,CVCL_1491,0.36969444155693054,lung,lung,True
CVCL_1732,CVCL_2310,0.6799432635307312,cervix,upper_aerodigestive,False
CVCL_1732,CVCL_2221,0.6797946095466614,cervix,upper_aerodigestive,False
CVCL_1732,CVCL_2313,0.6620867848396301,cervix,upper_aerodigestive,False
CVCL_1732,CVCL_1063,0.6620350480079651,cervix,epidermoid_carcinoma,False
CVCL_1732,CVCL_2229,0.6550363302230835,cervix,upper_aerodigestive,False
CVCL_1732,CVCL_2222,0.6503844261169434,cervix,upper_aerodigestive,False
CVCL_1732,CVCL_2462,0.6384734511375427,cervix,upper_aerodigestive,False
CVCL_1732,CVCL_2679,0.6372408270835876,cervix,upper_aerodigestive,False
CVCL_1732,CVCL_1107,0.6335289478302002,cervix,upper_aerodigestive,False
CVCL_1732,CVCL_2722,0.633445143699646,cervix,prostate,False
CVCL_1732,CVCL_2228,0.627601146697998,cervix,upper_aerodigestive,False
CVCL_1732,CVCL_1681,0.622642457485199,cervix,upper_aerodigestive,False
CVCL_1732,CVCL_2661,0.6193755865097046,cervix,esophagus,False
CVCL_1732,CVCL_2232,0.6193541288375854,cervix,upper_aerodigestive,False
CVCL_1734,CVCL_3509,0.45871782302856445,soft_tissue,ovary,False
CVCL_1734,CVCL_A1VL,0.4500862658023834,soft_tissue,skin,False
CVCL_1734,CVCL_5723,0.44070175290107727,soft_tissue,central_nervous_system,False
CVCL_1734,CVCL_J521,0.4218471348285675,soft_tissue,unknown,False
CVCL_1734,CVCL_WU66,0.4205719232559204,soft_tissue,bone,False
CVCL_1734,CVCL_AU20,0.41580381989479065,soft_tissue,peripheral_nervous_system,False
CVCL_1734,CVCL_U614,0.4099138677120209,soft_tissue,soft_tissue,True
CVCL_1734,CVCL_6797,0.402531236410141,soft_tissue,skin,False
CVCL_1734,CVCL_2585,0.40167778730392456,soft_tissue,skin,False
CVCL_1734,CVCL_8481,0.39918017387390137,soft_tissue,central_nervous_system,False
CVCL_1735,CVCL_1222,0.7250083684921265,lymphocyte,lymphocyte,True
CVCL_1735,CVCL_2676,0.7201841473579407,lymphocyte,lymphocyte,True
CVCL_1735,CVCL_1088,0.69973224401474,lymphocyte,lymphocyte,True
CVCL_1735,CVCL_0511,0.6906726360321045,lymphocyte,lymphocyte,True
CVCL_1735,CVCL_1902,0.6761255264282227,lymphocyte,lymphocyte,True
CVCL_1735,CVCL_0539,0.6757619380950928,lymphocyte,lymphocyte,True
CVCL_1735,CVCL_B371,0.6745663285255432,lymphocyte,lymphocyte,True
CVCL_1735,CVCL_2206,0.6643579602241516,lymphocyte,lymphocyte,True
CVCL_1735,CVCL_1179,0.6624274849891663,lymphocyte,lymphocyte,True
CVCL_1735,CVCL_1889,0.658656120300293,lymphocyte,lymphocyte,True
CVCL_1736,CVCL_2022,0.6974835395812988,blood,blood,True
CVCL_1736,CVCL_1805,0.6800010800361633,blood,blood,True
CVCL_1736,CVCL_1820,0.6275984048843384,blood,blood,True
CVCL_1736,CVCL_1913,0.5906988382339478,blood,blood,True
CVCL_1736,CVCL_1424,0.5573873519897461,blood,blood,True
CVCL_1736,CVCL_1380,0.5281191468238831,blood,blood,True
CVCL_1738,CVCL_YU13,0.4267154932022095,urinary_tract,peripheral_nervous_system,False
CVCL_1738,CVCL_2786,0.3748018443584442,urinary_tract,liver,False
CVCL_1738,CVCL_8708,0.37140393257141113,urinary_tract,thyroid,False
CVCL_1738,CVCL_0863,0.36691713333129883,urinary_tract,fibroblast,False
CVCL_1738,CVCL_A1VL,0.3644290268421173,urinary_tract,skin,False
CVCL_1738,CVCL_1052,0.3529975116252899,urinary_tract,central_nervous_system,False
CVCL_1738,CVCL_0497,0.3471433222293854,urinary_tract,liver,False
CVCL_1738,CVCL_2955,0.344744473695755,urinary_tract,bile_duct,False
CVCL_1738,CVCL_2076,0.3441203534603119,urinary_tract,skin,False
CVCL_1738,CVCL_1167,0.342035710811615,urinary_tract,central_nervous_system,False
CVCL_1738,CVCL_1690,0.3417445421218872,urinary_tract,central_nervous_system,False
CVCL_1738,CVCL_1285,0.34046125411987305,urinary_tract,lung,False
CVCL_1738,CVCL_3954,0.3368542790412903,urinary_tract,central_nervous_system,False
CVCL_1740,CVCL_3605,0.8249005675315857,fibroblast,fibroblast,True
CVCL_1740,CVCL_0814,0.7917921543121338,fibroblast,fibroblast,True
CVCL_1740,CVCL_3806,0.7871050238609314,fibroblast,fibroblast,True
CVCL_1740,CVCL_0878,0.7509791254997253,fibroblast,fibroblast,True
CVCL_1740,CVCL_A1UX,0.7459686398506165,fibroblast,bone,False
CVCL_1740,CVCL_1031,0.7437283396720886,fibroblast,fibroblast,True
CVCL_1740,CVCL_1743,0.7432245016098022,fibroblast,fibroblast,True
CVCL_1743,CVCL_A1UX,0.824347198009491,fibroblast,bone,False
CVCL_1743,CVCL_3605,0.8097862601280212,fibroblast,fibroblast,True
CVCL_1743,CVCL_0814,0.7744013071060181,fibroblast,fibroblast,True
CVCL_1743,CVCL_3806,0.7537559270858765,fibroblast,fibroblast,True
CVCL_1743,CVCL_0878,0.7527245283126831,fibroblast,fibroblast,True
CVCL_1743,CVCL_0726,0.7156270146369934,fibroblast,fibroblast,True
CVCL_1743,CVCL_0966,0.7084811329841614,fibroblast,fibroblast,True
CVCL_1743,CVCL_0825,0.6951948404312134,fibroblast,fibroblast,True
CVCL_1743,CVCL_0882,0.6893920302391052,fibroblast,fibroblast,True
CVCL_1754,CVCL_B3PL,0.4711032211780548,soft_tissue,soft_tissue,True
CVCL_1754,CVCL_1103,0.37550169229507446,soft_tissue,bone,False
CVCL_1754,CVCL_1766,0.3276212513446808,soft_tissue,esophagus,False
CVCL_1754,CVCL_2169,0.32372409105300903,soft_tissue,bone,False
CVCL_1754,CVCL_0080,0.3090757131576538,soft_tissue,bone,False
CVCL_1754,CVCL_1542,0.3089035749435425,soft_tissue,lung,False
CVCL_1754,CVCL_0631,0.3010779619216919,soft_tissue,bone,False
CVCL_1754,CVCL_0042,0.2927892208099365,soft_tissue,bone,False
CVCL_1754,CVCL_M153,0.2910301387310028,soft_tissue,bone,False
CVCL_1754,CVCL_2409,0.28999659419059753,soft_tissue,lung,False
CVCL_1754,CVCL_1774,0.2885720729827881,soft_tissue,thyroid,False
CVCL_1754,CVCL_1174,0.2882883548736572,soft_tissue,lung,False
CVCL_1754,CVCL_6583,0.28811967372894287,soft_tissue,bone,False
CVCL_1755,CVCL_2010,0.5081180930137634,soft_tissue,ovary,False
CVCL_1755,CVCL_1174,0.4116906523704529,soft_tissue,lung,False
CVCL_1755,CVCL_1466,0.4051850438117981,soft_tissue,lung,False
CVCL_1755,CVCL_8007,0.38846343755722046,soft_tissue,soft_tissue,True
CVCL_1755,CVCL_VU69,0.38621628284454346,soft_tissue,ovary,False
CVCL_1755,CVCL_S987,0.3855971097946167,soft_tissue,ovary,False
CVCL_1759,CVCL_2678,0.4606270492076874,esophagus,upper_aerodigestive,False
CVCL_1759,CVCL_1766,0.4530262053012848,esophagus,esophagus,True
CVCL_1759,CVCL_1218,0.43628817796707153,esophagus,upper_aerodigestive,False
CVCL_1759,CVCL_1704,0.43390363454818726,esophagus,cervix,False
CVCL_1759,CVCL_0290,0.4281400740146637,esophagus,breast,False
CVCL_1759,CVCL_2312,0.42013391852378845,esophagus,upper_aerodigestive,False
CVCL_1759,CVCL_V613,0.41068151593208313,esophagus,central_nervous_system,False
CVCL_1759,CVCL_0419,0.4072248935699463,esophagus,breast,False
CVCL_1759,CVCL_2077,0.40699392557144165,esophagus,breast,False
CVCL_1759,CVCL_3087,0.39727771282196045,esophagus,upper_aerodigestive,False
CVCL_1760,CVCL_1086,0.487143874168396,esophagus,upper_aerodigestive,False
CVCL_1760,CVCL_4056,0.46053531765937805,esophagus,pancreas,False
CVCL_1760,CVCL_1337,0.44787976145744324,esophagus,upper_aerodigestive,False
CVCL_1760,CVCL_1763,0.4329443871974945,esophagus,esophagus,True
CVCL_1760,CVCL_1060,0.43018537759780884,esophagus,upper_aerodigestive,False
CVCL_1760,CVCL_1767,0.42722004652023315,esophagus,esophagus,True
CVCL_1760,CVCL_2312,0.4161086678504944,esophagus,upper_aerodigestive,False
CVCL_1760,CVCL_1765,0.41489464044570923,esophagus,esophagus,True
CVCL_1760,CVCL_3336,0.4125116169452667,esophagus,esophagus,True
CVCL_1760,CVCL_V586,0.4124775826931,esophagus,lung,False
CVCL_1760,CVCL_2681,0.40865811705589294,esophagus,upper_aerodigestive,False
CVCL_1760,CVCL_3599,0.40660664439201355,esophagus,urinary_tract,False
CVCL_1760,CVCL_0186,0.40532034635543823,esophagus,pancreas,False
CVCL_1760,CVCL_1761,0.40364521741867065,esophagus,esophagus,True
CVCL_1760,CVCL_1347,0.40332382917404175,esophagus,esophagus,True
CVCL_1761,CVCL_2661,0.7321954965591431,esophagus,esophagus,True
CVCL_1761,CVCL_5137,0.6986531019210815,esophagus,lung,False
CVCL_1761,CVCL_2679,0.6969479322433472,esophagus,upper_aerodigestive,False
CVCL_1761,CVCL_2222,0.6868776679039001,esophagus,upper_aerodigestive,False
CVCL_1761,CVCL_2943,0.6739248037338257,esophagus,skin,False
CVCL_1761,CVCL_3086,0.6619516015052795,esophagus,upper_aerodigestive,False
CVCL_1761,CVCL_V586,0.6618579626083374,esophagus,lung,False
CVCL_1761,CVCL_1063,0.6602110862731934,esophagus,epidermoid_carcinoma,False
CVCL_1761,CVCL_6950,0.6527898907661438,esophagus,cervix,False
CVCL_1761,CVCL_5071,0.6391919851303101,esophagus,colorectal,False
CVCL_1761,CVCL_1763,0.6338329911231995,esophagus,esophagus,True
CVCL_1763,CVCL_5105,0.6511801481246948,esophagus,upper_aerodigestive,False
CVCL_1763,CVCL_2679,0.6429694294929504,esophagus,upper_aerodigestive,False
CVCL_1763,CVCL_1063,0.6351731419563293,esophagus,epidermoid_carcinoma,False
CVCL_1763,CVCL_2221,0.632181704044342,esophagus,upper_aerodigestive,False
CVCL_1763,CVCL_2232,0.627187967300415,esophagus,upper_aerodigestive,False
CVCL_1763,CVCL_2314,0.6173834800720215,esophagus,upper_aerodigestive,False
CVCL_1763,CVCL_2661,0.6146872639656067,esophagus,esophagus,True
CVCL_1763,CVCL_2229,0.6128352284431458,esophagus,upper_aerodigestive,False
CVCL_1763,CVCL_2222,0.6105862855911255,esophagus,upper_aerodigestive,False
CVCL_1763,CVCL_1682,0.6090750694274902,esophagus,upper_aerodigestive,False
CVCL_1763,CVCL_2315,0.6080666184425354,esophagus,upper_aerodigestive,False
CVCL_1763,CVCL_6950,0.606937825679779,esophagus,cervix,False
CVCL_1764,CVCL_5005,0.608340859413147,esophagus,upper_aerodigestive,False
CVCL_1764,CVCL_1767,0.5470243692398071,esophagus,esophagus,True
CVCL_1764,CVCL_L085,0.5412124991416931,esophagus,upper_aerodigestive,False
CVCL_1764,CVCL_5006,0.540190577507019,esophagus,upper_aerodigestive,False
CVCL_1764,CVCL_1289,0.5296079516410828,esophagus,upper_aerodigestive,False
CVCL_1764,CVCL_1808,0.5201893448829651,esophagus,urinary_tract,False
CVCL_1764,CVCL_2678,0.50654137134552,esophagus,upper_aerodigestive,False
CVCL_1764,CVCL_1171,0.48398104310035706,esophagus,upper_aerodigestive,False
CVCL_1764,CVCL_3336,0.4806348979473114,esophagus,esophagus,True
CVCL_1764,CVCL_2312,0.47905442118644714,esophagus,upper_aerodigestive,False
CVCL_1765,CVCL_5071,0.5795619487762451,esophagus,colorectal,False
CVCL_1765,CVCL_1349,0.5347323417663574,esophagus,esophagus,True
CVCL_1765,CVCL_1289,0.5331366658210754,esophagus,upper_aerodigestive,False
CVCL_1765,CVCL_3336,0.5170349478721619,esophagus,esophagus,True
CVCL_1765,CVCL_1767,0.5026992559432983,esophagus,esophagus,True
CVCL_1765,CVCL_5480,0.499715119600296,esophagus,lung,False
CVCL_1765,CVCL_5137,0.49177274107933044,esophagus,lung,False
CVCL_1765,CVCL_2582,0.4871593713760376,esophagus,lung,False
CVCL_1765,CVCL_1083,0.47821128368377686,esophagus,urinary_tract,False
CVCL_1765,CVCL_1761,0.47405537962913513,esophagus,esophagus,True
CVCL_1765,CVCL_V586,0.47133487462997437,esophagus,lung,False
CVCL_1766,CVCL_2681,0.48812252283096313,esophagus,upper_aerodigestive,False
CVCL_1766,CVCL_V586,0.4308125972747803,esophagus,lung,False
CVCL_1766,CVCL_5071,0.42376235127449036,esophagus,colorectal,False
CVCL_1766,CVCL_2308,0.4190767705440521,esophagus,upper_aerodigestive,False
CVCL_1766,CVCL_1704,0.41842934489250183,esophagus,cervix,False
CVCL_1766,CVCL_5137,0.41553443670272827,esophagus,lung,False
CVCL_1766,CVCL_1355,0.41451185941696167,esophagus,esophagus,True
CVCL_1766,CVCL_2312,0.4063001573085785,esophagus,upper_aerodigestive,False
CVCL_1766,CVCL_1682,0.4023001492023468,esophagus,upper_aerodigestive,False
CVCL_1766,CVCL_3174,0.39885908365249634,esophagus,esophagus,True
CVCL_1766,CVCL_L079,0.3988267779350281,esophagus,upper_aerodigestive,False
CVCL_1766,CVCL_2661,0.394488126039505,esophagus,esophagus,True
CVCL_1767,CVCL_3160,0.6831240057945251,esophagus,upper_aerodigestive,False
CVCL_1767,CVCL_6950,0.6722507476806641,esophagus,cervix,False
CVCL_1767,CVCL_2315,0.6686277389526367,esophagus,upper_aerodigestive,False
CVCL_1767,CVCL_2312,0.66822749376297,esophagus,upper_aerodigestive,False
CVCL_1767,CVCL_1107,0.657535970211029,esophagus,upper_aerodigestive,False
CVCL_1767,CVCL_4056,0.6456111669540405,esophagus,pancreas,False
CVCL_1767,CVCL_5005,0.6441342234611511,esophagus,upper_aerodigestive,False
CVCL_1767,CVCL_2458,0.6434786915779114,esophagus,upper_aerodigestive,False
CVCL_1767,CVCL_2229,0.6364931464195251,esophagus,upper_aerodigestive,False
CVCL_1767,CVCL_0037,0.6331077218055725,esophagus,skin,False
CVCL_1767,CVCL_3336,0.632695198059082,esophagus,esophagus,True
CVCL_1768,CVCL_5098,0.4005131125450134,gastric,colorectal,False
CVCL_1768,CVCL_0371,0.38950657844543457,gastric,gastric,True
CVCL_1768,CVCL_LM84,0.38267654180526733,gastric,pancreas,False
CVCL_1768,CVCL_2961,0.3815014064311981,gastric,gastric,True
CVCL_1768,CVCL_1385,0.3755646049976349,gastric,colorectal,False
CVCL_1768,CVCL_0399,0.37533989548683167,gastric,colorectal,False
CVCL_1768,CVCL_5058,0.3677480220794678,gastric,colorectal,False
CVCL_1768,CVCL_0101,0.3663882315158844,gastric,gastric,True
CVCL_1768,CVCL_1980,0.3652588427066803,gastric,colorectal,False
CVCL_1768,CVCL_1046,0.36304181814193726,gastric,gastric,True
CVCL_1768,CVCL_5003,0.361281156539917,gastric,colorectal,False
CVCL_1768,CVCL_0397,0.35080763697624207,gastric,colorectal,False
CVCL_1768,CVCL_5112,0.34995660185813904,gastric,colorectal,False
CVCL_1768,CVCL_8877,0.34448790550231934,gastric,gastric,True
CVCL_1769,CVCL_1482,0.4880334734916687,bile_duct,lung,False
CVCL_1769,CVCL_1652,0.47115883231163025,bile_duct,lung,False
CVCL_1769,CVCL_1634,0.4635554850101471,bile_duct,pancreas,False
CVCL_1769,CVCL_2253,0.4404524862766266,bile_duct,cervix,False
CVCL_1769,CVCL_2738,0.43765631318092346,bile_duct,urinary_tract,False
CVCL_1769,CVCL_1114,0.43737906217575073,bile_duct,breast,False
CVCL_1769,CVCL_1086,0.43476933240890503,bile_duct,upper_aerodigestive,False
CVCL_1769,CVCL_4056,0.4245988726615906,bile_duct,pancreas,False
CVCL_1769,CVCL_V613,0.4222245216369629,bile_duct,central_nervous_system,False
CVCL_1769,CVCL_1105,0.41379064321517944,bile_duct,lung,False
CVCL_1769,CVCL_2582,0.41301020979881287,bile_duct,lung,False
CVCL_1771,CVCL_2143,0.6722525358200073,peripheral_nervous_system,peripheral_nervous_system,True
CVCL_1771,CVCL_2141,0.6704608798027039,peripheral_nervous_system,peripheral_nervous_system,True
CVCL_1771,CVCL_1123,0.6700082421302795,peripheral_nervous_system,peripheral_nervous_system,True
CVCL_1771,CVCL_AX42,0.6679387092590332,peripheral_nervous_system,peripheral_nervous_system,True
CVCL_1771,CVCL_1606,0.6626399159431458,peripheral_nervous_system,peripheral_nervous_system,True
CVCL_1771,CVCL_2092,0.6593129634857178,peripheral_nervous_system,peripheral_nervous_system,True
CVCL_1771,CVCL_2105,0.6454924941062927,peripheral_nervous_system,peripheral_nervous_system,True
CVCL_1771,CVCL_0346,0.6425461769104004,peripheral_nervous_system,peripheral_nervous_system,True
CVCL_1771,CVCL_1339,0.6374977231025696,peripheral_nervous_system,peripheral_nervous_system,True
CVCL_1771,CVCL_1124,0.6308642029762268,peripheral_nervous_system,peripheral_nervous_system,True
CVCL_1771,CVCL_AX49,0.6272129416465759,peripheral_nervous_system,peripheral_nervous_system,True
CVCL_1771,CVCL_5627,0.6246521472930908,peripheral_nervous_system,peripheral_nervous_system,True
CVCL_1774,CVCL_1565,0.6490646004676819,thyroid,lung,False
CVCL_1774,CVCL_1454,0.6335934996604919,thyroid,lung,False
CVCL_1774,CVCL_1522,0.6273605823516846,thyroid,lung,False
CVCL_1774,CVCL_1140,0.6176160573959351,thyroid,lung,False
CVCL_1774,CVCL_1175,0.5998184084892273,thyroid,lung,False
CVCL_1774,CVCL_1391,0.5947933793067932,thyroid,lung,False
CVCL_1774,CVCL_1128,0.5770431160926819,thyroid,lung,False
CVCL_1774,CVCL_2186,0.5712381601333618,thyroid,lung,False
CVCL_1774,CVCL_1525,0.5704397559165955,thyroid,lung,False
CVCL_1774,CVCL_1579,0.5673672556877136,thyroid,lung,False
CVCL_1774,CVCL_0024,0.5627214312553406,thyroid,lung,False
CVCL_1776,CVCL_2071,0.3674112558364868,ovary,blood,False
CVCL_1776,CVCL_2091,0.32937872409820557,ovary,blood,False
CVCL_1776,CVCL_5224,0.29687264561653137,ovary,blood,False
CVCL_1776,CVCL_1230,0.29004278779029846,ovary,blood,False
CVCL_1776,CVCL_0374,0.2719843089580536,ovary,blood,False
CVCL_1776,CVCL_1094,0.2609899640083313,ovary,cervix,False
CVCL_1776,CVCL_8878,0.25011029839515686,ovary,ovary,True
CVCL_1776,CVCL_1380,0.24480921030044556,ovary,blood,False
CVCL_1776,CVCL_0243,0.24271689355373383,ovary,pancreas,False
CVCL_1776,CVCL_M846,0.23782381415367126,ovary,soft_tissue,False
CVCL_1776,CVCL_2118,0.22892354428768158,ovary,blood,False
CVCL_1776,CVCL_1426,0.22278381884098053,ovary,blood,False
CVCL_1776,CVCL_2130,0.2173113375902176,ovary,blood,False
CVCL_1776,CVCL_2191,0.2070314586162567,ovary,blood,False
CVCL_1779,CVCL_5951,0.8215110301971436,skin,skin,True
CVCL_1779,CVCL_2075,0.8034179210662842,skin,skin,True
CVCL_1779,CVCL_3962,0.7761536240577698,skin,central_nervous_system,False
CVCL_1779,CVCL_2608,0.7678766250610352,skin,skin,True
CVCL_1779,CVCL_B4KU,0.7576494812965393,skin,skin,True
CVCL_1779,CVCL_2950,0.7518061995506287,skin,skin,True
CVCL_1779,CVCL_2605,0.7373360395431519,skin,skin,True
CVCL_1780,CVCL_A1VN,0.8977720141410828,skin,skin,True
CVCL_1780,CVCL_2765,0.6729481220245361,skin,skin,True
CVCL_1780,CVCL_0527,0.6723728179931641,skin,skin,True
CVCL_1780,CVCL_1036,0.660413384437561,skin,skin,True
CVCL_1780,CVCL_A341,0.6503583788871765,skin,skin,True
CVCL_1780,CVCL_0318,0.6460045576095581,skin,skin,True
CVCL_1780,CVCL_1137,0.6263774633407593,skin,skin,True
CVCL_1780,CVCL_6805,0.6235550045967102,skin,skin,True
CVCL_1780,CVCL_2408,0.6233845353126526,skin,skin,True
CVCL_1780,CVCL_B4KU,0.6217288970947266,skin,skin,True
CVCL_1780,CVCL_0331,0.6174961924552917,skin,skin,True
CVCL_1781,CVCL_2319,0.6497171521186829,breast,breast,True
CVCL_1781,CVCL_1812,0.5987250804901123,breast,breast,True
CVCL_1781,CVCL_2062,0.4754658639431,breast,breast,True
CVCL_1781,CVCL_1782,0.46814483404159546,breast,breast,True
CVCL_1781,CVCL_5591,0.44920599460601807,breast,breast,True
CVCL_1782,CVCL_2062,0.5318023562431335,breast,breast,True
CVCL_1782,CVCL_1812,0.5285282731056213,breast,breast,True
CVCL_1782,CVCL_3425,0.5161622762680054,breast,breast,True
CVCL_1782,CVCL_3423,0.5057143568992615,breast,breast,True
CVCL_1782,CVCL_2319,0.47828009724617004,breast,breast,True
CVCL_1783,CVCL_1229,0.3744562268257141,urinary_tract,soft_tissue,False
CVCL_1783,CVCL_2856,0.3713127076625824,urinary_tract,thyroid,False
CVCL_1783,CVCL_5723,0.3658806383609772,urinary_tract,central_nervous_system,False
CVCL_1783,CVCL_A758,0.3488776385784149,urinary_tract,central_nervous_system,False
CVCL_1783,CVCL_3509,0.3377508819103241,urinary_tract,ovary,False
CVCL_1783,CVCL_WU66,0.3269558548927307,urinary_tract,bone,False
CVCL_1783,CVCL_0463,0.32687416672706604,urinary_tract,lung,False
CVCL_1783,CVCL_0366,0.3262312412261963,urinary_tract,liver,False
CVCL_1783,CVCL_L088,0.3244263529777527,urinary_tract,lung,False
CVCL_1783,CVCL_2447,0.31858599185943604,urinary_tract,thyroid,False
CVCL_1783,CVCL_1226,0.31767386198043823,urinary_tract,central_nervous_system,False
CVCL_1783,CVCL_2947,0.3173213005065918,urinary_tract,liver,False
CVCL_1783,CVCL_0042,0.30580759048461914,urinary_tract,bone,False
CVCL_1783,CVCL_0633,0.30224570631980896,urinary_tract,central_nervous_system,False
CVCL_1785,CVCL_1791,0.49012765288352966,soft_tissue,kidney,False
CVCL_1785,CVCL_0234,0.40758320689201355,soft_tissue,kidney,False
CVCL_1785,CVCL_1067,0.390593558549881,soft_tissue,kidney,False
CVCL_1785,CVCL_2929,0.38945725560188293,soft_tissue,uterus,False
CVCL_1785,CVCL_1111,0.3832195997238159,soft_tissue,kidney,False
CVCL_1785,CVCL_2787,0.3758726716041565,soft_tissue,liver,False
CVCL_1785,CVCL_1647,0.3680594563484192,soft_tissue,kidney,False
CVCL_1785,CVCL_E115,0.35784444212913513,soft_tissue,uterus,False
CVCL_1785,CVCL_2682,0.3569125831127167,soft_tissue,ovary,False
CVCL_1785,CVCL_1911,0.3564979135990143,soft_tissue,kidney,False
CVCL_1785,CVCL_5952,0.3559792935848236,soft_tissue,kidney,False
CVCL_1785,CVCL_1065,0.3539968430995941,soft_tissue,kidney,False
CVCL_1785,CVCL_V610,0.3528837561607361,soft_tissue,kidney,False
CVCL_1785,CVCL_4657,0.35187163949012756,soft_tissue,uterus,False
CVCL_1786,CVCL_2679,0.530428409576416,urinary_tract,upper_aerodigestive,False
CVCL_1786,CVCL_3336,0.5172945857048035,urinary_tract,esophagus,False
CVCL_1786,CVCL_3174,0.5109588503837585,urinary_tract,esophagus,False
CVCL_1786,CVCL_4056,0.5072294473648071,urinary_tract,pancreas,False
CVCL_1786,CVCL_2681,0.5031587481498718,urinary_tract,upper_aerodigestive,False
CVCL_1786,CVCL_0186,0.5023546814918518,urinary_tract,pancreas,False
CVCL_1786,CVCL_1682,0.49715420603752136,urinary_tract,upper_aerodigestive,False
CVCL_1786,CVCL_1086,0.4934045374393463,urinary_tract,upper_aerodigestive,False
CVCL_1786,CVCL_1107,0.49278318881988525,urinary_tract,upper_aerodigestive,False
CVCL_1786,CVCL_2313,0.4889736473560333,urinary_tract,upper_aerodigestive,False
CVCL_1786,CVCL_1763,0.4884018003940582,urinary_tract,esophagus,False
CVCL_1786,CVCL_0037,0.4866162836551666,urinary_tract,skin,False
CVCL_1786,CVCL_2222,0.48400235176086426,urinary_tract,upper_aerodigestive,False
CVCL_1786,CVCL_3599,0.4761272966861725,urinary_tract,urinary_tract,True
CVCL_1786,CVCL_1102,0.47405922412872314,urinary_tract,upper_aerodigestive,False
CVCL_1790,CVCL_6186,0.5485876798629761,kidney,kidney,True
CVCL_1790,CVCL_1111,0.5290078520774841,kidney,kidney,True
CVCL_1790,CVCL_2985,0.5287175178527832,kidney,kidney,True
CVCL_1790,CVCL_V607,0.5142882466316223,kidney,kidney,True
CVCL_1790,CVCL_5953,0.5116462707519531,kidney,kidney,True
CVCL_1790,CVCL_V605,0.4971238374710083,kidney,kidney,True
CVCL_1790,CVCL_V612,0.4890301525592804,kidney,kidney,True
CVCL_1790,CVCL_5957,0.48420006036758423,kidney,kidney,True
CVCL_1790,CVCL_1056,0.48360857367515564,kidney,kidney,True
CVCL_1790,CVCL_1555,0.48159098625183105,kidney,lung,False
CVCL_1790,CVCL_1626,0.4806509017944336,kidney,kidney,True
CVCL_1790,CVCL_1050,0.47779396176338196,kidney,kidney,True
CVCL_1790,CVCL_5952,0.45744064450263977,kidney,kidney,True
CVCL_1790,CVCL_V610,0.44351503252983093,kidney,kidney,True
CVCL_1791,CVCL_V610,0.6766592860221863,kidney,kidney,True
CVCL_1791,CVCL_2986,0.6140859127044678,kidney,kidney,True
CVCL_1791,CVCL_5953,0.6130722165107727,kidney,kidney,True
CVCL_1791,CVCL_V612,0.5978498458862305,kidney,kidney,True
CVCL_1791,CVCL_2984,0.553179144859314,kidney,kidney,True
CVCL_1791,CVCL_V607,0.5488799214363098,kidney,kidney,True
CVCL_1791,CVCL_2923,0.5433284044265747,kidney,uterus,False
CVCL_1791,CVCL_8788,0.5417299866676331,kidney,kidney,True
CVCL_1792,CVCL_1893,0.7536896467208862,eye,eye,True
CVCL_1792,CVCL_1389,0.5989853739738464,eye,lung,False
CVCL_1792,CVCL_0024,0.5836552977561951,eye,lung,False
CVCL_1792,CVCL_1124,0.581428587436676,eye,peripheral_nervous_system,False
CVCL_1792,CVCL_5602,0.5795648694038391,eye,peripheral_nervous_system,False
CVCL_1792,CVCL_0346,0.5792784690856934,eye,peripheral_nervous_system,False
CVCL_1792,CVCL_2141,0.5790138244628906,eye,peripheral_nervous_system,False
CVCL_1792,CVCL_1536,0.5765182375907898,eye,lung,False
CVCL_1792,CVCL_VU79,0.5699530243873596,eye,central_nervous_system,False
CVCL_1792,CVCL_1489,0.5571845173835754,eye,lung,False
CVCL_1793,CVCL_2206,0.6980001330375671,lymphocyte,lymphocyte,True
CVCL_1793,CVCL_0539,0.6963813304901123,lymphocyte,lymphocyte,True
CVCL_1793,CVCL_1399,0.6668041348457336,lymphocyte,lymphocyte,True
CVCL_1793,CVCL_3302,0.6665650010108948,lymphocyte,lymphocyte,True
CVCL_1793,CVCL_1889,0.6606330871582031,lymphocyte,lymphocyte,True
CVCL_1793,CVCL_1967,0.6536102890968323,lymphocyte,lymphocyte,True
CVCL_1793,CVCL_8800,0.6481922268867493,lymphocyte,lymphocyte,True
CVCL_1793,CVCL_1902,0.6478180885314941,lymphocyte,lymphocyte,True
CVCL_1793,CVCL_1660,0.6442468762397766,lymphocyte,lymphocyte,True
CVCL_1793,CVCL_B371,0.6435903310775757,lymphocyte,lymphocyte,True
CVCL_1793,CVCL_1735,0.6307122707366943,lymphocyte,lymphocyte,True
CVCL_1793,CVCL_1877,0.6243757605552673,lymphocyte,lymphocyte,True
CVCL_1793,CVCL_1087,0.62152099609375,lymphocyte,lymphocyte,True
CVCL_1793,CVCL_1088,0.6210213899612427,lymphocyte,lymphocyte,True
CVCL_1794,CVCL_5101,0.521918773651123,pancreas,bile_duct,False
CVCL_1794,CVCL_1119,0.5164107084274292,pancreas,pancreas,True
CVCL_1794,CVCL_0237,0.4869449734687805,pancreas,pancreas,True
CVCL_1794,CVCL_3881,0.4830763339996338,pancreas,pancreas,True
CVCL_1794,CVCL_0026,0.46782147884368896,pancreas,pancreas,True
CVCL_1794,CVCL_5015,0.4521383047103882,pancreas,bile_duct,False
CVCL_1794,CVCL_A1UH,0.4454438388347626,pancreas,pancreas,True
CVCL_1794,CVCL_5034,0.440056711435318,pancreas,pancreas,True
CVCL_1794,CVCL_0101,0.4396422207355499,pancreas,gastric,False
CVCL_1794,CVCL_1849,0.4300832748413086,pancreas,pancreas,True
CVCL_1794,CVCL_A1VG,0.4214399755001068,pancreas,bile_duct,False
CVCL_1794,CVCL_1482,0.416136234998703,pancreas,lung,False
CVCL_1795,CVCL_3603,0.574457585811615,central_nervous_system,thyroid,False
CVCL_1795,CVCL_1798,0.5713874101638794,central_nervous_system,central_nervous_system,True
CVCL_1795,CVCL_3960,0.5482679009437561,central_nervous_system,central_nervous_system,True
CVCL_1795,CVCL_1R16,0.5449824929237366,central_nervous_system,central_nervous_system,True
CVCL_1795,CVCL_5010,0.5388131141662598,central_nervous_system,central_nervous_system,True
CVCL_1795,CVCL_5069,0.535206139087677,central_nervous_system,central_nervous_system,True
CVCL_1795,CVCL_3956,0.5109512209892273,central_nervous_system,central_nervous_system,True
CVCL_1795,CVCL_0941,0.5101169943809509,central_nervous_system,fibroblast,False
CVCL_1795,CVCL_2297,0.501962423324585,central_nervous_system,central_nervous_system,True
CVCL_1795,CVCL_V617,0.5003596544265747,central_nervous_system,fibroblast,False
CVCL_1796,CVCL_0844,0.5204437971115112,central_nervous_system,central_nervous_system,True
CVCL_1796,CVCL_5010,0.5049347877502441,central_nervous_system,central_nervous_system,True
CVCL_1796,CVCL_1722,0.500449538230896,central_nervous_system,central_nervous_system,True
CVCL_1796,CVCL_4773,0.47532421350479126,central_nervous_system,central_nervous_system,True
CVCL_1796,CVCL_5069,0.4729646146297455,central_nervous_system,central_nervous_system,True
CVCL_1796,CVCL_2971,0.47261539101600647,central_nervous_system,central_nervous_system,True
CVCL_1796,CVCL_1795,0.465709924697876,central_nervous_system,central_nervous_system,True
CVCL_1796,CVCL_2297,0.46358224749565125,central_nervous_system,central_nervous_system,True
CVCL_1798,CVCL_1R16,0.6582088470458984,central_nervous_system,central_nervous_system,True
CVCL_1798,CVCL_3960,0.6290541291236877,central_nervous_system,central_nervous_system,True
CVCL_1798,CVCL_5069,0.5758183002471924,central_nervous_system,central_nervous_system,True
CVCL_1798,CVCL_3603,0.5552951097488403,central_nervous_system,thyroid,False
CVCL_1798,CVCL_5010,0.5454686284065247,central_nervous_system,central_nervous_system,True
CVCL_1798,CVCL_0844,0.5445085167884827,central_nervous_system,central_nervous_system,True
CVCL_1798,CVCL_3956,0.533872127532959,central_nervous_system,central_nervous_system,True
CVCL_1798,CVCL_0846,0.5037534832954407,central_nervous_system,fibroblast,False
CVCL_1798,CVCL_A1UY,0.4955192804336548,central_nervous_system,soft_tissue,False
CVCL_1805,CVCL_1913,0.7182229161262512,blood,blood,True
CVCL_1805,CVCL_1820,0.6686890125274658,blood,blood,True
CVCL_1805,CVCL_2022,0.6669575572013855,blood,blood,True
CVCL_1806,CVCL_2991,0.6401726007461548,plasma_cell,plasma_cell,True
CVCL_1806,CVCL_5209,0.6153331398963928,plasma_cell,plasma_cell,True
CVCL_1806,CVCL_2992,0.5953037738800049,plasma_cell,plasma_cell,True
CVCL_1806,CVCL_2123,0.5936197638511658,plasma_cell,plasma_cell,True
CVCL_1806,CVCL_2972,0.5924357771873474,plasma_cell,plasma_cell,True
CVCL_1806,CVCL_E332,0.5549300312995911,plasma_cell,plasma_cell,True
CVCL_1806,CVCL_2994,0.5548746585845947,plasma_cell,plasma_cell,True
CVCL_1806,CVCL_5210,0.5510365962982178,plasma_cell,plasma_cell,True
CVCL_1806,CVCL_1823,0.5397791266441345,plasma_cell,plasma_cell,True
CVCL_1806,CVCL_2124,0.5303096771240234,plasma_cell,plasma_cell,True
CVCL_1808,CVCL_2232,0.6491745114326477,urinary_tract,upper_aerodigestive,False
CVCL_1808,CVCL_6950,0.6452310681343079,urinary_tract,cervix,False
CVCL_1808,CVCL_2678,0.6400782465934753,urinary_tract,upper_aerodigestive,False
CVCL_1808,CVCL_2229,0.637368381023407,urinary_tract,upper_aerodigestive,False
CVCL_1808,CVCL_2312,0.6355077028274536,urinary_tract,upper_aerodigestive,False
CVCL_1808,CVCL_2679,0.6350645422935486,urinary_tract,upper_aerodigestive,False
CVCL_1808,CVCL_2750,0.6259072422981262,urinary_tract,urinary_tract,True
CVCL_1808,CVCL_1681,0.6220580339431763,urinary_tract,upper_aerodigestive,False
CVCL_1808,CVCL_5006,0.6119387745857239,urinary_tract,upper_aerodigestive,False
CVCL_1808,CVCL_1107,0.611214280128479,urinary_tract,upper_aerodigestive,False
CVCL_1808,CVCL_2313,0.607591986656189,urinary_tract,upper_aerodigestive,False
CVCL_1808,CVCL_0037,0.6022964715957642,urinary_tract,skin,False
CVCL_1808,CVCL_2743,0.60076504945755,urinary_tract,urinary_tract,True
CVCL_1809,CVCL_0966,0.5947292447090149,bone,fibroblast,False
CVCL_1809,CVCL_3806,0.555267870426178,bone,fibroblast,False
CVCL_1809,CVCL_A1UY,0.5534502267837524,bone,soft_tissue,False
CVCL_1809,CVCL_0959,0.5481687784194946,bone,fibroblast,False
CVCL_1809,CVCL_WU66,0.5414899587631226,bone,bone,True
CVCL_1809,CVCL_0814,0.5386864542961121,bone,fibroblast,False
CVCL_1809,CVCL_1031,0.5202575325965881,bone,fibroblast,False
CVCL_1809,CVCL_0846,0.5151746869087219,bone,fibroblast,False
CVCL_1809,CVCL_0891,0.5093551874160767,bone,fibroblast,False
CVCL_1809,CVCL_0928,0.5075793862342834,bone,fibroblast,False
CVCL_1809,CVCL_3605,0.498049259185791,bone,fibroblast,False
CVCL_1809,CVCL_0933,0.4976707100868225,bone,fibroblast,False
CVCL_1809,CVCL_0715,0.49528273940086365,bone,fibroblast,False
CVCL_1812,CVCL_2319,0.5871956944465637,breast,breast,True
CVCL_1812,CVCL_2062,0.5298045873641968,breast,breast,True
CVCL_1818,CVCL_Y548,0.7807424068450928,lymphocyte,blood,False
CVCL_1818,CVCL_1870,0.7590494155883789,lymphocyte,blood,False
CVCL_1818,CVCL_2027,0.7505044937133789,lymphocyte,lymphocyte,True
CVCL_1818,CVCL_1861,0.7189503908157349,lymphocyte,lymphocyte,True
CVCL_1818,CVCL_4613,0.7002063989639282,lymphocyte,blood,False
CVCL_1818,CVCL_Y549,0.6884625554084778,lymphocyte,blood,False
CVCL_1818,CVCL_3386,0.6723920106887817,lymphocyte,plasma_cell,False
CVCL_1818,CVCL_1872,0.6710796356201172,lymphocyte,lymphocyte,True
CVCL_1818,CVCL_0067,0.6534743905067444,lymphocyte,lymphocyte,True
CVCL_1819,CVCL_B371,0.7253804206848145,lymphocyte,lymphocyte,True
CVCL_1819,CVCL_1902,0.7010253667831421,lymphocyte,lymphocyte,True
CVCL_1819,CVCL_0823,0.7008817195892334,lymphocyte,lymphocyte,True
CVCL_1819,CVCL_2539,0.6927236914634705,lymphocyte,lymphocyte,True
CVCL_1819,CVCL_1861,0.6924892067909241,lymphocyte,lymphocyte,True
CVCL_1819,CVCL_1881,0.6909745931625366,lymphocyte,lymphocyte,True
CVCL_1819,CVCL_1967,0.6748067140579224,lymphocyte,lymphocyte,True
CVCL_1819,CVCL_2206,0.6727240085601807,lymphocyte,lymphocyte,True
CVCL_1820,CVCL_2022,0.6299128532409668,blood,blood,True
CVCL_1820,CVCL_1913,0.6159933805465698,blood,blood,True
CVCL_1820,CVCL_1126,0.542058527469635,blood,blood,True
CVCL_1820,CVCL_1150,0.5076773762702942,blood,blood,True
CVCL_1820,CVCL_1380,0.4997742474079132,blood,blood,True
CVCL_1823,CVCL_2123,0.6070747375488281,plasma_cell,plasma_cell,True
CVCL_1823,CVCL_1660,0.5809314250946045,plasma_cell,lymphocyte,False
CVCL_1823,CVCL_5209,0.5702872276306152,plasma_cell,plasma_cell,True
CVCL_1823,CVCL_Y545,0.5550936460494995,plasma_cell,blood,False
CVCL_1823,CVCL_2030,0.5474886894226074,plasma_cell,plasma_cell,True
CVCL_1823,CVCL_8792,0.5364760756492615,plasma_cell,plasma_cell,True
CVCL_1823,CVCL_0511,0.5344152450561523,plasma_cell,lymphocyte,False
CVCL_1823,CVCL_1819,0.5269168019294739,plasma_cell,lymphocyte,False
CVCL_1823,CVCL_3386,0.5265827178955078,plasma_cell,plasma_cell,True
CVCL_1823,CVCL_E333,0.5247061252593994,plasma_cell,plasma_cell,True
CVCL_1823,CVCL_0067,0.5235275626182556,plasma_cell,lymphocyte,False
CVCL_1823,CVCL_1186,0.5218368768692017,plasma_cell,lymphocyte,False
CVCL_1829,CVCL_5602,0.7152155041694641,peripheral_nervous_system,peripheral_nervous_system,True
CVCL_1829,CVCL_1123,0.7123321294784546,peripheral_nervous_system,peripheral_nervous_system,True
CVCL_1829,CVCL_5627,0.6771230697631836,peripheral_nervous_system,peripheral_nervous_system,True
CVCL_1829,CVCL_1606,0.6692807674407959,peripheral_nervous_system,peripheral_nervous_system,True
CVCL_1829,CVCL_2092,0.6675039529800415,peripheral_nervous_system,peripheral_nervous_system,True
CVCL_1829,CVCL_1339,0.6610897779464722,peripheral_nervous_system,peripheral_nervous_system,True
CVCL_1829,CVCL_2143,0.6592668294906616,peripheral_nervous_system,peripheral_nervous_system,True
CVCL_1829,CVCL_0528,0.6438373327255249,peripheral_nervous_system,peripheral_nervous_system,True
CVCL_1829,CVCL_1701,0.6437399983406067,peripheral_nervous_system,peripheral_nervous_system,True
CVCL_1829,CVCL_1702,0.6436315774917603,peripheral_nervous_system,peripheral_nervous_system,True
CVCL_1829,CVCL_1695,0.6367849707603455,peripheral_nervous_system,peripheral_nervous_system,True
CVCL_1829,CVCL_2141,0.6310989856719971,peripheral_nervous_system,peripheral_nervous_system,True
CVCL_1829,CVCL_6594,0.6261475086212158,peripheral_nervous_system,peripheral_nervous_system,True
CVCL_1829,CVCL_1412,0.6246469020843506,peripheral_nervous_system,peripheral_nervous_system,True
CVCL_1829,CVCL_0346,0.6218054294586182,peripheral_nervous_system,peripheral_nervous_system,True
CVCL_1834,CVCL_1835,0.7173996567726135,blood,blood,True
CVCL_1834,CVCL_8227,0.6580412983894348,blood,blood,True
CVCL_1834,CVCL_1851,0.6441551446914673,blood,blood,True
CVCL_1834,CVCL_S906,0.602912425994873,blood,blood,True
CVCL_1835,CVCL_8227,0.7120830416679382,blood,blood,True
CVCL_1835,CVCL_1851,0.6697202324867249,blood,blood,True
CVCL_1842,CVCL_2949,0.4158251881599426,esophagus,breast,False
CVCL_1842,CVCL_2010,0.3111394941806793,esophagus,ovary,False
CVCL_1842,CVCL_2059,0.2846933603286743,esophagus,lung,False
CVCL_1842,CVCL_2067,0.27526527643203735,esophagus,breast,False
CVCL_1842,CVCL_1261,0.2736811935901642,esophagus,breast,False
CVCL_1842,CVCL_5591,0.2563365399837494,esophagus,breast,False
CVCL_1842,CVCL_1252,0.252023309469223,esophagus,breast,False
CVCL_1842,CVCL_1679,0.2414187639951706,esophagus,lung,False
CVCL_1842,CVCL_8007,0.2407541573047638,esophagus,soft_tissue,False
CVCL_1842,CVCL_2062,0.22982898354530334,esophagus,breast,False
CVCL_1842,CVCL_0060,0.22783809900283813,esophagus,lung,False
CVCL_1842,CVCL_1259,0.2276959866285324,esophagus,breast,False
CVCL_1844,CVCL_2161,0.7219663858413696,blood,blood,True
CVCL_1844,CVCL_1632,0.6774680614471436,blood,blood,True
CVCL_1844,CVCL_1425,0.6608196496963501,blood,blood,True
CVCL_1844,CVCL_1619,0.6588910818099976,blood,blood,True
CVCL_1844,CVCL_0098,0.6558663845062256,blood,blood,True
CVCL_1844,CVCL_2119,0.653332531452179,blood,blood,True
CVCL_1844,CVCL_7916,0.6460599303245544,blood,blood,True
CVCL_1844,CVCL_2162,0.63353431224823,blood,blood,True
CVCL_1844,CVCL_1620,0.6174642443656921,blood,blood,True
CVCL_1844,CVCL_1609,0.614632248878479,blood,blood,True
CVCL_1845,CVCL_8098,0.46583816409111023,pancreas,esophagus,False
CVCL_1845,CVCL_3338,0.4256894290447235,pancreas,colorectal,False
CVCL_1845,CVCL_1633,0.41566264629364014,pancreas,pancreas,True
CVCL_1845,CVCL_1638,0.3908333480358124,pancreas,pancreas,True
CVCL_1845,CVCL_S507,0.38721388578414917,pancreas,pancreas,True
CVCL_1845,CVCL_1635,0.38711121678352356,pancreas,pancreas,True
CVCL_1845,CVCL_1639,0.3847446143627167,pancreas,pancreas,True
CVCL_1845,CVCL_A1VH,0.38386544585227966,pancreas,bile_duct,False
CVCL_1845,CVCL_5015,0.3806162476539612,pancreas,bile_duct,False
CVCL_1845,CVCL_1105,0.37823694944381714,pancreas,lung,False
CVCL_1845,CVCL_1640,0.3720066547393799,pancreas,lung,False
CVCL_1845,CVCL_3020,0.36668434739112854,pancreas,ovary,False
CVCL_1845,CVCL_0471,0.36089813709259033,pancreas,esophagus,False
CVCL_1845,CVCL_5002,0.357142835855484,pancreas,colorectal,False
CVCL_1846,CVCL_4846,0.6080299019813538,pancreas,gastric,False
CVCL_1846,CVCL_EG22,0.5923494100570679,pancreas,colorectal,False
CVCL_1846,CVCL_5079,0.5739311575889587,pancreas,gastric,False
CVCL_1846,CVCL_5072,0.5535585880279541,pancreas,gastric,False
CVCL_1846,CVCL_9980,0.5507914423942566,pancreas,colorectal,False
CVCL_1846,CVCL_5078,0.5339460968971252,pancreas,colorectal,False
CVCL_1846,CVCL_4645,0.523737370967865,pancreas,ovary,False
CVCL_1846,CVCL_8877,0.5232481360435486,pancreas,gastric,False
CVCL_1847,CVCL_3015,0.2660313546657562,pancreas,lung,False
CVCL_1847,CVCL_4402,0.22827275097370148,pancreas,lung,False
CVCL_1847,CVCL_1417,0.19823069870471954,pancreas,gastric,False
CVCL_1847,CVCL_0126,0.1973751336336136,pancreas,urinary_tract,False
CVCL_1847,CVCL_1049,0.1962355375289917,pancreas,urinary_tract,False
CVCL_1847,CVCL_1634,0.1879875659942627,pancreas,pancreas,True
CVCL_1847,CVCL_V613,0.18782195448875427,pancreas,central_nervous_system,False
CVCL_1847,CVCL_5126,0.18465809524059296,pancreas,lung,False
CVCL_1847,CVCL_2270,0.18398824334144592,pancreas,bone,False
CVCL_1847,CVCL_0525,0.18096990883350372,pancreas,liver,False
CVCL_1847,CVCL_1612,0.17449121177196503,pancreas,gastric,False
CVCL_1847,CVCL_0026,0.17253124713897705,pancreas,pancreas,True
CVCL_1847,CVCL_1288,0.1705177128314972,pancreas,upper_aerodigestive,False
CVCL_1848,CVCL_3946,0.405827134847641,pancreas,gastric,False
CVCL_1848,CVCL_VV27,0.37922316789627075,pancreas,bile_duct,False
CVCL_1848,CVCL_0201,0.35568833351135254,pancreas,ovary,False
CVCL_1848,CVCL_0026,0.35452502965927124,pancreas,pancreas,True
CVCL_1848,CVCL_1105,0.3544991612434387,pancreas,lung,False
CVCL_1848,CVCL_2752,0.34915438294410706,pancreas,urinary_tract,False
CVCL_1848,CVCL_4717,0.3424857556819916,pancreas,pancreas,True
CVCL_1848,CVCL_2312,0.3419485092163086,pancreas,upper_aerodigestive,False
CVCL_1848,CVCL_2425,0.3364623486995697,pancreas,ovary,False
CVCL_1848,CVCL_2314,0.3352171778678894,pancreas,upper_aerodigestive,False
CVCL_1848,CVCL_3158,0.334099143743515,pancreas,ovary,False
CVCL_1848,CVCL_1639,0.332969069480896,pancreas,pancreas,True
CVCL_1848,CVCL_5005,0.3256770670413971,pancreas,upper_aerodigestive,False
CVCL_1848,CVCL_0505,0.3241674304008484,pancreas,uterus,False
CVCL_1849,CVCL_S507,0.5752345323562622,pancreas,pancreas,True
CVCL_1849,CVCL_A1VG,0.5337804555892944,pancreas,bile_duct,False
CVCL_1849,CVCL_M465,0.5100316405296326,pancreas,pancreas,True
CVCL_1849,CVCL_M469,0.4910261631011963,pancreas,pancreas,True
CVCL_1849,CVCL_A1UH,0.4865902364253998,pancreas,pancreas,True
CVCL_1849,CVCL_M466,0.4821401536464691,pancreas,pancreas,True
CVCL_1849,CVCL_5034,0.4749981462955475,pancreas,pancreas,True
CVCL_1849,CVCL_3004,0.47103697061538696,pancreas,pancreas,True
CVCL_1849,CVCL_0237,0.47079843282699585,pancreas,pancreas,True
CVCL_1849,CVCL_EG28,0.46996206045150757,pancreas,colorectal,False
CVCL_1850,CVCL_A1VD,0.576849639415741,pancreas,bile_duct,False
CVCL_1850,CVCL_5079,0.5142130851745605,pancreas,gastric,False
CVCL_1850,CVCL_1846,0.48965010046958923,pancreas,pancreas,True
CVCL_1850,CVCL_3840,0.48408764600753784,pancreas,liver,False
CVCL_1850,CVCL_A1UZ,0.47724175453186035,pancreas,bile_duct,False
CVCL_1850,CVCL_4896,0.4716712534427643,pancreas,bile_duct,False
CVCL_1850,CVCL_2956,0.4639945924282074,pancreas,liver,False
CVCL_1850,CVCL_2805,0.45894500613212585,pancreas,liver,False
CVCL_1850,CVCL_A1VF,0.45801594853401184,pancreas,bile_duct,False
CVCL_1850,CVCL_0336,0.4400595724582672,pancreas,liver,False
CVCL_1850,CVCL_0237,0.43958449363708496,pancreas,pancreas,True
CVCL_1850,CVCL_5599,0.43433305621147156,pancreas,bile_duct,False
CVCL_1850,CVCL_9980,0.43395885825157166,pancreas,colorectal,False
CVCL_1851,CVCL_0093,0.6211114525794983,blood,blood,True
CVCL_1851,CVCL_1878,0.617538571357727,blood,lymphocyte,False
CVCL_1851,CVCL_1873,0.6134482622146606,blood,blood,True
CVCL_1851,CVCL_8227,0.6095985174179077,blood,blood,True
CVCL_1852,CVCL_1101,0.6682963967323303,blood,lymphocyte,False
CVCL_1852,CVCL_0067,0.631309986114502,blood,lymphocyte,False
CVCL_1852,CVCL_1819,0.6122939586639404,blood,lymphocyte,False
CVCL_1852,CVCL_1865,0.6097599864006042,blood,lymphocyte,False
CVCL_1852,CVCL_1222,0.6048924922943115,blood,lymphocyte,False
CVCL_1852,CVCL_0597,0.6005663871765137,blood,lymphocyte,False
CVCL_1852,CVCL_1881,0.5988329648971558,blood,lymphocyte,False
CVCL_1852,CVCL_1087,0.5956121683120728,blood,lymphocyte,False
CVCL_1852,CVCL_1877,0.5936508178710938,blood,lymphocyte,False
CVCL_1852,CVCL_2539,0.5931519269943237,blood,lymphocyte,False
CVCL_1852,CVCL_1872,0.5907179713249207,blood,lymphocyte,False
CVCL_1852,CVCL_1660,0.58620285987854,blood,lymphocyte,False
CVCL_1852,CVCL_X504,0.5846786499023438,blood,lymphocyte,False
CVCL_1852,CVCL_B371,0.5780133008956909,blood,lymphocyte,False
CVCL_1852,CVCL_0539,0.5724508762359619,blood,lymphocyte,False
CVCL_1861,CVCL_2027,0.7956317663192749,lymphocyte,lymphocyte,True
CVCL_1861,CVCL_1870,0.7261597514152527,lymphocyte,blood,False
CVCL_1861,CVCL_Y549,0.7227786183357239,lymphocyte,blood,False
CVCL_1861,CVCL_2676,0.7114454507827759,lymphocyte,lymphocyte,True
CVCL_1861,CVCL_3386,0.7072321772575378,lymphocyte,plasma_cell,False
CVCL_1861,CVCL_2539,0.6981215476989746,lymphocyte,lymphocyte,True
CVCL_1861,CVCL_4613,0.6976431608200073,lymphocyte,blood,False
CVCL_1861,CVCL_Y548,0.6935046315193176,lymphocyte,blood,False
CVCL_1861,CVCL_1222,0.6934515833854675,lymphocyte,lymphocyte,True
CVCL_1865,CVCL_2539,0.7686225771903992,lymphocyte,lymphocyte,True
CVCL_1865,CVCL_1872,0.756460428237915,lymphocyte,lymphocyte,True
CVCL_1865,CVCL_3532,0.7136373519897461,lymphocyte,blood,False
CVCL_1865,CVCL_X504,0.7043910622596741,lymphocyte,lymphocyte,True
CVCL_1865,CVCL_1877,0.7041090726852417,lymphocyte,lymphocyte,True
CVCL_1865,CVCL_1885,0.7007346153259277,lymphocyte,lymphocyte,True
CVCL_1865,CVCL_B371,0.6924843192100525,lymphocyte,lymphocyte,True
CVCL_1865,CVCL_3611,0.6733641624450684,lymphocyte,lymphocyte,True
CVCL_1865,CVCL_0823,0.6645185351371765,lymphocyte,lymphocyte,True
CVCL_1865,CVCL_2027,0.6496840119361877,lymphocyte,lymphocyte,True
CVCL_1865,CVCL_1861,0.6365694999694824,lymphocyte,lymphocyte,True
CVCL_1865,CVCL_1819,0.6344029903411865,lymphocyte,lymphocyte,True
CVCL_1865,CVCL_1101,0.6341586112976074,lymphocyte,lymphocyte,True
CVCL_1865,CVCL_1186,0.6322975158691406,lymphocyte,lymphocyte,True
CVCL_1866,CVCL_S906,0.6341553926467896,blood,blood,True
CVCL_1866,CVCL_1410,0.6173129081726074,blood,blood,True
CVCL_1866,CVCL_0103,0.5958465337753296,blood,blood,True
CVCL_1866,CVCL_0091,0.5956761837005615,blood,blood,True
CVCL_1866,CVCL_0590,0.5912320017814636,blood,blood,True
CVCL_1866,CVCL_1835,0.5877938866615295,blood,blood,True
CVCL_1866,CVCL_0089,0.5859610438346863,blood,blood,True
CVCL_1866,CVCL_1834,0.5748631358146667,blood,blood,True
CVCL_1866,CVCL_3611,0.5721903443336487,blood,lymphocyte,False
CVCL_1866,CVCL_1872,0.5525216460227966,blood,lymphocyte,False
CVCL_1866,CVCL_1877,0.5522807836532593,blood,lymphocyte,False
CVCL_1866,CVCL_1878,0.5435284376144409,blood,lymphocyte,False
CVCL_1870,CVCL_4613,0.8546897172927856,blood,blood,True
CVCL_1870,CVCL_Y549,0.7905017137527466,blood,blood,True
CVCL_1870,CVCL_Y548,0.7749112844467163,blood,blood,True
CVCL_1870,CVCL_2027,0.7459232807159424,blood,lymphocyte,False
CVCL_1870,CVCL_3386,0.7138100862503052,blood,plasma_cell,False
CVCL_1870,CVCL_2526,0.7119810581207275,blood,plasma_cell,False
CVCL_1870,CVCL_Y547,0.7058922648429871,blood,blood,True
CVCL_1872,CVCL_2539,0.7370820045471191,lymphocyte,lymphocyte,True
CVCL_1872,CVCL_1885,0.7234460115432739,lymphocyte,lymphocyte,True
CVCL_1872,CVCL_1877,0.7134811878204346,lymphocyte,lymphocyte,True
CVCL_1872,CVCL_0823,0.6957723498344421,lymphocyte,lymphocyte,True
CVCL_1872,CVCL_2027,0.686518132686615,lymphocyte,lymphocyte,True
CVCL_1872,CVCL_3611,0.6764233112335205,lymphocyte,lymphocyte,True
CVCL_1872,CVCL_3532,0.6702991127967834,lymphocyte,blood,False
CVCL_1872,CVCL_1870,0.6677745580673218,lymphocyte,blood,False
CVCL_1872,CVCL_B371,0.66448974609375,lymphocyte,lymphocyte,True
CVCL_1872,CVCL_1861,0.6584265232086182,lymphocyte,lymphocyte,True
CVCL_1872,CVCL_0539,0.6553055644035339,lymphocyte,lymphocyte,True
CVCL_1872,CVCL_X504,0.6527197360992432,lymphocyte,lymphocyte,True
CVCL_1872,CVCL_1222,0.6514289379119873,lymphocyte,lymphocyte,True
CVCL_1873,CVCL_1835,0.6405174732208252,blood,blood,True
CVCL_1873,CVCL_1878,0.6309929490089417,blood,lymphocyte,False
CVCL_1873,CVCL_8227,0.6065756678581238,blood,blood,True
CVCL_1873,CVCL_1834,0.5999739766120911,blood,blood,True
CVCL_1873,CVCL_0590,0.5995091795921326,blood,blood,True
CVCL_1873,CVCL_0093,0.5923771262168884,blood,blood,True
CVCL_1876,CVCL_1861,0.6841363906860352,lymphocyte,lymphocyte,True
CVCL_1876,CVCL_2539,0.6590690016746521,lymphocyte,lymphocyte,True
CVCL_1876,CVCL_0823,0.6399670243263245,lymphocyte,lymphocyte,True
CVCL_1876,CVCL_3169,0.6398531198501587,lymphocyte,lymphocyte,True
CVCL_1876,CVCL_1872,0.6395066380500793,lymphocyte,lymphocyte,True
CVCL_1876,CVCL_1870,0.6387544870376587,lymphocyte,blood,False
CVCL_1876,CVCL_B371,0.6356656551361084,lymphocyte,lymphocyte,True
CVCL_1876,CVCL_1660,0.635486364364624,lymphocyte,lymphocyte,True
CVCL_1876,CVCL_1877,0.6242630481719971,lymphocyte,lymphocyte,True
CVCL_1876,CVCL_Y545,0.6162912249565125,lymphocyte,blood,False
CVCL_1876,CVCL_1865,0.6122714281082153,lymphocyte,lymphocyte,True
CVCL_1876,CVCL_0067,0.6077785491943359,lymphocyte,lymphocyte,True
CVCL_1876,CVCL_3386,0.6021745204925537,lymphocyte,plasma_cell,False
CVCL_1876,CVCL_X504,0.5985918045043945,lymphocyte,lymphocyte,True
CVCL_1876,CVCL_0511,0.5956587791442871,lymphocyte,lymphocyte,True
CVCL_1877,CVCL_3611,0.8170490860939026,lymphocyte,lymphocyte,True
CVCL_1877,CVCL_X504,0.7989321947097778,lymphocyte,lymphocyte,True
CVCL_1877,CVCL_3532,0.7271087169647217,lymphocyte,blood,False
CVCL_1877,CVCL_2539,0.7101165652275085,lymphocyte,lymphocyte,True
CVCL_1877,CVCL_0823,0.6836106777191162,lymphocyte,lymphocyte,True
CVCL_1877,CVCL_2027,0.6809839010238647,lymphocyte,lymphocyte,True
CVCL_1877,CVCL_1186,0.6716452240943909,lymphocyte,lymphocyte,True
CVCL_1877,CVCL_1222,0.6693573594093323,lymphocyte,lymphocyte,True
CVCL_1877,CVCL_2207,0.6657726168632507,lymphocyte,lymphocyte,True
CVCL_1877,CVCL_1880,0.6452282667160034,lymphocyte,lymphocyte,True
CVCL_1877,CVCL_1818,0.6444694995880127,lymphocyte,lymphocyte,True
CVCL_1877,CVCL_1967,0.6410467028617859,lymphocyte,lymphocyte,True
CVCL_1878,CVCL_1835,0.6159380078315735,lymphocyte,blood,False
CVCL_1878,CVCL_1834,0.5992911458015442,lymphocyte,blood,False
CVCL_1878,CVCL_2207,0.590679943561554,lymphocyte,lymphocyte,True
CVCL_1878,CVCL_8227,0.5799747109413147,lymphocyte,blood,False
CVCL_1880,CVCL_X504,0.6732928156852722,lymphocyte,lymphocyte,True
CVCL_1880,CVCL_3532,0.6585671901702881,lymphocyte,blood,False
CVCL_1880,CVCL_0067,0.6316813230514526,lymphocyte,lymphocyte,True
CVCL_1880,CVCL_1179,0.5985094904899597,lymphocyte,lymphocyte,True
CVCL_1880,CVCL_B371,0.5951160788536072,lymphocyte,lymphocyte,True
CVCL_1880,CVCL_0539,0.5890133380889893,lymphocyte,lymphocyte,True
CVCL_1880,CVCL_1793,0.5869669914245605,lymphocyte,lymphocyte,True
CVCL_1880,CVCL_3611,0.5849835276603699,lymphocyte,lymphocyte,True
CVCL_1880,CVCL_1222,0.5847019553184509,lymphocyte,lymphocyte,True
CVCL_1880,CVCL_1865,0.58360755443573,lymphocyte,lymphocyte,True
CVCL_1880,CVCL_1967,0.5809986591339111,lymphocyte,lymphocyte,True
CVCL_1880,CVCL_1087,0.5802885293960571,lymphocyte,lymphocyte,True
CVCL_1880,CVCL_1101,0.5770559310913086,lymphocyte,lymphocyte,True
CVCL_1880,CVCL_1168,0.5726876854896545,lymphocyte,lymphocyte,True
CVCL_1881,CVCL_B371,0.7525445222854614,lymphocyte,lymphocyte,True
CVCL_1881,CVCL_2206,0.7232279777526855,lymphocyte,lymphocyte,True
CVCL_1881,CVCL_1902,0.6889780759811401,lymphocyte,lymphocyte,True
CVCL_1881,CVCL_1861,0.6796839833259583,lymphocyte,lymphocyte,True
CVCL_1881,CVCL_0511,0.6744790077209473,lymphocyte,lymphocyte,True
CVCL_1881,CVCL_0539,0.672601580619812,lymphocyte,lymphocyte,True
CVCL_1881,CVCL_2676,0.6579675674438477,lymphocyte,lymphocyte,True
CVCL_1882,CVCL_3110,0.6269688606262207,ovary,ovary,True
CVCL_1882,CVCL_5014,0.55689537525177,ovary,ovary,True
CVCL_1882,CVCL_3114,0.5515177845954895,ovary,ovary,True
CVCL_1882,CVCL_2422,0.5378410220146179,ovary,ovary,True
CVCL_1882,CVCL_2672,0.525576114654541,ovary,ovary,True
CVCL_1882,CVCL_4649,0.5169588327407837,ovary,ovary,True
CVCL_1882,CVCL_2734,0.5169263482093811,ovary,ovary,True
CVCL_1882,CVCL_4655,0.5079571008682251,ovary,uterus,False
CVCL_1882,CVCL_6543,0.4969143271446228,ovary,uterus,False
CVCL_1883,CVCL_3326,0.5304559469223022,lymphocyte,lymphocyte,True
CVCL_1883,CVCL_0511,0.49612170457839966,lymphocyte,lymphocyte,True
CVCL_1883,CVCL_0823,0.48998144268989563,lymphocyte,lymphocyte,True
CVCL_1883,CVCL_1319,0.4883766174316406,lymphocyte,lymphocyte,True
CVCL_1883,CVCL_2526,0.47622138261795044,lymphocyte,plasma_cell,False
CVCL_1883,CVCL_3302,0.47443005442619324,lymphocyte,lymphocyte,True
CVCL_1883,CVCL_2027,0.4668354392051697,lymphocyte,lymphocyte,True
CVCL_1883,CVCL_Y548,0.4661840796470642,lymphocyte,blood,False
CVCL_1883,CVCL_8800,0.4653812050819397,lymphocyte,lymphocyte,True
CVCL_1883,CVCL_1884,0.4653400182723999,lymphocyte,lymphocyte,True
CVCL_1883,CVCL_Y549,0.4609898328781128,lymphocyte,blood,False
CVCL_1883,CVCL_0009,0.4569939374923706,lymphocyte,lymphocyte,True
CVCL_1883,CVCL_0D73,0.4503058195114136,lymphocyte,blood,False
CVCL_1883,CVCL_1819,0.44878125190734863,lymphocyte,lymphocyte,True
CVCL_1883,CVCL_1320,0.44727838039398193,lymphocyte,blood,False
CVCL_1884,CVCL_1861,0.6667420268058777,lymphocyte,lymphocyte,True
CVCL_1884,CVCL_0823,0.6483896374702454,lymphocyte,lymphocyte,True
CVCL_1884,CVCL_0511,0.6418830752372742,lymphocyte,lymphocyte,True
CVCL_1884,CVCL_2539,0.6382933855056763,lymphocyte,lymphocyte,True
CVCL_1884,CVCL_1872,0.6284657120704651,lymphocyte,lymphocyte,True
CVCL_1884,CVCL_Y549,0.6219996809959412,lymphocyte,blood,False
CVCL_1884,CVCL_2027,0.607972264289856,lymphocyte,lymphocyte,True
CVCL_1884,CVCL_Y548,0.6053130626678467,lymphocyte,blood,False
CVCL_1884,CVCL_1818,0.6049761772155762,lymphocyte,lymphocyte,True
CVCL_1884,CVCL_1870,0.6033909320831299,lymphocyte,blood,False
CVCL_1884,CVCL_1885,0.5946710109710693,lymphocyte,lymphocyte,True
CVCL_1884,CVCL_0067,0.5816420316696167,lymphocyte,lymphocyte,True
CVCL_1884,CVCL_1186,0.581105649471283,lymphocyte,lymphocyte,True
CVCL_1884,CVCL_4613,0.5793977975845337,lymphocyte,blood,False
CVCL_1884,CVCL_3169,0.5758737325668335,lymphocyte,lymphocyte,True
CVCL_1885,CVCL_1087,0.6884158253669739,lymphocyte,lymphocyte,True
CVCL_1885,CVCL_2539,0.683565080165863,lymphocyte,lymphocyte,True
CVCL_1885,CVCL_1222,0.6690069437026978,lymphocyte,lymphocyte,True
CVCL_1885,CVCL_8800,0.6581768989562988,lymphocyte,lymphocyte,True
CVCL_1885,CVCL_X504,0.6503771543502808,lymphocyte,lymphocyte,True
CVCL_1885,CVCL_2206,0.6439772844314575,lymphocyte,lymphocyte,True
CVCL_1885,CVCL_B371,0.643962562084198,lymphocyte,lymphocyte,True
CVCL_1885,CVCL_1819,0.643094539642334,lymphocyte,lymphocyte,True
CVCL_1885,CVCL_2027,0.6393505334854126,lymphocyte,lymphocyte,True
CVCL_1885,CVCL_0823,0.6379682421684265,lymphocyte,lymphocyte,True
CVCL_1885,CVCL_1101,0.6362375020980835,lymphocyte,lymphocyte,True
CVCL_1885,CVCL_1088,0.6226736903190613,lymphocyte,lymphocyte,True
CVCL_1885,CVCL_1660,0.620843231678009,lymphocyte,lymphocyte,True
CVCL_1889,CVCL_1902,0.8885172605514526,lymphocyte,lymphocyte,True
CVCL_1889,CVCL_2206,0.75606769323349,lymphocyte,lymphocyte,True
CVCL_1889,CVCL_1967,0.7371050715446472,lymphocyte,lymphocyte,True
CVCL_1889,CVCL_1222,0.7026602625846863,lymphocyte,lymphocyte,True
CVCL_1889,CVCL_1087,0.6855061650276184,lymphocyte,lymphocyte,True
CVCL_1889,CVCL_0511,0.6781343817710876,lymphocyte,lymphocyte,True
CVCL_1889,CVCL_2676,0.6698689460754395,lymphocyte,lymphocyte,True
CVCL_1893,CVCL_1568,0.5549124479293823,eye,lung,False
CVCL_1893,CVCL_1124,0.5171173214912415,eye,peripheral_nervous_system,False
CVCL_1893,CVCL_1536,0.5092860460281372,eye,lung,False
CVCL_1893,CVCL_1389,0.5034112930297852,eye,lung,False
CVCL_1893,CVCL_VU79,0.5016998648643494,eye,central_nervous_system,False
CVCL_1893,CVCL_0024,0.4917219579219818,eye,lung,False
CVCL_1893,CVCL_0346,0.4864269196987152,eye,peripheral_nervous_system,False
CVCL_1893,CVCL_2141,0.48537886142730713,eye,peripheral_nervous_system,False
CVCL_1902,CVCL_2206,0.7384176254272461,lymphocyte,lymphocyte,True
CVCL_1902,CVCL_1967,0.7235002517700195,lymphocyte,lymphocyte,True
CVCL_1902,CVCL_1222,0.7088047862052917,lymphocyte,lymphocyte,True
CVCL_1902,CVCL_B371,0.7022061347961426,lymphocyte,lymphocyte,True
CVCL_1911,CVCL_WS59,0.559390664100647,kidney,kidney,True
CVCL_1911,CVCL_U613,0.5298687815666199,kidney,soft_tissue,False
CVCL_1911,CVCL_IW56,0.502432107925415,kidney,ovary,False
CVCL_1911,CVCL_1721,0.4930952489376068,kidney,urinary_tract,False
CVCL_1911,CVCL_1111,0.48921966552734375,kidney,kidney,True
CVCL_1911,CVCL_2682,0.4784355163574219,kidney,ovary,False
CVCL_1911,CVCL_3117,0.46101897954940796,kidney,ovary,False
CVCL_1911,CVCL_5957,0.46075505018234253,kidney,kidney,True
CVCL_1911,CVCL_8788,0.45067036151885986,kidney,kidney,True
CVCL_1911,CVCL_E115,0.4504970908164978,kidney,uterus,False
CVCL_1911,CVCL_1050,0.44705674052238464,kidney,kidney,True
CVCL_1911,CVCL_1051,0.4433418810367584,kidney,kidney,True
CVCL_1913,CVCL_2022,0.6758224964141846,blood,blood,True
CVCL_1958,CVCL_3001,0.4739464521408081,urinary_tract,upper_aerodigestive,False
CVCL_1958,CVCL_1761,0.4727493226528168,urinary_tract,esophagus,False
CVCL_1958,CVCL_1287,0.4509279429912567,urinary_tract,upper_aerodigestive,False
CVCL_1958,CVCL_V586,0.4447175860404968,urinary_tract,lung,False
CVCL_1958,CVCL_5137,0.4432237446308136,urinary_tract,lung,False
CVCL_1958,CVCL_5071,0.4420395791530609,urinary_tract,colorectal,False
CVCL_1958,CVCL_3336,0.43946030735969543,urinary_tract,esophagus,False
CVCL_1958,CVCL_5480,0.4342874586582184,urinary_tract,lung,False
CVCL_1958,CVCL_1767,0.4287107586860657,urinary_tract,esophagus,False
CVCL_1958,CVCL_1218,0.42709702253341675,urinary_tract,upper_aerodigestive,False
CVCL_1958,CVCL_8929,0.41930145025253296,urinary_tract,upper_aerodigestive,False
CVCL_1958,CVCL_3599,0.4187486469745636,urinary_tract,urinary_tract,True
CVCL_1958,CVCL_2679,0.4176939129829407,urinary_tract,upper_aerodigestive,False
CVCL_1958,CVCL_1060,0.41617339849472046,urinary_tract,upper_aerodigestive,False
CVCL_1958,CVCL_2308,0.4153608977794647,urinary_tract,upper_aerodigestive,False
CVCL_1967,CVCL_B371,0.692083477973938,lymphocyte,lymphocyte,True
CVCL_1967,CVCL_0511,0.6826802492141724,lymphocyte,lymphocyte,True
CVCL_1967,CVCL_1660,0.6813470721244812,lymphocyte,lymphocyte,True
CVCL_1967,CVCL_1399,0.6786755919456482,lymphocyte,lymphocyte,True
CVCL_1967,CVCL_2206,0.6618106961250305,lymphocyte,lymphocyte,True
CVCL_1978,CVCL_1648,0.534299373626709,colorectal,colorectal,True
CVCL_1978,CVCL_1382,0.5203837156295776,colorectal,colorectal,True
CVCL_1978,CVCL_5002,0.504993736743927,colorectal,colorectal,True
CVCL_1978,CVCL_1294,0.5011354088783264,colorectal,colorectal,True
CVCL_1978,CVCL_1982,0.4958879053592682,colorectal,colorectal,True
CVCL_1978,CVCL_5016,0.48629653453826904,colorectal,colorectal,True
CVCL_1978,CVCL_1386,0.4861316978931427,colorectal,colorectal,True
CVCL_1978,CVCL_0544,0.47577980160713196,colorectal,colorectal,True
CVCL_1978,CVCL_1979,0.47129032015800476,colorectal,colorectal,True
CVCL_1978,CVCL_5058,0.4565143585205078,colorectal,colorectal,True
CVCL_1978,CVCL_1987,0.45554324984550476,colorectal,colorectal,True
CVCL_1978,CVCL_0555,0.45165568590164185,colorectal,colorectal,True
CVCL_1979,CVCL_1294,0.6585805416107178,colorectal,colorectal,True
CVCL_1979,CVCL_1564,0.6511951684951782,colorectal,colorectal,True
CVCL_1979,CVCL_5250,0.6486186981201172,colorectal,colorectal,True
CVCL_1979,CVCL_9980,0.6479052901268005,colorectal,colorectal,True
CVCL_1979,CVCL_5078,0.6353247761726379,colorectal,colorectal,True
CVCL_1979,CVCL_1648,0.6324841976165771,colorectal,colorectal,True
CVCL_1979,CVCL_8764,0.6224222183227539,colorectal,colorectal,True
CVCL_1979,CVCL_0545,0.6195235252380371,colorectal,colorectal,True
CVCL_1979,CVCL_1708,0.6189262866973877,colorectal,colorectal,True
CVCL_1979,CVCL_1982,0.6167310476303101,colorectal,colorectal,True
CVCL_1979,CVCL_0555,0.6094933152198792,colorectal,colorectal,True
CVCL_1979,CVCL_1980,0.6045721173286438,colorectal,colorectal,True
CVCL_1979,CVCL_4645,0.6041334867477417,colorectal,ovary,False
CVCL_1979,CVCL_5002,0.6024641990661621,colorectal,colorectal,True
CVCL_1980,CVCL_5044,0.890132486820221,colorectal,colorectal,True
CVCL_1980,CVCL_2520,0.7925713658332825,colorectal,colorectal,True
CVCL_1980,CVCL_2917,0.7828481197357178,colorectal,colorectal,True
CVCL_1980,CVCL_5111,0.7718361616134644,colorectal,colorectal,True
CVCL_1980,CVCL_4645,0.7715097665786743,colorectal,ovary,False
CVCL_1980,CVCL_1982,0.7698320150375366,colorectal,colorectal,True
CVCL_1980,CVCL_2873,0.7649810910224915,colorectal,colorectal,True
CVCL_1980,CVCL_5078,0.7577586770057678,colorectal,colorectal,True
CVCL_1980,CVCL_5250,0.7577497959136963,colorectal,colorectal,True
CVCL_1982,CVCL_5078,0.7524815201759338,colorectal,colorectal,True
CVCL_1982,CVCL_4645,0.7422958612442017,colorectal,ovary,False
CVCL_1982,CVCL_5250,0.7378246784210205,colorectal,colorectal,True
CVCL_1982,CVCL_8175,0.72760009765625,colorectal,colorectal,True
CVCL_1982,CVCL_5044,0.7157819867134094,colorectal,colorectal,True
CVCL_1982,CVCL_2520,0.7121725082397461,colorectal,colorectal,True
CVCL_1982,CVCL_9980,0.7041096091270447,colorectal,colorectal,True
CVCL_1982,CVCL_5038,0.6966986060142517,colorectal,bile_duct,False
CVCL_1982,CVCL_1294,0.6876353025436401,colorectal,colorectal,True
CVCL_1987,CVCL_5002,0.5124017000198364,colorectal,colorectal,True
CVCL_1987,CVCL_5038,0.4982064962387085,colorectal,bile_duct,False
CVCL_1987,CVCL_5016,0.4865869879722595,colorectal,colorectal,True
CVCL_1987,CVCL_0545,0.484585165977478,colorectal,colorectal,True
CVCL_1987,CVCL_1382,0.48387032747268677,colorectal,colorectal,True
CVCL_1987,CVCL_8234,0.4756714105606079,colorectal,ovary,False
CVCL_1987,CVCL_1648,0.47323596477508545,colorectal,colorectal,True
CVCL_1987,CVCL_1294,0.4661262333393097,colorectal,colorectal,True
CVCL_1987,CVCL_2917,0.45691245794296265,colorectal,colorectal,True
CVCL_1987,CVCL_1708,0.44854918122291565,colorectal,colorectal,True
CVCL_1987,CVCL_1717,0.44800275564193726,colorectal,colorectal,True
CVCL_1987,CVCL_1385,0.4455084800720215,colorectal,colorectal,True
CVCL_1989,CVCL_WU91,0.3778541386127472,colorectal,soft_tissue,False
CVCL_1989,CVCL_4656,0.3668762445449829,colorectal,uterus,False
CVCL_1989,CVCL_1Y70,0.3439697027206421,colorectal,peripheral_nervous_system,False
CVCL_1989,CVCL_3612,0.33266326785087585,colorectal,ovary,False
CVCL_1989,CVCL_1405,0.3299020230770111,colorectal,uterus,False
CVCL_1989,CVCL_1406,0.32917824387550354,colorectal,uterus,False
CVCL_1989,CVCL_1479,0.3286187946796417,colorectal,lung,False
CVCL_1989,CVCL_2584,0.31129059195518494,colorectal,skin,False
CVCL_1989,CVCL_7146,0.30142730474472046,colorectal,soft_tissue,False
CVCL_1989,CVCL_YU13,0.28431370854377747,colorectal,peripheral_nervous_system,False
CVCL_1989,CVCL_0465,0.28389909863471985,colorectal,ovary,False
CVCL_1989,CVCL_1275,0.28200268745422363,colorectal,central_nervous_system,False
CVCL_1989,CVCL_2585,0.2813640236854553,colorectal,skin,False
CVCL_1989,CVCL_0024,0.27761632204055786,colorectal,lung,False
CVCL_1997,CVCL_5951,0.6695403456687927,skin,skin,True
CVCL_1997,CVCL_A341,0.657282829284668,skin,skin,True
CVCL_1997,CVCL_2408,0.6461722254753113,skin,skin,True
CVCL_1997,CVCL_1135,0.6439842581748962,skin,skin,True
CVCL_1997,CVCL_1036,0.6403869986534119,skin,skin,True
CVCL_1997,CVCL_2765,0.6315671801567078,skin,skin,True
CVCL_1997,CVCL_1133,0.6170620322227478,skin,skin,True
CVCL_1997,CVCL_0526,0.6162070631980896,skin,skin,True
CVCL_1997,CVCL_2075,0.6160386800765991,skin,skin,True
CVCL_1997,CVCL_1672,0.6155741810798645,skin,skin,True
CVCL_1997,CVCL_0039,0.6083601713180542,skin,skin,True
CVCL_1997,CVCL_6805,0.6055393218994141,skin,skin,True
CVCL_1997,CVCL_1692,0.605118989944458,skin,skin,True
CVCL_1997,CVCL_6025,0.6048095226287842,skin,skin,True
CVCL_1997,CVCL_1779,0.6040892004966736,skin,skin,True
CVCL_1R14,CVCL_6735,0.6074101328849792,central_nervous_system,central_nervous_system,True
CVCL_1R14,CVCL_3958,0.47433826327323914,central_nervous_system,central_nervous_system,True
CVCL_1R14,CVCL_5033,0.47280043363571167,central_nervous_system,central_nervous_system,True
CVCL_1R14,CVCL_2799,0.43436285853385925,central_nervous_system,central_nervous_system,True
CVCL_1R14,CVCL_2050,0.4331275224685669,central_nervous_system,central_nervous_system,True
CVCL_1R14,CVCL_1323,0.43155837059020996,central_nervous_system,central_nervous_system,True
CVCL_1R14,CVCL_2297,0.40811723470687866,central_nervous_system,central_nervous_system,True
CVCL_1R14,CVCL_3955,0.39963608980178833,central_nervous_system,central_nervous_system,True
CVCL_1R14,CVCL_1722,0.3695717453956604,central_nervous_system,central_nervous_system,True
CVCL_1R14,CVCL_3957,0.3590525984764099,central_nervous_system,central_nervous_system,True
CVCL_1R15,CVCL_1R16,0.45717039704322815,central_nervous_system,central_nervous_system,True
CVCL_1R15,CVCL_5010,0.4365035891532898,central_nervous_system,central_nervous_system,True
CVCL_1R15,CVCL_1117,0.4307079315185547,central_nervous_system,central_nervous_system,True
CVCL_1R15,CVCL_5069,0.42939451336860657,central_nervous_system,central_nervous_system,True
CVCL_1R15,CVCL_1715,0.41544800996780396,central_nervous_system,central_nervous_system,True
CVCL_1R15,CVCL_1722,0.4007991850376129,central_nervous_system,central_nervous_system,True
CVCL_1R15,CVCL_1798,0.3888663947582245,central_nervous_system,central_nervous_system,True
CVCL_1R15,CVCL_4W67,0.38174211978912354,central_nervous_system,central_nervous_system,True
CVCL_1R15,CVCL_1323,0.3768082857131958,central_nervous_system,central_nervous_system,True
CVCL_1R15,CVCL_0844,0.37580209970474243,central_nervous_system,central_nervous_system,True
CVCL_1R15,CVCL_4W66,0.3704052269458771,central_nervous_system,central_nervous_system,True
CVCL_1R15,CVCL_1093,0.3678029179573059,central_nervous_system,central_nervous_system,True
CVCL_1R15,CVCL_1167,0.3659379780292511,central_nervous_system,central_nervous_system,True
CVCL_1R15,CVCL_2297,0.35715192556381226,central_nervous_system,central_nervous_system,True
CVCL_1R15,CVCL_3960,0.356431782245636,central_nervous_system,central_nervous_system,True
CVCL_1R16,CVCL_3960,0.5731281638145447,central_nervous_system,central_nervous_system,True
CVCL_1R16,CVCL_3603,0.5455352663993835,central_nervous_system,thyroid,False
CVCL_1R16,CVCL_5069,0.5344557762145996,central_nervous_system,central_nervous_system,True
CVCL_1R16,CVCL_2297,0.5307043790817261,central_nervous_system,central_nervous_system,True
CVCL_1R16,CVCL_4773,0.5219383835792542,central_nervous_system,central_nervous_system,True
CVCL_1R16,CVCL_5010,0.5147804617881775,central_nervous_system,central_nervous_system,True
CVCL_1R16,CVCL_4W66,0.5093681812286377,central_nervous_system,central_nervous_system,True
CVCL_1R16,CVCL_A758,0.507152795791626,central_nervous_system,central_nervous_system,True
CVCL_1R16,CVCL_V617,0.5058320164680481,central_nervous_system,fibroblast,False
CVCL_1R16,CVCL_A1UY,0.5049585700035095,central_nervous_system,soft_tissue,False
CVCL_1R17,CVCL_3603,0.5280328392982483,central_nervous_system,thyroid,False
CVCL_1R17,CVCL_M823,0.5113933086395264,central_nervous_system,soft_tissue,False
CVCL_1R17,CVCL_1R16,0.47952038049697876,central_nervous_system,central_nervous_system,True
CVCL_1R17,CVCL_2585,0.46903547644615173,central_nervous_system,skin,False
CVCL_1R17,CVCL_1809,0.44422686100006104,central_nervous_system,bone,False
CVCL_1R17,CVCL_1798,0.44300535321235657,central_nervous_system,central_nervous_system,True
CVCL_1R17,CVCL_1173,0.4202551543712616,central_nervous_system,central_nervous_system,True
CVCL_1R17,CVCL_3960,0.41926661133766174,central_nervous_system,central_nervous_system,True
CVCL_1R17,CVCL_B255,0.414335161447525,central_nervous_system,soft_tissue,False
CVCL_1R17,CVCL_A758,0.412250280380249,central_nervous_system,central_nervous_system,True
CVCL_1R17,CVCL_1340,0.4076714515686035,central_nervous_system,peripheral_nervous_system,False
CVCL_1R17,CVCL_YU13,0.4067322313785553,central_nervous_system,peripheral_nervous_system,False
CVCL_1Y70,CVCL_2585,0.48899319767951965,peripheral_nervous_system,skin,False
CVCL_1Y70,CVCL_V616,0.4694996476173401,peripheral_nervous_system,central_nervous_system,False
CVCL_1Y70,CVCL_2584,0.46720048785209656,peripheral_nervous_system,skin,False
CVCL_1Y70,CVCL_WU91,0.452706903219223,peripheral_nervous_system,soft_tissue,False
CVCL_1Y70,CVCL_3612,0.4427250325679779,peripheral_nervous_system,ovary,False
CVCL_1Y70,CVCL_1503,0.44045111536979675,peripheral_nervous_system,lung,False
CVCL_1Y70,CVCL_3407,0.43947672843933105,peripheral_nervous_system,embryo,False
CVCL_1Y70,CVCL_6C44,0.43942055106163025,peripheral_nervous_system,soft_tissue,False
CVCL_1Y70,CVCL_YU13,0.43163371086120605,peripheral_nervous_system,peripheral_nervous_system,True
CVCL_1Y70,CVCL_1167,0.4161078631877899,peripheral_nervous_system,central_nervous_system,False
CVCL_1Y70,CVCL_1456,0.407122939825058,peripheral_nervous_system,lung,False
CVCL_1Y70,CVCL_VU69,0.402434378862381,peripheral_nervous_system,ovary,False
CVCL_1Y70,CVCL_2734,0.4010927379131317,peripheral_nervous_system,ovary,False
CVCL_2010,CVCL_S987,0.5126062631607056,ovary,ovary,True
CVCL_2010,CVCL_8007,0.46107208728790283,ovary,soft_tissue,False
CVCL_2010,CVCL_1595,0.37201279401779175,ovary,lung,False
CVCL_2010,CVCL_1577,0.3701348304748535,ovary,lung,False
CVCL_2010,CVCL_8000,0.3591039478778839,ovary,soft_tissue,False
CVCL_2010,CVCL_2034,0.34376218914985657,ovary,uterus,False
CVCL_2010,CVCL_2585,0.3412509560585022,ovary,skin,False
CVCL_2010,CVCL_0060,0.33334505558013916,ovary,lung,False
CVCL_2010,CVCL_8005,0.32659339904785156,ovary,soft_tissue,False
CVCL_2016,CVCL_2976,0.6705255508422852,lymphocyte,lymphocyte,True
CVCL_2016,CVCL_2889,0.6260921359062195,lymphocyte,lymphocyte,True
CVCL_2016,CVCL_3032,0.5789147615432739,lymphocyte,lymphocyte,True
CVCL_2016,CVCL_RL84,0.5668745636940002,lymphocyte,lymphocyte,True
CVCL_2016,CVCL_3526,0.5594246983528137,lymphocyte,lymphocyte,True
CVCL_2016,CVCL_8796,0.5439789295196533,lymphocyte,lymphocyte,True
CVCL_2016,CVCL_2541,0.5214571356773376,lymphocyte,lymphocyte,True
CVCL_2016,CVCL_1150,0.5127760767936707,lymphocyte,blood,False
CVCL_2016,CVCL_1327,0.49880364537239075,lymphocyte,blood,False
CVCL_2016,CVCL_1630,0.48636019229888916,lymphocyte,blood,False
CVCL_2016,CVCL_2022,0.4704197943210602,lymphocyte,blood,False
CVCL_2016,CVCL_1414,0.46656423807144165,lymphocyte,lymphocyte,True
CVCL_2019,CVCL_2182,0.7523240447044373,fibroblast,fibroblast,True
CVCL_2019,CVCL_2255,0.721668004989624,fibroblast,fibroblast,True
CVCL_2019,CVCL_V617,0.7110618948936462,fibroblast,fibroblast,True
CVCL_2019,CVCL_0715,0.6909052133560181,fibroblast,fibroblast,True
CVCL_2019,CVCL_0846,0.6711728572845459,fibroblast,fibroblast,True
CVCL_2019,CVCL_0878,0.653249204158783,fibroblast,fibroblast,True
CVCL_2019,CVCL_0882,0.6360419392585754,fibroblast,fibroblast,True
CVCL_2019,CVCL_3806,0.6241480708122253,fibroblast,fibroblast,True
CVCL_2019,CVCL_0814,0.6207865476608276,fibroblast,fibroblast,True
CVCL_2027,CVCL_2676,0.7482064366340637,lymphocyte,lymphocyte,True
CVCL_2027,CVCL_3302,0.7428499460220337,lymphocyte,lymphocyte,True
CVCL_2027,CVCL_Y548,0.7337694764137268,lymphocyte,blood,False
CVCL_2027,CVCL_0539,0.693994402885437,lymphocyte,lymphocyte,True
CVCL_2027,CVCL_1399,0.6935302019119263,lymphocyte,lymphocyte,True
CVCL_2030,CVCL_8792,0.6307021379470825,plasma_cell,plasma_cell,True
CVCL_2030,CVCL_2123,0.6114155054092407,plasma_cell,plasma_cell,True
CVCL_2030,CVCL_2996,0.5973721742630005,plasma_cell,plasma_cell,True
CVCL_2030,CVCL_2992,0.5886456966400146,plasma_cell,plasma_cell,True
CVCL_2030,CVCL_2993,0.5811824798583984,plasma_cell,plasma_cell,True
CVCL_2030,CVCL_2078,0.5796453952789307,plasma_cell,plasma_cell,True
CVCL_2030,CVCL_5209,0.5747434496879578,plasma_cell,plasma_cell,True
CVCL_2030,CVCL_2991,0.5580610632896423,plasma_cell,plasma_cell,True
CVCL_2030,CVCL_1600,0.5348035097122192,plasma_cell,plasma_cell,True
CVCL_2034,CVCL_2734,0.43636929988861084,uterus,ovary,False
CVCL_2034,CVCL_1542,0.4287199079990387,uterus,lung,False
CVCL_2034,CVCL_3407,0.39693740010261536,uterus,embryo,False
CVCL_2034,CVCL_1178,0.39537283778190613,uterus,lung,False
CVCL_2034,CVCL_1405,0.3936353027820587,uterus,uterus,True
CVCL_2034,CVCL_1507,0.39293789863586426,uterus,lung,False
CVCL_2034,CVCL_1792,0.3833315372467041,uterus,eye,False
CVCL_2034,CVCL_1568,0.37806248664855957,uterus,lung,False
CVCL_2034,CVCL_1458,0.3762279152870178,uterus,lung,False
CVCL_2035,CVCL_5249,0.7194690704345703,esophagus,colorectal,False
CVCL_2035,CVCL_1718,0.7002813220024109,esophagus,colorectal,False
CVCL_2035,CVCL_1386,0.6911066770553589,esophagus,colorectal,False
CVCL_2035,CVCL_5044,0.6895103454589844,esophagus,colorectal,False
CVCL_2035,CVCL_2917,0.6871669292449951,esophagus,colorectal,False
CVCL_2035,CVCL_5078,0.6812373995780945,esophagus,colorectal,False
CVCL_2035,CVCL_8176,0.6651687622070312,esophagus,colorectal,False
CVCL_2035,CVCL_5250,0.6600159406661987,esophagus,colorectal,False
CVCL_2035,CVCL_4645,0.6586485505104065,esophagus,ovary,False
CVCL_2035,CVCL_1980,0.6574451327323914,esophagus,colorectal,False
CVCL_2035,CVCL_1564,0.6496670246124268,esophagus,colorectal,False
CVCL_2035,CVCL_5038,0.6453182697296143,esophagus,bile_duct,False
CVCL_2036,CVCL_3178,0.4645463824272156,esophagus,pancreas,False
CVCL_2036,CVCL_0152,0.4504697918891907,esophagus,pancreas,False
CVCL_2036,CVCL_2090,0.42302894592285156,esophagus,pancreas,False
CVCL_2036,CVCL_5027,0.4212479293346405,esophagus,colorectal,False
CVCL_2036,CVCL_4846,0.41892001032829285,esophagus,gastric,False
CVCL_2036,CVCL_5065,0.40315496921539307,esophagus,bile_duct,False
CVCL_2036,CVCL_M469,0.39703601598739624,esophagus,pancreas,False
CVCL_2036,CVCL_0313,0.39573734998703003,esophagus,pancreas,False
CVCL_2036,CVCL_0237,0.3637561500072479,esophagus,pancreas,False
CVCL_2036,CVCL_5250,0.36304688453674316,esophagus,colorectal,False
CVCL_2036,CVCL_5078,0.36098185181617737,esophagus,colorectal,False
CVCL_2036,CVCL_3172,0.35060253739356995,esophagus,pancreas,False
CVCL_2036,CVCL_2214,0.34986358880996704,esophagus,bile_duct,False
CVCL_2036,CVCL_1622,0.34792661666870117,esophagus,esophagus,True
CVCL_2036,CVCL_A1UH,0.34630048274993896,esophagus,pancreas,False
CVCL_2037,CVCL_2079,0.7725940346717834,blood,blood,True
CVCL_2037,CVCL_2481,0.7429794669151306,blood,blood,True
CVCL_2037,CVCL_3043,0.7294098734855652,blood,blood,True
CVCL_2037,CVCL_2187,0.7275087237358093,blood,blood,True
CVCL_2037,CVCL_2106,0.7160632014274597,blood,blood,True
CVCL_2037,CVCL_2120,0.6989514231681824,blood,blood,True
CVCL_2037,CVCL_2149,0.6911397576332092,blood,blood,True
CVCL_2037,CVCL_2150,0.6295074224472046,blood,blood,True
CVCL_2045,CVCL_1595,0.3871508836746216,esophagus,lung,False
CVCL_2045,CVCL_1174,0.3525959551334381,esophagus,lung,False
CVCL_2045,CVCL_2734,0.3315894603729248,esophagus,ovary,False
CVCL_2045,CVCL_1656,0.31577548384666443,esophagus,lung,False
CVCL_2045,CVCL_1829,0.3132283687591553,esophagus,peripheral_nervous_system,False
CVCL_2045,CVCL_1679,0.30672159790992737,esophagus,lung,False
CVCL_2045,CVCL_0543,0.30614978075027466,esophagus,bone,False
CVCL_2045,CVCL_0623,0.303030401468277,esophagus,breast,False
CVCL_2045,CVCL_5589,0.29878172278404236,esophagus,breast,False
CVCL_2045,CVCL_1655,0.2973892390727997,esophagus,lung,False
CVCL_2045,CVCL_1490,0.2960844337940216,esophagus,lung,False
CVCL_2045,CVCL_2034,0.2898007035255432,esophagus,uterus,False
CVCL_2045,CVCL_0178,0.28682026267051697,esophagus,breast,False
CVCL_2045,CVCL_1547,0.2835657000541687,esophagus,lung,False
CVCL_2047,CVCL_E115,0.5270384550094604,ovary,uterus,False
CVCL_2047,CVCL_2929,0.4977295696735382,ovary,uterus,False
CVCL_2047,CVCL_5007,0.4640989899635315,ovary,uterus,False
CVCL_2047,CVCL_4649,0.45557019114494324,ovary,ovary,True
CVCL_2047,CVCL_4657,0.4549576938152313,ovary,uterus,False
CVCL_2047,CVCL_2682,0.45300060510635376,ovary,ovary,True
CVCL_2047,CVCL_2923,0.43947333097457886,ovary,uterus,False
CVCL_2047,CVCL_DH05,0.4349421560764313,ovary,ovary,True
CVCL_2047,CVCL_0293,0.4332074522972107,ovary,uterus,False
CVCL_2047,CVCL_1707,0.42650505900382996,ovary,uterus,False
CVCL_2047,CVCL_0235,0.4251905679702759,ovary,kidney,False
CVCL_2047,CVCL_2924,0.4238974153995514,ovary,uterus,False
CVCL_2047,CVCL_3866,0.41682344675064087,ovary,uterus,False
CVCL_2047,CVCL_1345,0.4166301488876343,ovary,ovary,True
CVCL_2050,CVCL_2799,0.6142945885658264,central_nervous_system,central_nervous_system,True
CVCL_2050,CVCL_5033,0.5804452300071716,central_nervous_system,central_nervous_system,True
CVCL_2050,CVCL_5080,0.5722765326499939,central_nervous_system,central_nervous_system,True
CVCL_2050,CVCL_4773,0.487223744392395,central_nervous_system,central_nervous_system,True
CVCL_2050,CVCL_3955,0.4654271602630615,central_nervous_system,central_nervous_system,True
CVCL_2050,CVCL_1169,0.44391265511512756,central_nervous_system,central_nervous_system,True
CVCL_2050,CVCL_8585,0.44330376386642456,central_nervous_system,central_nervous_system,True
CVCL_2050,CVCL_1706,0.4323095977306366,central_nervous_system,central_nervous_system,True
CVCL_2050,CVCL_2971,0.41737404465675354,central_nervous_system,central_nervous_system,True
CVCL_2050,CVCL_1689,0.41110140085220337,central_nervous_system,central_nervous_system,True
CVCL_2050,CVCL_1796,0.4098801016807556,central_nervous_system,central_nervous_system,True
CVCL_2050,CVCL_3075,0.40916869044303894,central_nervous_system,central_nervous_system,True
CVCL_2057,CVCL_1472,0.31453296542167664,lung,lung,True
CVCL_2057,CVCL_1531,0.3042339086532593,lung,lung,True
CVCL_2057,CVCL_2788,0.3039826452732086,lung,liver,False
CVCL_2057,CVCL_0023,0.3014467656612396,lung,lung,True
CVCL_2057,CVCL_1574,0.2914462983608246,lung,lung,True
CVCL_2057,CVCL_5127,0.28398510813713074,lung,lung,True
CVCL_2057,CVCL_1470,0.2831433117389679,lung,lung,True
CVCL_2057,CVCL_1515,0.27461862564086914,lung,lung,True
CVCL_2057,CVCL_L088,0.2728942036628723,lung,lung,True
CVCL_2057,CVCL_1478,0.27248018980026245,lung,lung,True
CVCL_2057,CVCL_0630,0.26949363946914673,lung,lung,True
CVCL_2057,CVCL_2620,0.2686491310596466,lung,lung,True
CVCL_2057,CVCL_1492,0.26236194372177124,lung,lung,True
CVCL_2058,CVCL_2409,0.7456315755844116,lung,lung,True
CVCL_2058,CVCL_1510,0.6692429184913635,lung,lung,True
CVCL_2058,CVCL_1454,0.6672776937484741,lung,lung,True
CVCL_2058,CVCL_2415,0.6564626693725586,lung,lung,True
CVCL_2058,CVCL_0024,0.642425537109375,lung,lung,True
CVCL_2058,CVCL_1525,0.6312683820724487,lung,lung,True
CVCL_2058,CVCL_1389,0.6256482601165771,lung,lung,True
CVCL_2058,CVCL_1568,0.6239234805107117,lung,lung,True
CVCL_2058,CVCL_1140,0.6232526302337646,lung,lung,True
CVCL_2059,CVCL_2949,0.3939322233200073,lung,breast,False
CVCL_2059,CVCL_0543,0.3744746148586273,lung,bone,False
CVCL_2059,CVCL_1595,0.3703257143497467,lung,lung,True
CVCL_2059,CVCL_1492,0.36695557832717896,lung,lung,True
CVCL_2059,CVCL_2585,0.3618244528770447,lung,skin,False
CVCL_2059,CVCL_5167,0.36101895570755005,lung,gastric,False
CVCL_2059,CVCL_2744,0.3600006103515625,lung,urinary_tract,False
CVCL_2059,CVCL_0463,0.3591938614845276,lung,lung,True
CVCL_2059,CVCL_1226,0.3579230010509491,lung,central_nervous_system,False
CVCL_2059,CVCL_2067,0.35516420006752014,lung,breast,False
CVCL_2059,CVCL_1229,0.3524906635284424,lung,soft_tissue,False
CVCL_2060,CVCL_2193,0.40861940383911133,lung,cervix,False
CVCL_2060,CVCL_5065,0.38333263993263245,lung,bile_duct,False
CVCL_2060,CVCL_2788,0.36266282200813293,lung,liver,False
CVCL_2060,CVCL_1187,0.34225520491600037,lung,esophagus,False
CVCL_2060,CVCL_1531,0.33592766523361206,lung,lung,True
CVCL_2060,CVCL_6748,0.3347392976284027,lung,pancreas,False
CVCL_2060,CVCL_1472,0.3333056569099426,lung,lung,True
CVCL_2060,CVCL_5034,0.3327781558036804,lung,pancreas,False
CVCL_2060,CVCL_1392,0.3316819667816162,lung,lung,True
CVCL_2060,CVCL_2090,0.3237512707710266,lung,pancreas,False
CVCL_2060,CVCL_1655,0.31960996985435486,lung,lung,True
CVCL_2060,CVCL_8708,0.31461775302886963,lung,thyroid,False
CVCL_2061,CVCL_6831,0.4893181324005127,lung,lung,True
CVCL_2061,CVCL_5245,0.4819376766681671,lung,colorectal,False
CVCL_2061,CVCL_5034,0.4772200584411621,lung,pancreas,False
CVCL_2061,CVCL_5051,0.45938289165496826,lung,pancreas,False
CVCL_2061,CVCL_4900,0.4214043915271759,lung,lung,True
CVCL_2061,CVCL_1634,0.40986233949661255,lung,pancreas,False
CVCL_2061,CVCL_1681,0.3986887037754059,lung,upper_aerodigestive,False
CVCL_2062,CVCL_2319,0.49425530433654785,breast,breast,True
CVCL_2062,CVCL_5591,0.46338748931884766,breast,breast,True
CVCL_2063,CVCL_V622,0.5959345698356628,lung,lung,True
CVCL_2063,CVCL_4900,0.4962017834186554,lung,lung,True
CVCL_2063,CVCL_5126,0.4026603698730469,lung,lung,True
CVCL_2063,CVCL_1524,0.39111676812171936,lung,lung,True
CVCL_2063,CVCL_1376,0.3868652880191803,lung,lung,True
CVCL_2063,CVCL_1634,0.37860846519470215,lung,pancreas,False
CVCL_2063,CVCL_1549,0.3785729706287384,lung,lung,True
CVCL_2063,CVCL_6831,0.3759859800338745,lung,lung,True
CVCL_2063,CVCL_1633,0.37554824352264404,lung,pancreas,False
CVCL_2067,CVCL_0290,0.4345424473285675,breast,breast,True
CVCL_2067,CVCL_VV27,0.42751792073249817,breast,bile_duct,False
CVCL_2067,CVCL_3946,0.38512328267097473,breast,gastric,False
CVCL_2067,CVCL_1259,0.38006171584129333,breast,breast,True
CVCL_2067,CVCL_2312,0.37968167662620544,breast,upper_aerodigestive,False
CVCL_2067,CVCL_1131,0.37755081057548523,breast,esophagus,False
CVCL_2067,CVCL_1640,0.3736552596092224,breast,lung,False
CVCL_2067,CVCL_0419,0.37319886684417725,breast,breast,True
CVCL_2067,CVCL_3629,0.37283948063850403,breast,bile_duct,False
CVCL_2067,CVCL_3158,0.3664495050907135,breast,ovary,False
CVCL_2067,CVCL_0314,0.366058349609375,breast,skin,False
CVCL_2067,CVCL_1352,0.3650360405445099,breast,esophagus,False
CVCL_2067,CVCL_2465,0.36124420166015625,breast,upper_aerodigestive,False
CVCL_2071,CVCL_5224,0.7574255466461182,blood,blood,True
CVCL_2071,CVCL_2122,0.6592139005661011,blood,blood,True
CVCL_2071,CVCL_2130,0.636163592338562,blood,blood,True
CVCL_2071,CVCL_2118,0.6240849494934082,blood,blood,True
CVCL_2071,CVCL_0614,0.602483868598938,blood,blood,True
CVCL_2071,CVCL_2110,0.5905543565750122,blood,blood,True
CVCL_2071,CVCL_2106,0.579203188419342,blood,blood,True
CVCL_2071,CVCL_2196,0.5737410187721252,blood,blood,True
CVCL_2071,CVCL_1433,0.571583092212677,blood,blood,True
CVCL_2071,CVCL_0217,0.5472135543823242,blood,blood,True
CVCL_2071,CVCL_2191,0.5419204831123352,blood,blood,True
CVCL_2071,CVCL_2481,0.5334076881408691,blood,blood,True
CVCL_2075,CVCL_2605,0.7854305505752563,skin,skin,True
CVCL_2075,CVCL_6025,0.7457605004310608,skin,skin,True
CVCL_2075,CVCL_8784,0.7337445616722107,skin,skin,True
CVCL_2075,CVCL_5951,0.7315114140510559,skin,skin,True
CVCL_2075,CVCL_2950,0.7291498780250549,skin,skin,True
CVCL_2076,CVCL_0844,0.4425264000892639,skin,central_nervous_system,False
CVCL_2076,CVCL_4773,0.43814027309417725,skin,central_nervous_system,False
CVCL_2076,CVCL_A1VL,0.4251440763473511,skin,skin,True
CVCL_2076,CVCL_0871,0.41215845942497253,skin,soft_tissue,False
CVCL_2076,CVCL_WU66,0.4050750136375427,skin,bone,False
CVCL_2076,CVCL_1689,0.40325841307640076,skin,central_nervous_system,False
CVCL_2076,CVCL_AU20,0.3983316421508789,skin,peripheral_nervous_system,False
CVCL_2076,CVCL_A1VM,0.3953903615474701,skin,skin,True
CVCL_2076,CVCL_1809,0.3952038288116455,skin,bone,False
CVCL_2076,CVCL_3955,0.39380401372909546,skin,central_nervous_system,False
CVCL_2076,CVCL_0950,0.3932521939277649,skin,skin,True
CVCL_2076,CVCL_2593,0.38424670696258545,skin,lung,False
CVCL_2076,CVCL_0426,0.3821824789047241,skin,bone,False
CVCL_2077,CVCL_B260,0.4641266465187073,breast,lung,False
CVCL_2077,CVCL_V613,0.419377863407135,breast,central_nervous_system,False
CVCL_2077,CVCL_0290,0.41736507415771484,breast,breast,True
CVCL_2077,CVCL_1652,0.4083411395549774,breast,lung,False
CVCL_2077,CVCL_VV27,0.4025178849697113,breast,bile_duct,False
CVCL_2077,CVCL_5100,0.3959515690803528,breast,ovary,False
CVCL_2077,CVCL_1131,0.3920336961746216,breast,esophagus,False
CVCL_2077,CVCL_1383,0.39201825857162476,breast,colorectal,False
CVCL_2077,CVCL_1291,0.38386109471321106,breast,urinary_tract,False
CVCL_2077,CVCL_3158,0.3835510015487671,breast,ovary,False
CVCL_2077,CVCL_1292,0.3819664418697357,breast,urinary_tract,False
CVCL_2077,CVCL_1417,0.37320518493652344,breast,gastric,False
CVCL_2078,CVCL_2996,0.6113126277923584,plasma_cell,plasma_cell,True
CVCL_2078,CVCL_8792,0.5709868669509888,plasma_cell,plasma_cell,True
CVCL_2078,CVCL_2989,0.5490155220031738,plasma_cell,plasma_cell,True
CVCL_2078,CVCL_1600,0.5338276028633118,plasma_cell,plasma_cell,True
CVCL_2078,CVCL_2992,0.5127519965171814,plasma_cell,plasma_cell,True
CVCL_2078,CVCL_0012,0.5121337175369263,plasma_cell,plasma_cell,True
CVCL_2078,CVCL_E332,0.5039087533950806,plasma_cell,plasma_cell,True
CVCL_2078,CVCL_5210,0.5033835768699646,plasma_cell,plasma_cell,True
CVCL_2078,CVCL_1806,0.47630375623703003,plasma_cell,plasma_cell,True
CVCL_2078,CVCL_1625,0.47551465034484863,plasma_cell,plasma_cell,True
CVCL_2078,CVCL_2993,0.47087064385414124,plasma_cell,plasma_cell,True
CVCL_2078,CVCL_1699,0.46338921785354614,plasma_cell,plasma_cell,True
CVCL_2078,CVCL_2994,0.4497261941432953,plasma_cell,plasma_cell,True
CVCL_2079,CVCL_2481,0.7377226948738098,blood,blood,True
CVCL_2079,CVCL_2187,0.728277862071991,blood,blood,True
CVCL_2079,CVCL_2106,0.7108256220817566,blood,blood,True
CVCL_2079,CVCL_2120,0.7069194912910461,blood,blood,True
CVCL_2079,CVCL_2149,0.671543538570404,blood,blood,True
CVCL_2079,CVCL_2150,0.6706408262252808,blood,blood,True
CVCL_2079,CVCL_3043,0.6513761281967163,blood,blood,True
CVCL_2080,CVCL_2597,0.5727183222770691,lung,lung,True
CVCL_2080,CVCL_2595,0.5677040815353394,lung,lung,True
CVCL_2080,CVCL_2590,0.5373618602752686,lung,lung,True
CVCL_2080,CVCL_2591,0.5044376850128174,lung,lung,True
CVCL_2080,CVCL_2593,0.4892978072166443,lung,lung,True
CVCL_2080,CVCL_2581,0.46902281045913696,lung,lung,True
CVCL_2080,CVCL_2592,0.44122299551963806,lung,lung,True
CVCL_2080,CVCL_0698,0.4322150945663452,lung,fibroblast,False
CVCL_2080,CVCL_WU66,0.4139856696128845,lung,bone,False
CVCL_2081,CVCL_5158,0.5003031492233276,urinary_tract,lung,False
CVCL_2081,CVCL_2745,0.4856847822666168,urinary_tract,urinary_tract,True
CVCL_2081,CVCL_5063,0.4369996190071106,urinary_tract,upper_aerodigestive,False
CVCL_2081,CVCL_5133,0.36796456575393677,urinary_tract,lung,False
CVCL_2081,CVCL_5167,0.34981563687324524,urinary_tract,gastric,False
CVCL_2081,CVCL_1492,0.32464900612831116,urinary_tract,lung,False
CVCL_2081,CVCL_1229,0.3220445215702057,urinary_tract,soft_tissue,False
CVCL_2081,CVCL_1488,0.3216177821159363,urinary_tract,lung,False
CVCL_2081,CVCL_3954,0.32108405232429504,urinary_tract,central_nervous_system,False
CVCL_2081,CVCL_2981,0.31764477491378784,urinary_tract,plasma_cell,False
CVCL_2081,CVCL_0497,0.31132805347442627,urinary_tract,liver,False
CVCL_2081,CVCL_0630,0.29805809259414673,urinary_tract,lung,False
CVCL_2081,CVCL_1381,0.29198166728019714,urinary_tract,skin,False
CVCL_2081,CVCL_4402,0.2860979437828064,urinary_tract,lung,False
CVCL_2086,CVCL_0216,0.6123003363609314,blood,blood,True
CVCL_2086,CVCL_0001,0.6033324003219604,blood,blood,True
CVCL_2086,CVCL_2481,0.5979975461959839,blood,blood,True
CVCL_2086,CVCL_0379,0.5961925983428955,blood,blood,True
CVCL_2086,CVCL_2079,0.5887726545333862,blood,blood,True
CVCL_2086,CVCL_0217,0.5846728086471558,blood,blood,True
CVCL_2086,CVCL_2037,0.5751000642776489,blood,blood,True
CVCL_2086,CVCL_2187,0.5673145055770874,blood,blood,True
CVCL_2086,CVCL_2120,0.5547752976417542,blood,blood,True
CVCL_2086,CVCL_2149,0.5456947684288025,blood,blood,True
CVCL_2086,CVCL_2150,0.545367419719696,blood,blood,True
CVCL_2086,CVCL_2106,0.5187346339225769,blood,blood,True
CVCL_2090,CVCL_3517,0.6806930303573608,pancreas,pancreas,True
CVCL_2090,CVCL_A1UH,0.6237974166870117,pancreas,pancreas,True
CVCL_2090,CVCL_LM83,0.5538408756256104,pancreas,gastric,False
CVCL_2090,CVCL_M469,0.543914794921875,pancreas,pancreas,True
CVCL_2090,CVCL_A1VG,0.5420138239860535,pancreas,bile_duct,False
CVCL_2090,CVCL_S507,0.4821481704711914,pancreas,pancreas,True
CVCL_2090,CVCL_M466,0.466443806886673,pancreas,pancreas,True
CVCL_2090,CVCL_1119,0.447611004114151,pancreas,pancreas,True
CVCL_2090,CVCL_B4KV,0.43628549575805664,pancreas,gastric,False
CVCL_2091,CVCL_2122,0.5917413234710693,blood,blood,True
CVCL_2091,CVCL_1321,0.5637485384941101,blood,blood,True
CVCL_2091,CVCL_2196,0.5560870170593262,blood,blood,True
CVCL_2091,CVCL_0374,0.5342892408370972,blood,blood,True
CVCL_2091,CVCL_2130,0.5326679348945618,blood,blood,True
CVCL_2091,CVCL_2118,0.5307139158248901,blood,blood,True
CVCL_2091,CVCL_0614,0.5038056373596191,blood,blood,True
CVCL_2091,CVCL_1196,0.4936332106590271,blood,blood,True
CVCL_2091,CVCL_2071,0.49017783999443054,blood,blood,True
CVCL_2091,CVCL_1426,0.48810598254203796,blood,blood,True
CVCL_2091,CVCL_2110,0.4871533513069153,blood,blood,True
CVCL_2091,CVCL_1620,0.48684823513031006,blood,blood,True
CVCL_2091,CVCL_1230,0.4820824861526489,blood,blood,True
CVCL_2091,CVCL_0005,0.47999975085258484,blood,blood,True
CVCL_2091,CVCL_0589,0.47946152091026306,blood,blood,True
CVCL_2092,CVCL_5627,0.8226878046989441,peripheral_nervous_system,peripheral_nervous_system,True
CVCL_2092,CVCL_6594,0.8185729384422302,peripheral_nervous_system,peripheral_nervous_system,True
CVCL_2092,CVCL_2143,0.7792676687240601,peripheral_nervous_system,peripheral_nervous_system,True
CVCL_2092,CVCL_2141,0.7568569779396057,peripheral_nervous_system,peripheral_nervous_system,True
CVCL_2092,CVCL_AX49,0.7353439331054688,peripheral_nervous_system,peripheral_nervous_system,True
CVCL_2093,CVCL_2209,0.7798389196395874,lymphocyte,lymphocyte,True
CVCL_2093,CVCL_2098,0.721839964389801,lymphocyte,lymphocyte,True
CVCL_2093,CVCL_H614,0.6164441108703613,lymphocyte,lymphocyte,True
CVCL_2093,CVCL_1362,0.449466735124588,lymphocyte,lymphocyte,True
CVCL_2093,CVCL_2541,0.3983154594898224,lymphocyte,lymphocyte,True
CVCL_2093,CVCL_3526,0.3931896686553955,lymphocyte,lymphocyte,True
CVCL_2093,CVCL_RL84,0.3864150643348694,lymphocyte,lymphocyte,True
CVCL_2093,CVCL_8796,0.3817116618156433,lymphocyte,lymphocyte,True
CVCL_2093,CVCL_H637,0.37945690751075745,lymphocyte,lymphocyte,True
CVCL_2093,CVCL_1414,0.3713090419769287,lymphocyte,lymphocyte,True
CVCL_2094,CVCL_2319,0.48599424958229065,breast,breast,True
CVCL_2094,CVCL_0179,0.47734323143959045,breast,breast,True
CVCL_2094,CVCL_1812,0.44051289558410645,breast,breast,True
CVCL_2094,CVCL_1115,0.4327363073825836,breast,breast,True
CVCL_2094,CVCL_0588,0.43039005994796753,breast,breast,True
CVCL_2094,CVCL_1781,0.42982974648475647,breast,breast,True
CVCL_2094,CVCL_1782,0.4223546087741852,breast,breast,True
CVCL_2094,CVCL_1400,0.41446277499198914,breast,breast,True
CVCL_2094,CVCL_2062,0.41084185242652893,breast,breast,True
CVCL_2094,CVCL_1251,0.3872984051704407,breast,breast,True
CVCL_2095,CVCL_L434,0.6851921677589417,blood,blood,True
CVCL_2095,CVCL_2149,0.5997551679611206,blood,blood,True
CVCL_2095,CVCL_0379,0.5867630839347839,blood,blood,True
CVCL_2095,CVCL_0425,0.5823042988777161,blood,blood,True
CVCL_2095,CVCL_3043,0.5789161324501038,blood,blood,True
CVCL_2095,CVCL_2079,0.5680635571479797,blood,blood,True
CVCL_2095,CVCL_2037,0.5680173635482788,blood,blood,True
CVCL_2095,CVCL_2120,0.5553828477859497,blood,blood,True
CVCL_2095,CVCL_2106,0.5490290522575378,blood,blood,True
CVCL_2095,CVCL_0388,0.5388721823692322,blood,blood,True
CVCL_2095,CVCL_2187,0.5343697667121887,blood,blood,True
CVCL_2095,CVCL_0559,0.5336068868637085,blood,blood,True
CVCL_2095,CVCL_2150,0.5254338979721069,blood,blood,True
CVCL_2095,CVCL_0216,0.5133241415023804,blood,blood,True
CVCL_2096,CVCL_1194,0.4589352011680603,lymphocyte,lymphocyte,True
CVCL_2096,CVCL_H637,0.45748966932296753,lymphocyte,lymphocyte,True
CVCL_2096,CVCL_1319,0.45142316818237305,lymphocyte,lymphocyte,True
CVCL_2096,CVCL_4613,0.44117429852485657,lymphocyte,blood,False
CVCL_2096,CVCL_1320,0.4323394298553467,lymphocyte,blood,False
CVCL_2096,CVCL_1870,0.4259481430053711,lymphocyte,blood,False
CVCL_2096,CVCL_3526,0.4241100251674652,lymphocyte,lymphocyte,True
CVCL_2096,CVCL_Y549,0.42399874329566956,lymphocyte,blood,False
CVCL_2096,CVCL_Y548,0.4212995171546936,lymphocyte,blood,False
CVCL_2096,CVCL_1186,0.4208378493785858,lymphocyte,lymphocyte,True
CVCL_2096,CVCL_3386,0.4182549715042114,lymphocyte,plasma_cell,False
CVCL_2096,CVCL_0D73,0.41735386848449707,lymphocyte,blood,False
CVCL_2096,CVCL_2220,0.41249004006385803,lymphocyte,lymphocyte,True
CVCL_2098,CVCL_2209,0.7539358139038086,lymphocyte,lymphocyte,True
CVCL_2098,CVCL_H614,0.6478148102760315,lymphocyte,lymphocyte,True
CVCL_2098,CVCL_2541,0.4735460877418518,lymphocyte,lymphocyte,True
CVCL_2098,CVCL_2976,0.46366918087005615,lymphocyte,lymphocyte,True
CVCL_2098,CVCL_8796,0.4453932046890259,lymphocyte,lymphocyte,True
CVCL_2098,CVCL_RL84,0.4390603303909302,lymphocyte,lymphocyte,True
CVCL_2098,CVCL_H637,0.41288140416145325,lymphocyte,lymphocyte,True
CVCL_2098,CVCL_1414,0.4117395281791687,lymphocyte,lymphocyte,True
CVCL_2104,CVCL_2594,0.4477427005767822,lung,lung,True
CVCL_2104,CVCL_5113,0.41722288727760315,lung,lung,True
CVCL_2104,CVCL_2109,0.4155283272266388,lung,thyroid,False
CVCL_2104,CVCL_1427,0.4007200002670288,lung,lung,True
CVCL_2104,CVCL_5133,0.3767347037792206,lung,lung,True
CVCL_2104,CVCL_2593,0.361427903175354,lung,lung,True
CVCL_2104,CVCL_1546,0.3579294681549072,lung,lung,True
CVCL_2104,CVCL_1550,0.32117512822151184,lung,lung,True
CVCL_2104,CVCL_N588,0.31576964259147644,lung,soft_tissue,False
CVCL_2104,CVCL_0032,0.30439236760139465,lung,cervix,False
CVCL_2104,CVCL_0543,0.3016800582408905,lung,bone,False
CVCL_2104,CVCL_2080,0.29900118708610535,lung,lung,True
CVCL_2105,CVCL_AX49,0.6214936971664429,peripheral_nervous_system,peripheral_nervous_system,True
CVCL_2105,CVCL_1701,0.6091229319572449,peripheral_nervous_system,peripheral_nervous_system,True
CVCL_2105,CVCL_1123,0.593059241771698,peripheral_nervous_system,peripheral_nervous_system,True
CVCL_2105,CVCL_5627,0.5717298984527588,peripheral_nervous_system,peripheral_nervous_system,True
CVCL_2105,CVCL_2141,0.5592634081840515,peripheral_nervous_system,peripheral_nervous_system,True
CVCL_2105,CVCL_0346,0.54881352186203,peripheral_nervous_system,peripheral_nervous_system,True
CVCL_2105,CVCL_1606,0.546393632888794,peripheral_nervous_system,peripheral_nervous_system,True
CVCL_2105,CVCL_1440,0.5347872972488403,peripheral_nervous_system,peripheral_nervous_system,True
CVCL_2105,CVCL_2143,0.5310940742492676,peripheral_nervous_system,peripheral_nervous_system,True
CVCL_2105,CVCL_0528,0.5256686210632324,peripheral_nervous_system,peripheral_nervous_system,True
CVCL_2105,CVCL_1829,0.5255368947982788,peripheral_nervous_system,peripheral_nervous_system,True
CVCL_2105,CVCL_1702,0.5246798396110535,peripheral_nervous_system,peripheral_nervous_system,True
CVCL_2105,CVCL_AX42,0.5202937722206116,peripheral_nervous_system,peripheral_nervous_system,True
CVCL_2106,CVCL_3043,0.7544207572937012,blood,blood,True
CVCL_2106,CVCL_2187,0.728466808795929,blood,blood,True
CVCL_2106,CVCL_2481,0.7257488369941711,blood,blood,True
CVCL_2106,CVCL_2120,0.7155345678329468,blood,blood,True
CVCL_2106,CVCL_2150,0.6218502521514893,blood,blood,True
CVCL_2106,CVCL_2149,0.6177216172218323,blood,blood,True
CVCL_2109,CVCL_VU89,0.37312111258506775,thyroid,kidney,False
CVCL_2109,CVCL_1674,0.36671197414398193,thyroid,soft_tissue,False
CVCL_2109,CVCL_2682,0.350358247756958,thyroid,ovary,False
CVCL_2109,CVCL_5133,0.3403705954551697,thyroid,lung,False
CVCL_2109,CVCL_8717,0.3361407518386841,thyroid,central_nervous_system,False
CVCL_2109,CVCL_J521,0.3306669294834137,thyroid,unknown,False
CVCL_2109,CVCL_0630,0.3302110731601715,thyroid,lung,False
CVCL_2109,CVCL_5723,0.32848718762397766,thyroid,central_nervous_system,False
CVCL_2109,CVCL_M823,0.31984859704971313,thyroid,soft_tissue,False
CVCL_2109,CVCL_3509,0.31345221400260925,thyroid,ovary,False
CVCL_2109,CVCL_0153,0.3080500662326813,thyroid,thyroid,True
CVCL_2110,CVCL_2122,0.6982535123825073,blood,blood,True
CVCL_2110,CVCL_2196,0.6762679815292358,blood,blood,True
CVCL_2110,CVCL_2130,0.6491302251815796,blood,blood,True
CVCL_2110,CVCL_2118,0.5954809188842773,blood,blood,True
CVCL_2110,CVCL_0005,0.57770836353302,blood,blood,True
CVCL_2110,CVCL_5224,0.5645711421966553,blood,blood,True
CVCL_2110,CVCL_1620,0.5534681081771851,blood,blood,True
CVCL_2110,CVCL_2191,0.5437206029891968,blood,blood,True
CVCL_2112,CVCL_4655,0.5822165608406067,uterus,uterus,True
CVCL_2112,CVCL_2930,0.5743668675422668,uterus,uterus,True
CVCL_2112,CVCL_6543,0.550291121006012,uterus,uterus,True
CVCL_2112,CVCL_4658,0.5162729620933533,uterus,uterus,True
CVCL_2112,CVCL_4649,0.48537635803222656,uterus,ovary,False
CVCL_2112,CVCL_2927,0.48426949977874756,uterus,uterus,True
CVCL_2112,CVCL_2420,0.484052449464798,uterus,ovary,False
CVCL_2112,CVCL_1614,0.46330365538597107,uterus,ovary,False
CVCL_2112,CVCL_5014,0.46265462040901184,uterus,ovary,False
CVCL_2112,CVCL_2422,0.46058040857315063,uterus,ovary,False
CVCL_2112,CVCL_3114,0.4603886604309082,uterus,ovary,False
CVCL_2112,CVCL_1304,0.4563034772872925,uterus,ovary,False
CVCL_2112,CVCL_1615,0.45371076464653015,uterus,ovary,False
CVCL_2118,CVCL_2122,0.7307578325271606,blood,blood,True
CVCL_2118,CVCL_5224,0.6955766081809998,blood,blood,True
CVCL_2118,CVCL_2130,0.6803383231163025,blood,blood,True
CVCL_2118,CVCL_2196,0.5884942412376404,blood,blood,True
CVCL_2118,CVCL_1433,0.5373444557189941,blood,blood,True
CVCL_2118,CVCL_1071,0.5198891758918762,blood,blood,True
CVCL_2118,CVCL_2187,0.5104016661643982,blood,blood,True
CVCL_2118,CVCL_1620,0.4979133903980255,blood,blood,True
CVCL_2119,CVCL_7916,0.9041908979415894,blood,blood,True
CVCL_2119,CVCL_2161,0.766632616519928,blood,blood,True
CVCL_2120,CVCL_2187,0.8053188920021057,blood,blood,True
CVCL_2120,CVCL_3043,0.69461590051651,blood,blood,True
CVCL_2120,CVCL_2150,0.6919011473655701,blood,blood,True
CVCL_2120,CVCL_2481,0.6768994331359863,blood,blood,True
CVCL_2120,CVCL_2149,0.6540448665618896,blood,blood,True
CVCL_2122,CVCL_2130,0.7717994451522827,blood,blood,True
CVCL_2122,CVCL_2196,0.6673359274864197,blood,blood,True
CVCL_2122,CVCL_2162,0.6598792672157288,blood,blood,True
CVCL_2122,CVCL_1620,0.6580876111984253,blood,blood,True
CVCL_2122,CVCL_1632,0.6536803245544434,blood,blood,True
CVCL_2122,CVCL_1196,0.650903046131134,blood,blood,True
CVCL_2123,CVCL_2993,0.6363189220428467,plasma_cell,plasma_cell,True
CVCL_2123,CVCL_8792,0.631639838218689,plasma_cell,plasma_cell,True
CVCL_2123,CVCL_E332,0.620975911617279,plasma_cell,plasma_cell,True
CVCL_2123,CVCL_2539,0.5809199213981628,plasma_cell,lymphocyte,False
CVCL_2123,CVCL_2992,0.5642619132995605,plasma_cell,plasma_cell,True
CVCL_2123,CVCL_1320,0.5443347096443176,plasma_cell,blood,False
CVCL_2123,CVCL_2996,0.5399244427680969,plasma_cell,plasma_cell,True
CVCL_2123,CVCL_3386,0.5364521145820618,plasma_cell,plasma_cell,True
CVCL_2123,CVCL_1861,0.5339465737342834,plasma_cell,lymphocyte,False
CVCL_2124,CVCL_E333,0.5835096836090088,plasma_cell,plasma_cell,True
CVCL_2124,CVCL_2981,0.5621129274368286,plasma_cell,plasma_cell,True
CVCL_2124,CVCL_2991,0.5562784075737,plasma_cell,plasma_cell,True
CVCL_2124,CVCL_1625,0.5435271859169006,plasma_cell,plasma_cell,True
CVCL_2124,CVCL_2992,0.5264908671379089,plasma_cell,plasma_cell,True
CVCL_2124,CVCL_8792,0.5124639868736267,plasma_cell,plasma_cell,True
CVCL_2124,CVCL_2972,0.5003843307495117,plasma_cell,plasma_cell,True
CVCL_2124,CVCL_2123,0.498444139957428,plasma_cell,plasma_cell,True
CVCL_2124,CVCL_1823,0.49565255641937256,plasma_cell,plasma_cell,True
CVCL_2130,CVCL_2162,0.6624617576599121,blood,blood,True
CVCL_2130,CVCL_7916,0.6577976942062378,blood,blood,True
CVCL_2130,CVCL_1196,0.651530921459198,blood,blood,True
CVCL_2130,CVCL_1632,0.6489967107772827,blood,blood,True
CVCL_2130,CVCL_2196,0.642427921295166,blood,blood,True
CVCL_2130,CVCL_2119,0.6421164274215698,blood,blood,True
CVCL_2141,CVCL_2143,0.7965265512466431,peripheral_nervous_system,peripheral_nervous_system,True
CVCL_2141,CVCL_5627,0.7750076651573181,peripheral_nervous_system,peripheral_nervous_system,True
CVCL_2141,CVCL_1606,0.7286345958709717,peripheral_nervous_system,peripheral_nervous_system,True
CVCL_2141,CVCL_6594,0.7212091088294983,peripheral_nervous_system,peripheral_nervous_system,True
CVCL_2141,CVCL_AX42,0.7032830119132996,peripheral_nervous_system,peripheral_nervous_system,True
CVCL_2141,CVCL_1339,0.702107310295105,peripheral_nervous_system,peripheral_nervous_system,True
CVCL_2141,CVCL_AX49,0.6843013167381287,peripheral_nervous_system,peripheral_nervous_system,True
CVCL_2143,CVCL_AX42,0.7944874167442322,peripheral_nervous_system,peripheral_nervous_system,True
CVCL_2143,CVCL_5627,0.7771649956703186,peripheral_nervous_system,peripheral_nervous_system,True
CVCL_2143,CVCL_1606,0.7430554032325745,peripheral_nervous_system,peripheral_nervous_system,True
CVCL_2143,CVCL_6594,0.7250972390174866,peripheral_nervous_system,peripheral_nervous_system,True
CVCL_2143,CVCL_AX49,0.6988884210586548,peripheral_nervous_system,peripheral_nervous_system,True
CVCL_2149,CVCL_3043,0.6618682742118835,blood,blood,True
CVCL_2149,CVCL_2187,0.6527719497680664,blood,blood,True
CVCL_2149,CVCL_2150,0.6418699026107788,blood,blood,True
CVCL_2149,CVCL_2481,0.6244447231292725,blood,blood,True
CVCL_2149,CVCL_L434,0.622748076915741,blood,blood,True
CVCL_2150,CVCL_3043,0.670960545539856,blood,blood,True
CVCL_2150,CVCL_2481,0.6463813185691833,blood,blood,True
CVCL_2150,CVCL_2187,0.629037618637085,blood,blood,True
CVCL_2150,CVCL_0388,0.5558778047561646,blood,blood,True
CVCL_2161,CVCL_7916,0.7589684724807739,blood,blood,True
CVCL_2162,CVCL_2191,0.7169139981269836,blood,blood,True
CVCL_2162,CVCL_2161,0.70753014087677,blood,blood,True
CVCL_2162,CVCL_1632,0.6826224327087402,blood,blood,True
CVCL_2162,CVCL_7916,0.6682314276695251,blood,blood,True
CVCL_2162,CVCL_1609,0.6672885417938232,blood,blood,True
CVCL_2162,CVCL_2119,0.6426518559455872,blood,blood,True
CVCL_2169,CVCL_M153,0.7655688524246216,bone,bone,True
CVCL_2169,CVCL_S740,0.7572861313819885,bone,bone,True
CVCL_2169,CVCL_V618,0.6896491646766663,bone,bone,True
CVCL_2169,CVCL_6583,0.6839900612831116,bone,bone,True
CVCL_2169,CVCL_4Z30,0.659574568271637,bone,bone,True
CVCL_2169,CVCL_3177,0.6485064625740051,bone,peripheral_nervous_system,False
CVCL_2169,CVCL_2213,0.6310610771179199,bone,bone,True
CVCL_2169,CVCL_M150,0.6249328255653381,bone,bone,True
CVCL_2169,CVCL_F531,0.6232624053955078,bone,bone,True
CVCL_2176,CVCL_5916,0.863213837146759,soft_tissue,soft_tissue,True
CVCL_2176,CVCL_8752,0.7787167429924011,soft_tissue,soft_tissue,True
CVCL_2176,CVCL_L510,0.778606116771698,soft_tissue,soft_tissue,True
CVCL_2176,CVCL_VU81,0.761020302772522,soft_tissue,soft_tissue,True
CVCL_2176,CVCL_A667,0.7493517398834229,soft_tissue,soft_tissue,True
CVCL_2176,CVCL_RT33,0.7250511050224304,soft_tissue,soft_tissue,True
CVCL_2176,CVCL_M599,0.6357650756835938,soft_tissue,soft_tissue,True
CVCL_2176,CVCL_A770,0.5460963845252991,soft_tissue,soft_tissue,True
CVCL_2176,CVCL_N820,0.47735580801963806,soft_tissue,soft_tissue,True
CVCL_2176,CVCL_V415,0.4397643208503723,soft_tissue,soft_tissue,True
CVCL_2176,CVCL_1659,0.42380282282829285,soft_tissue,soft_tissue,True
CVCL_2176,CVCL_B255,0.41378945112228394,soft_tissue,soft_tissue,True
CVCL_2176,CVCL_1176,0.38957881927490234,soft_tissue,lung,False
CVCL_2182,CVCL_2255,0.7714205980300903,fibroblast,fibroblast,True
CVCL_2182,CVCL_0878,0.714002788066864,fibroblast,fibroblast,True
CVCL_2182,CVCL_0715,0.7051998376846313,fibroblast,fibroblast,True
CVCL_2182,CVCL_0882,0.7026689052581787,fibroblast,fibroblast,True
CVCL_2182,CVCL_0711,0.6766365170478821,fibroblast,fibroblast,True
CVCL_2182,CVCL_0891,0.6702591776847839,fibroblast,fibroblast,True
CVCL_2182,CVCL_3605,0.6676796078681946,fibroblast,fibroblast,True
CVCL_2182,CVCL_0888,0.6657171249389648,fibroblast,fibroblast,True
CVCL_2186,CVCL_2415,0.6930674910545349,lung,lung,True
CVCL_2186,CVCL_1510,0.6686068773269653,lung,lung,True
CVCL_2186,CVCL_2418,0.6544588804244995,lung,lung,True
CVCL_2186,CVCL_1525,0.6522329449653625,lung,lung,True
CVCL_2186,CVCL_1598,0.6501992344856262,lung,lung,True
CVCL_2186,CVCL_1141,0.639671266078949,lung,lung,True
CVCL_2187,CVCL_2481,0.7600820660591125,blood,blood,True
CVCL_2187,CVCL_3043,0.6704747080802917,blood,blood,True
CVCL_2191,CVCL_1426,0.6688668131828308,blood,blood,True
CVCL_2191,CVCL_1632,0.6662099361419678,blood,blood,True
CVCL_2191,CVCL_7916,0.666104257106781,blood,blood,True
CVCL_2191,CVCL_2161,0.6625605225563049,blood,blood,True
CVCL_2191,CVCL_0614,0.6544284224510193,blood,blood,True
CVCL_2191,CVCL_1425,0.6509939432144165,blood,blood,True
CVCL_2191,CVCL_2122,0.6504713296890259,blood,blood,True
CVCL_2191,CVCL_0002,0.6466967463493347,blood,blood,True
CVCL_2191,CVCL_1196,0.6421125531196594,blood,blood,True
CVCL_2193,CVCL_5065,0.5852091312408447,cervix,bile_duct,False
CVCL_2193,CVCL_1485,0.4561474919319153,cervix,lung,False
CVCL_2193,CVCL_8147,0.4408162236213684,cervix,pancreas,False
CVCL_2193,CVCL_2214,0.42782509326934814,cervix,bile_duct,False
CVCL_2193,CVCL_2793,0.4136999249458313,cervix,uterus,False
CVCL_2193,CVCL_1532,0.4114932715892792,cervix,lung,False
CVCL_2193,CVCL_0455,0.4084002375602722,cervix,lung,False
CVCL_2193,CVCL_4996,0.3844599425792694,cervix,cervix,True
CVCL_2193,CVCL_1508,0.3751716613769531,cervix,lung,False
CVCL_2194,CVCL_1638,0.4203796684741974,gastric,pancreas,False
CVCL_2194,CVCL_1794,0.40924501419067383,gastric,pancreas,False
CVCL_2194,CVCL_0237,0.4012954831123352,gastric,pancreas,False
CVCL_2194,CVCL_3881,0.39355266094207764,gastric,pancreas,False
CVCL_2194,CVCL_A1UH,0.3909868001937866,gastric,pancreas,False
CVCL_2194,CVCL_3020,0.38963186740875244,gastric,ovary,False
CVCL_2194,CVCL_1193,0.38659775257110596,gastric,bile_duct,False
CVCL_2194,CVCL_0471,0.38597455620765686,gastric,esophagus,False
CVCL_2194,CVCL_4897,0.3812974691390991,gastric,pancreas,False
CVCL_2194,CVCL_5101,0.3792373239994049,gastric,bile_duct,False
CVCL_2194,CVCL_1119,0.3786109387874603,gastric,pancreas,False
CVCL_2194,CVCL_0371,0.37499886751174927,gastric,gastric,True
CVCL_2194,CVCL_2090,0.35953786969184875,gastric,pancreas,False
CVCL_2194,CVCL_S507,0.35932475328445435,gastric,pancreas,False
CVCL_2194,CVCL_5015,0.35619983077049255,gastric,bile_duct,False
CVCL_2195,CVCL_A429,0.35426005721092224,esophagus,bile_duct,False
CVCL_2195,CVCL_1352,0.34379997849464417,esophagus,esophagus,True
CVCL_2195,CVCL_1760,0.3392336964607239,esophagus,esophagus,True
CVCL_2195,CVCL_A1UI,0.33504438400268555,esophagus,bile_duct,False
CVCL_2195,CVCL_0630,0.32895904779434204,esophagus,lung,False
CVCL_2195,CVCL_1187,0.3208893835544586,esophagus,esophagus,True
CVCL_2195,CVCL_5048,0.31875550746917725,esophagus,bile_duct,False
CVCL_2195,CVCL_H695,0.3153008222579956,esophagus,bile_duct,False
CVCL_2195,CVCL_1086,0.3099305331707001,esophagus,upper_aerodigestive,False
CVCL_2195,CVCL_0186,0.30886560678482056,esophagus,pancreas,False
CVCL_2195,CVCL_1337,0.3082443177700043,esophagus,upper_aerodigestive,False
CVCL_2195,CVCL_1767,0.2974551022052765,esophagus,esophagus,True
CVCL_2195,CVCL_1765,0.29587411880493164,esophagus,esophagus,True
CVCL_2195,CVCL_2714,0.29519733786582947,esophagus,urinary_tract,False
CVCL_2195,CVCL_3160,0.2936801314353943,esophagus,upper_aerodigestive,False
CVCL_2196,CVCL_0614,0.6502993106842041,blood,blood,True
CVCL_2196,CVCL_0005,0.600254476070404,blood,blood,True
CVCL_2196,CVCL_1433,0.584246039390564,blood,blood,True
CVCL_2196,CVCL_1196,0.5821915864944458,blood,blood,True
CVCL_2196,CVCL_5224,0.5566789507865906,blood,blood,True
CVCL_2196,CVCL_1620,0.5471375584602356,blood,blood,True
CVCL_2206,CVCL_1087,0.702774167060852,lymphocyte,lymphocyte,True
CVCL_2206,CVCL_B371,0.700650155544281,lymphocyte,lymphocyte,True
CVCL_2207,CVCL_3611,0.6512650847434998,lymphocyte,lymphocyte,True
CVCL_2207,CVCL_1872,0.6227743029594421,lymphocyte,lymphocyte,True
CVCL_2207,CVCL_1819,0.618779182434082,lymphocyte,lymphocyte,True
CVCL_2207,CVCL_1865,0.6179755330085754,lymphocyte,lymphocyte,True
CVCL_2207,CVCL_B371,0.6073163151741028,lymphocyte,lymphocyte,True
CVCL_2207,CVCL_0539,0.5977582931518555,lymphocyte,lymphocyte,True
CVCL_2207,CVCL_1660,0.5950233936309814,lymphocyte,lymphocyte,True
CVCL_2207,CVCL_1168,0.5890748500823975,lymphocyte,lymphocyte,True
CVCL_2207,CVCL_0067,0.5811557173728943,lymphocyte,lymphocyte,True
CVCL_2207,CVCL_1902,0.5780410170555115,lymphocyte,lymphocyte,True
CVCL_2207,CVCL_1179,0.5772437453269958,lymphocyte,lymphocyte,True
CVCL_2207,CVCL_1967,0.5764296054840088,lymphocyte,lymphocyte,True
CVCL_2209,CVCL_H614,0.6485032439231873,lymphocyte,lymphocyte,True
CVCL_2209,CVCL_8796,0.45932531356811523,lymphocyte,lymphocyte,True
CVCL_2209,CVCL_H637,0.44838041067123413,lymphocyte,lymphocyte,True
CVCL_2209,CVCL_RL84,0.44499966502189636,lymphocyte,lymphocyte,True
CVCL_2209,CVCL_2541,0.42064791917800903,lymphocyte,lymphocyte,True
CVCL_2209,CVCL_1414,0.4170355200767517,lymphocyte,lymphocyte,True
CVCL_2209,CVCL_2889,0.40040063858032227,lymphocyte,lymphocyte,True
CVCL_2209,CVCL_1099,0.3992100954055786,lymphocyte,lymphocyte,True
CVCL_2210,CVCL_1424,0.523402214050293,blood,blood,True
CVCL_2210,CVCL_1327,0.5043211579322815,blood,blood,True
CVCL_2210,CVCL_1126,0.4926927387714386,blood,blood,True
CVCL_2210,CVCL_1630,0.4721904397010803,blood,blood,True
CVCL_2210,CVCL_1641,0.44603314995765686,blood,blood,True
CVCL_2210,CVCL_1805,0.4182036817073822,blood,blood,True
CVCL_2210,CVCL_1736,0.41777941584587097,blood,blood,True
CVCL_2210,CVCL_0624,0.41673046350479126,blood,blood,True
CVCL_2210,CVCL_2022,0.4110066294670105,blood,blood,True
CVCL_2210,CVCL_0065,0.40909311175346375,blood,blood,True
CVCL_2210,CVCL_0337,0.40848153829574585,blood,lymphocyte,False
CVCL_2210,CVCL_1380,0.3962552845478058,blood,blood,True
CVCL_2210,CVCL_1820,0.3957296907901764,blood,blood,True
CVCL_2210,CVCL_1150,0.3941022455692291,blood,blood,True
CVCL_2210,CVCL_3032,0.3939254879951477,blood,lymphocyte,False
CVCL_2213,CVCL_F531,0.7525820136070251,bone,bone,True
CVCL_2213,CVCL_V618,0.7129578590393066,bone,bone,True
CVCL_2213,CVCL_3177,0.7103862762451172,bone,peripheral_nervous_system,False
CVCL_2213,CVCL_S740,0.6869798302650452,bone,bone,True
CVCL_2213,CVCL_M150,0.6707310676574707,bone,bone,True
CVCL_2213,CVCL_6583,0.6455797553062439,bone,bone,True
CVCL_2213,CVCL_4Z30,0.6454371213912964,bone,bone,True
CVCL_2213,CVCL_4Z31,0.6377526521682739,bone,bone,True
CVCL_2214,CVCL_1193,0.41291573643684387,bile_duct,bile_duct,True
CVCL_2214,CVCL_5136,0.39802059531211853,bile_duct,lung,False
CVCL_2214,CVCL_5065,0.3765781819820404,bile_duct,bile_duct,True
CVCL_2214,CVCL_A1VI,0.3664630055427551,bile_duct,bile_duct,True
CVCL_2214,CVCL_1530,0.35913923382759094,bile_duct,lung,False
CVCL_2214,CVCL_1478,0.35622450709342957,bile_duct,lung,False
CVCL_2218,CVCL_2601,0.37916889786720276,thyroid,skin,False
CVCL_2218,CVCL_0844,0.3258671164512634,thyroid,central_nervous_system,False
CVCL_2218,CVCL_1233,0.3206111490726471,thyroid,central_nervous_system,False
CVCL_2218,CVCL_V617,0.3156110942363739,thyroid,fibroblast,False
CVCL_2218,CVCL_0698,0.3131774961948395,thyroid,fibroblast,False
CVCL_2218,CVCL_0633,0.3129024803638458,thyroid,central_nervous_system,False
CVCL_2218,CVCL_3959,0.30994945764541626,thyroid,central_nervous_system,False
CVCL_2218,CVCL_5134,0.30970728397369385,thyroid,lung,False
CVCL_2218,CVCL_3955,0.30882325768470764,thyroid,central_nervous_system,False
CVCL_2218,CVCL_0333,0.30815351009368896,thyroid,gastric,False
CVCL_2218,CVCL_5083,0.30530479550361633,thyroid,uterus,False
CVCL_2218,CVCL_B255,0.3044578433036804,thyroid,soft_tissue,False
CVCL_2218,CVCL_4W58,0.3017362952232361,thyroid,kidney,False
CVCL_2218,CVCL_YU13,0.2907351553440094,thyroid,peripheral_nervous_system,False
CVCL_2220,CVCL_1414,0.46848106384277344,lymphocyte,lymphocyte,True
CVCL_2220,CVCL_1319,0.45773717761039734,lymphocyte,lymphocyte,True
CVCL_2220,CVCL_RL84,0.45564404129981995,lymphocyte,lymphocyte,True
CVCL_2220,CVCL_0009,0.4401373863220215,lymphocyte,lymphocyte,True
CVCL_2220,CVCL_0D73,0.4356923997402191,lymphocyte,blood,False
CVCL_2220,CVCL_Y548,0.4332699775695801,lymphocyte,blood,False
CVCL_2220,CVCL_1320,0.43193966150283813,lymphocyte,blood,False
CVCL_2220,CVCL_3526,0.42842161655426025,lymphocyte,lymphocyte,True
CVCL_2220,CVCL_4613,0.4180786609649658,lymphocyte,blood,False
CVCL_2220,CVCL_1099,0.41375672817230225,lymphocyte,lymphocyte,True
CVCL_2220,CVCL_2889,0.41140714287757874,lymphocyte,lymphocyte,True
CVCL_2220,CVCL_2526,0.4072779715061188,lymphocyte,plasma_cell,False
CVCL_2221,CVCL_2680,0.750511884689331,upper_aerodigestive,upper_aerodigestive,True
CVCL_2221,CVCL_2229,0.743990421295166,upper_aerodigestive,upper_aerodigestive,True
CVCL_2221,CVCL_2222,0.7357182502746582,upper_aerodigestive,upper_aerodigestive,True
CVCL_2221,CVCL_2313,0.702752411365509,upper_aerodigestive,upper_aerodigestive,True
CVCL_2221,CVCL_2679,0.691742479801178,upper_aerodigestive,upper_aerodigestive,True
CVCL_2221,CVCL_1681,0.6792789101600647,upper_aerodigestive,upper_aerodigestive,True
CVCL_2221,CVCL_2661,0.6676923036575317,upper_aerodigestive,esophagus,False
CVCL_2221,CVCL_2310,0.6644834876060486,upper_aerodigestive,upper_aerodigestive,True
CVCL_2221,CVCL_2232,0.6604669690132141,upper_aerodigestive,upper_aerodigestive,True
CVCL_2221,CVCL_2224,0.6374083161354065,upper_aerodigestive,upper_aerodigestive,True
CVCL_2222,CVCL_2679,0.8392512798309326,upper_aerodigestive,upper_aerodigestive,True
CVCL_2222,CVCL_2229,0.7951834201812744,upper_aerodigestive,upper_aerodigestive,True
CVCL_2222,CVCL_2661,0.764673113822937,upper_aerodigestive,esophagus,False
CVCL_2222,CVCL_5017,0.71993488073349,upper_aerodigestive,upper_aerodigestive,True
CVCL_2222,CVCL_2462,0.7158704400062561,upper_aerodigestive,upper_aerodigestive,True
CVCL_2222,CVCL_2313,0.7114182114601135,upper_aerodigestive,upper_aerodigestive,True
CVCL_2222,CVCL_3599,0.6982336044311523,upper_aerodigestive,urinary_tract,False
CVCL_2224,CVCL_1107,0.6496515274047852,upper_aerodigestive,upper_aerodigestive,True
CVCL_2224,CVCL_2229,0.6353819370269775,upper_aerodigestive,upper_aerodigestive,True
CVCL_2224,CVCL_1681,0.6224333643913269,upper_aerodigestive,upper_aerodigestive,True
CVCL_2224,CVCL_2807,0.6155192255973816,upper_aerodigestive,skin,False
CVCL_2224,CVCL_2679,0.6137449741363525,upper_aerodigestive,upper_aerodigestive,True
CVCL_2224,CVCL_1063,0.6083011627197266,upper_aerodigestive,epidermoid_carcinoma,False
CVCL_2224,CVCL_1767,0.6055909991264343,upper_aerodigestive,esophagus,False
CVCL_2224,CVCL_2222,0.6033591628074646,upper_aerodigestive,upper_aerodigestive,True
CVCL_2224,CVCL_2232,0.591645359992981,upper_aerodigestive,upper_aerodigestive,True
CVCL_2224,CVCL_2722,0.5896234512329102,upper_aerodigestive,prostate,False
CVCL_2224,CVCL_1091,0.5851626992225647,upper_aerodigestive,prostate,False
CVCL_2224,CVCL_0037,0.5834094285964966,upper_aerodigestive,skin,False
CVCL_2226,CVCL_2229,0.698431134223938,upper_aerodigestive,upper_aerodigestive,True
CVCL_2226,CVCL_2458,0.6594602465629578,upper_aerodigestive,upper_aerodigestive,True
CVCL_2226,CVCL_2313,0.6333042979240417,upper_aerodigestive,upper_aerodigestive,True
CVCL_2226,CVCL_2312,0.6230169534683228,upper_aerodigestive,upper_aerodigestive,True
CVCL_2226,CVCL_2310,0.6207256317138672,upper_aerodigestive,upper_aerodigestive,True
CVCL_2226,CVCL_A1VE,0.619960606098175,upper_aerodigestive,bile_duct,False
CVCL_2226,CVCL_1732,0.6176029443740845,upper_aerodigestive,cervix,False
CVCL_2226,CVCL_2463,0.6092590093612671,upper_aerodigestive,upper_aerodigestive,True
CVCL_2226,CVCL_2807,0.6076886057853699,upper_aerodigestive,skin,False
CVCL_2226,CVCL_1063,0.6047240495681763,upper_aerodigestive,epidermoid_carcinoma,False
CVCL_2226,CVCL_0037,0.603095293045044,upper_aerodigestive,skin,False
CVCL_2226,CVCL_1293,0.598230242729187,upper_aerodigestive,cervix,False
CVCL_2226,CVCL_2315,0.594123363494873,upper_aerodigestive,upper_aerodigestive,True
CVCL_2228,CVCL_2661,0.6846610307693481,upper_aerodigestive,esophagus,False
CVCL_2228,CVCL_2679,0.671578049659729,upper_aerodigestive,upper_aerodigestive,True
CVCL_2228,CVCL_2222,0.6702058911323547,upper_aerodigestive,upper_aerodigestive,True
CVCL_2228,CVCL_2310,0.6533355116844177,upper_aerodigestive,upper_aerodigestive,True
CVCL_2228,CVCL_2313,0.6521981954574585,upper_aerodigestive,upper_aerodigestive,True
CVCL_2228,CVCL_2221,0.6201094388961792,upper_aerodigestive,upper_aerodigestive,True
CVCL_2228,CVCL_1063,0.6177449226379395,upper_aerodigestive,epidermoid_carcinoma,False
CVCL_2228,CVCL_1682,0.6151545643806458,upper_aerodigestive,upper_aerodigestive,True
CVCL_2228,CVCL_3599,0.6134191751480103,upper_aerodigestive,urinary_tract,False
CVCL_2228,CVCL_5017,0.6112998127937317,upper_aerodigestive,upper_aerodigestive,True
CVCL_2228,CVCL_1287,0.5903128981590271,upper_aerodigestive,upper_aerodigestive,True
CVCL_2228,CVCL_0037,0.5899350047111511,upper_aerodigestive,skin,False
CVCL_2228,CVCL_2229,0.5881503820419312,upper_aerodigestive,upper_aerodigestive,True
CVCL_2228,CVCL_2232,0.5860545635223389,upper_aerodigestive,upper_aerodigestive,True
CVCL_2229,CVCL_2313,0.7429074048995972,upper_aerodigestive,upper_aerodigestive,True
CVCL_2229,CVCL_2679,0.7316785454750061,upper_aerodigestive,upper_aerodigestive,True
CVCL_2229,CVCL_2232,0.7151898145675659,upper_aerodigestive,upper_aerodigestive,True
CVCL_2229,CVCL_2807,0.6952025890350342,upper_aerodigestive,skin,False
CVCL_2229,CVCL_2310,0.6913521885871887,upper_aerodigestive,upper_aerodigestive,True
CVCL_2229,CVCL_3086,0.688941240310669,upper_aerodigestive,upper_aerodigestive,True
CVCL_2230,CVCL_2229,0.6062307357788086,upper_aerodigestive,upper_aerodigestive,True
CVCL_2230,CVCL_1108,0.5782606601715088,upper_aerodigestive,upper_aerodigestive,True
CVCL_2230,CVCL_2722,0.5775418877601624,upper_aerodigestive,prostate,False
CVCL_2230,CVCL_1681,0.5608629584312439,upper_aerodigestive,upper_aerodigestive,True
CVCL_2230,CVCL_1091,0.558130145072937,upper_aerodigestive,prostate,False
CVCL_2230,CVCL_2723,0.5541991591453552,upper_aerodigestive,prostate,False
CVCL_2230,CVCL_5105,0.5443039536476135,upper_aerodigestive,upper_aerodigestive,True
CVCL_2230,CVCL_2457,0.53982013463974,upper_aerodigestive,upper_aerodigestive,True
CVCL_2230,CVCL_2310,0.5367231965065002,upper_aerodigestive,upper_aerodigestive,True
CVCL_2230,CVCL_2222,0.5358732342720032,upper_aerodigestive,upper_aerodigestive,True
CVCL_2230,CVCL_3599,0.5190888047218323,upper_aerodigestive,urinary_tract,False
CVCL_2230,CVCL_2462,0.5147761106491089,upper_aerodigestive,upper_aerodigestive,True
CVCL_2230,CVCL_1063,0.5124124884605408,upper_aerodigestive,epidermoid_carcinoma,False
CVCL_2230,CVCL_1102,0.5120837092399597,upper_aerodigestive,upper_aerodigestive,True
CVCL_2230,CVCL_1685,0.5113378763198853,upper_aerodigestive,upper_aerodigestive,True
CVCL_2232,CVCL_2722,0.7065420746803284,upper_aerodigestive,prostate,False
CVCL_2232,CVCL_2313,0.6994844675064087,upper_aerodigestive,upper_aerodigestive,True
CVCL_2232,CVCL_1063,0.6887848973274231,upper_aerodigestive,epidermoid_carcinoma,False
CVCL_2232,CVCL_6950,0.6824883222579956,upper_aerodigestive,cervix,False
CVCL_2232,CVCL_2315,0.6765573620796204,upper_aerodigestive,upper_aerodigestive,True
CVCL_2232,CVCL_2222,0.6758509874343872,upper_aerodigestive,upper_aerodigestive,True
CVCL_2232,CVCL_2679,0.6756506562232971,upper_aerodigestive,upper_aerodigestive,True
CVCL_2232,CVCL_2462,0.6695840358734131,upper_aerodigestive,upper_aerodigestive,True
CVCL_2232,CVCL_2457,0.6667298078536987,upper_aerodigestive,upper_aerodigestive,True
CVCL_2232,CVCL_1107,0.6621494889259338,upper_aerodigestive,upper_aerodigestive,True
CVCL_2232,CVCL_0037,0.6540004014968872,upper_aerodigestive,skin,False
CVCL_2232,CVCL_2661,0.6512733101844788,upper_aerodigestive,esophagus,False
CVCL_2235,CVCL_4748,0.552570104598999,prostate,prostate,True
CVCL_2235,CVCL_1128,0.3999565839767456,prostate,lung,False
CVCL_2235,CVCL_1082,0.39721769094467163,prostate,lung,False
CVCL_2235,CVCL_1536,0.3960309624671936,prostate,lung,False
CVCL_2235,CVCL_1177,0.39266878366470337,prostate,lung,False
CVCL_2235,CVCL_1590,0.38230839371681213,prostate,lung,False
CVCL_2235,CVCL_2409,0.37876442074775696,prostate,lung,False
CVCL_2235,CVCL_1525,0.37741976976394653,prostate,lung,False
CVCL_2235,CVCL_0024,0.3762277662754059,prostate,lung,False
CVCL_2235,CVCL_2438,0.3708483576774597,prostate,lung,False
CVCL_2235,CVCL_3143,0.3705030679702759,prostate,pancreas,False
CVCL_2235,CVCL_1522,0.36996927857398987,prostate,lung,False
CVCL_2235,CVCL_1516,0.3699455261230469,prostate,lung,False
CVCL_2253,CVCL_2310,0.6014466285705566,cervix,upper_aerodigestive,False
CVCL_2253,CVCL_3810,0.6002398133277893,cervix,prostate,False
CVCL_2253,CVCL_A1VE,0.5971206426620483,cervix,bile_duct,False
CVCL_2253,CVCL_2313,0.567937433719635,cervix,upper_aerodigestive,False
CVCL_2253,CVCL_4056,0.5631831288337708,cervix,pancreas,False
CVCL_2253,CVCL_2723,0.5627648234367371,cervix,prostate,False
CVCL_2253,CVCL_3599,0.5612431168556213,cervix,urinary_tract,False
CVCL_2253,CVCL_1086,0.5472182631492615,cervix,upper_aerodigestive,False
CVCL_2253,CVCL_1681,0.5415670871734619,cervix,upper_aerodigestive,False
CVCL_2253,CVCL_1091,0.540751576423645,cervix,prostate,False
CVCL_2253,CVCL_2722,0.5346730351448059,cervix,prostate,False
CVCL_2253,CVCL_2582,0.5326192378997803,cervix,lung,False
CVCL_2253,CVCL_2677,0.5284236669540405,cervix,prostate,False
CVCL_2255,CVCL_0698,0.6723652482032776,fibroblast,fibroblast,True
CVCL_2255,CVCL_0878,0.6202185153961182,fibroblast,fibroblast,True
CVCL_2255,CVCL_0882,0.6138201951980591,fibroblast,fibroblast,True
CVCL_2255,CVCL_0715,0.6103376746177673,fibroblast,fibroblast,True
CVCL_2255,CVCL_V617,0.6074864268302917,fibroblast,fibroblast,True
CVCL_2255,CVCL_0726,0.6033004522323608,fibroblast,fibroblast,True
CVCL_2270,CVCL_2585,0.44585132598876953,bone,skin,False
CVCL_2270,CVCL_2584,0.4416796863079071,bone,skin,False
CVCL_2270,CVCL_1167,0.3828270435333252,bone,central_nervous_system,False
CVCL_2270,CVCL_4402,0.366123765707016,bone,lung,False
CVCL_2270,CVCL_YU13,0.36511319875717163,bone,peripheral_nervous_system,False
CVCL_2270,CVCL_0042,0.33267948031425476,bone,bone,True
CVCL_2270,CVCL_Y019,0.33027005195617676,bone,blood,False
CVCL_2270,CVCL_1Y70,0.32222846150398254,bone,peripheral_nervous_system,False
CVCL_2270,CVCL_8787,0.32132306694984436,bone,skin,False
CVCL_2270,CVCL_8878,0.3209262490272522,bone,ovary,False
CVCL_2270,CVCL_A1ZB,0.31980496644973755,bone,bile_duct,False
CVCL_2270,CVCL_1689,0.3124783933162689,bone,central_nervous_system,False
CVCL_2270,CVCL_1507,0.3121674656867981,bone,lung,False
CVCL_2270,CVCL_2588,0.3115746080875397,bone,colorectal,False
CVCL_2291,CVCL_4902,0.3857432007789612,ovary,bile_duct,False
CVCL_2291,CVCL_2585,0.3762015104293823,ovary,skin,False
CVCL_2291,CVCL_2583,0.37324854731559753,ovary,skin,False
CVCL_2291,CVCL_2584,0.3731808066368103,ovary,skin,False
CVCL_2291,CVCL_1655,0.3731077313423157,ovary,lung,False
CVCL_2291,CVCL_U613,0.3705635368824005,ovary,soft_tissue,False
CVCL_2291,CVCL_2671,0.3694468140602112,ovary,lung,False
CVCL_2291,CVCL_0497,0.36714789271354675,ovary,liver,False
CVCL_2291,CVCL_1911,0.34893175959587097,ovary,kidney,False
CVCL_2291,CVCL_5063,0.3488849997520447,ovary,upper_aerodigestive,False
CVCL_2297,CVCL_3960,0.5728230476379395,central_nervous_system,central_nervous_system,True
CVCL_2297,CVCL_5010,0.5354992747306824,central_nervous_system,central_nervous_system,True
CVCL_2297,CVCL_WS73,0.5341399312019348,central_nervous_system,central_nervous_system,True
CVCL_2297,CVCL_1173,0.5231056809425354,central_nervous_system,central_nervous_system,True
CVCL_2297,CVCL_2799,0.49332886934280396,central_nervous_system,central_nervous_system,True
CVCL_2297,CVCL_V617,0.48344460129737854,central_nervous_system,fibroblast,False
CVCL_2308,CVCL_IZ34,0.7165297269821167,upper_aerodigestive,breast,False
CVCL_2308,CVCL_2457,0.7159053087234497,upper_aerodigestive,upper_aerodigestive,True
CVCL_2308,CVCL_2313,0.6992334723472595,upper_aerodigestive,upper_aerodigestive,True
CVCL_2308,CVCL_2315,0.6943197250366211,upper_aerodigestive,upper_aerodigestive,True
CVCL_2308,CVCL_2679,0.6870481967926025,upper_aerodigestive,upper_aerodigestive,True
CVCL_2308,CVCL_2722,0.6833330392837524,upper_aerodigestive,prostate,False
CVCL_2308,CVCL_2723,0.6691343784332275,upper_aerodigestive,prostate,False
CVCL_2308,CVCL_2310,0.6663975715637207,upper_aerodigestive,upper_aerodigestive,True
CVCL_2308,CVCL_2222,0.6650633215904236,upper_aerodigestive,upper_aerodigestive,True
CVCL_2308,CVCL_1063,0.6646197438240051,upper_aerodigestive,epidermoid_carcinoma,False
CVCL_2308,CVCL_2661,0.6630529761314392,upper_aerodigestive,esophagus,False
CVCL_2308,CVCL_2458,0.6607661843299866,upper_aerodigestive,upper_aerodigestive,True
CVCL_2308,CVCL_2229,0.6564003229141235,upper_aerodigestive,upper_aerodigestive,True
CVCL_2310,CVCL_2313,0.8201598525047302,upper_aerodigestive,upper_aerodigestive,True
CVCL_2310,CVCL_2722,0.7729558944702148,upper_aerodigestive,prostate,False
CVCL_2310,CVCL_3810,0.7703239917755127,upper_aerodigestive,prostate,False
CVCL_2310,CVCL_2314,0.7022102475166321,upper_aerodigestive,upper_aerodigestive,True
CVCL_2310,CVCL_2462,0.6994917988777161,upper_aerodigestive,upper_aerodigestive,True
CVCL_2310,CVCL_A1VE,0.6985334157943726,upper_aerodigestive,bile_duct,False
CVCL_2310,CVCL_2222,0.6932507753372192,upper_aerodigestive,upper_aerodigestive,True
CVCL_2310,CVCL_0037,0.6778579950332642,upper_aerodigestive,skin,False
CVCL_2312,CVCL_2315,0.7101374864578247,upper_aerodigestive,upper_aerodigestive,True
CVCL_2312,CVCL_2458,0.7091134190559387,upper_aerodigestive,upper_aerodigestive,True
CVCL_2312,CVCL_2457,0.7044501900672913,upper_aerodigestive,upper_aerodigestive,True
CVCL_2312,CVCL_1681,0.6771467924118042,upper_aerodigestive,upper_aerodigestive,True
CVCL_2312,CVCL_2313,0.6678915619850159,upper_aerodigestive,upper_aerodigestive,True
CVCL_2312,CVCL_2310,0.6569269299507141,upper_aerodigestive,upper_aerodigestive,True
CVCL_2312,CVCL_1107,0.6555154919624329,upper_aerodigestive,upper_aerodigestive,True
CVCL_2312,CVCL_2308,0.642935574054718,upper_aerodigestive,upper_aerodigestive,True
CVCL_2312,CVCL_2314,0.6332311630249023,upper_aerodigestive,upper_aerodigestive,True
CVCL_2312,CVCL_2229,0.6252300143241882,upper_aerodigestive,upper_aerodigestive,True
CVCL_2312,CVCL_2465,0.6243557929992676,upper_aerodigestive,upper_aerodigestive,True
CVCL_2313,CVCL_2722,0.7672862410545349,upper_aerodigestive,prostate,False
CVCL_2313,CVCL_3810,0.7536834478378296,upper_aerodigestive,prostate,False
CVCL_2313,CVCL_2679,0.7522004246711731,upper_aerodigestive,upper_aerodigestive,True
CVCL_2313,CVCL_2681,0.7162490487098694,upper_aerodigestive,upper_aerodigestive,True
CVCL_2313,CVCL_2680,0.7080151438713074,upper_aerodigestive,upper_aerodigestive,True
CVCL_2314,CVCL_2315,0.7109931707382202,upper_aerodigestive,upper_aerodigestive,True
CVCL_2314,CVCL_2458,0.6758704781532288,upper_aerodigestive,upper_aerodigestive,True
CVCL_2314,CVCL_2313,0.6457106471061707,upper_aerodigestive,upper_aerodigestive,True
CVCL_2314,CVCL_1685,0.6281197667121887,upper_aerodigestive,upper_aerodigestive,True
CVCL_2314,CVCL_1681,0.6243868470191956,upper_aerodigestive,upper_aerodigestive,True
CVCL_2314,CVCL_2722,0.6191590428352356,upper_aerodigestive,prostate,False
CVCL_2314,CVCL_2462,0.6133365035057068,upper_aerodigestive,upper_aerodigestive,True
CVCL_2314,CVCL_2457,0.611504852771759,upper_aerodigestive,upper_aerodigestive,True
CVCL_2314,CVCL_2308,0.6044935584068298,upper_aerodigestive,upper_aerodigestive,True
CVCL_2314,CVCL_2232,0.5979664325714111,upper_aerodigestive,upper_aerodigestive,True
CVCL_2314,CVCL_2229,0.5963407158851624,upper_aerodigestive,upper_aerodigestive,True
CVCL_2315,CVCL_2458,0.7304556965827942,upper_aerodigestive,upper_aerodigestive,True
CVCL_2315,CVCL_2462,0.6826868057250977,upper_aerodigestive,upper_aerodigestive,True
CVCL_2315,CVCL_2722,0.6816454529762268,upper_aerodigestive,prostate,False
CVCL_2315,CVCL_2457,0.6756511926651001,upper_aerodigestive,upper_aerodigestive,True
CVCL_2315,CVCL_2465,0.6557076573371887,upper_aerodigestive,upper_aerodigestive,True
CVCL_2315,CVCL_2313,0.6443109512329102,upper_aerodigestive,upper_aerodigestive,True
CVCL_2315,CVCL_2723,0.642543613910675,upper_aerodigestive,prostate,False
CVCL_2315,CVCL_1107,0.6392028331756592,upper_aerodigestive,upper_aerodigestive,True
CVCL_2319,CVCL_3424,0.5186521410942078,breast,breast,True
CVCL_2408,CVCL_A341,0.776590883731842,skin,skin,True
CVCL_2408,CVCL_2765,0.7514347434043884,skin,skin,True
CVCL_2408,CVCL_6809,0.7263386845588684,skin,skin,True
CVCL_2408,CVCL_2950,0.7126999497413635,skin,skin,True
CVCL_2408,CVCL_6805,0.7111181616783142,skin,skin,True
CVCL_2408,CVCL_0039,0.6965357065200806,skin,skin,True
CVCL_2408,CVCL_0527,0.6934448480606079,skin,skin,True
CVCL_2409,CVCL_1454,0.644322395324707,lung,lung,True
CVCL_2409,CVCL_1140,0.630501925945282,lung,lung,True
CVCL_2409,CVCL_1510,0.6183066964149475,lung,lung,True
CVCL_2409,CVCL_1542,0.609320342540741,lung,lung,True
CVCL_2409,CVCL_1525,0.6053822636604309,lung,lung,True
CVCL_2409,CVCL_2186,0.6043797135353088,lung,lung,True
CVCL_2409,CVCL_1579,0.6021863222122192,lung,lung,True
CVCL_2409,CVCL_1568,0.6009542346000671,lung,lung,True
CVCL_2409,CVCL_2415,0.6005837321281433,lung,lung,True
CVCL_2409,CVCL_1389,0.5991840958595276,lung,lung,True
CVCL_2412,CVCL_1454,0.5054415464401245,lung,lung,True
CVCL_2412,CVCL_1507,0.504492998123169,lung,lung,True
CVCL_2412,CVCL_1389,0.4992436170578003,lung,lung,True
CVCL_2412,CVCL_0024,0.49116769433021545,lung,lung,True
CVCL_2412,CVCL_1391,0.4906177222728729,lung,lung,True
CVCL_2412,CVCL_2415,0.48093074560165405,lung,lung,True
CVCL_2412,CVCL_1456,0.47843846678733826,lung,lung,True
CVCL_2412,CVCL_1526,0.4739932715892792,lung,lung,True
CVCL_2412,CVCL_1522,0.47376856207847595,lung,lung,True
CVCL_2412,CVCL_1536,0.4715925455093384,lung,lung,True
CVCL_2412,CVCL_1525,0.4703611135482788,lung,lung,True
CVCL_2412,CVCL_1471,0.46344929933547974,lung,lung,True
CVCL_2412,CVCL_2058,0.46208709478378296,lung,lung,True
CVCL_2412,CVCL_5602,0.45497778058052063,lung,peripheral_nervous_system,False
CVCL_2415,CVCL_2418,0.7126603722572327,lung,lung,True
CVCL_2418,CVCL_2919,0.6851738691329956,lung,cervix,False
CVCL_2419,CVCL_2672,0.6130166053771973,ovary,ovary,True
CVCL_2419,CVCL_0465,0.4958720803260803,ovary,ovary,True
CVCL_2419,CVCL_2422,0.49165984988212585,ovary,ovary,True
CVCL_2419,CVCL_2420,0.4859463572502136,ovary,ovary,True
CVCL_2419,CVCL_2734,0.4815308153629303,ovary,ovary,True
CVCL_2419,CVCL_3114,0.47931209206581116,ovary,ovary,True
CVCL_2419,CVCL_4649,0.47823742032051086,ovary,ovary,True
CVCL_2419,CVCL_1882,0.4772295355796814,ovary,ovary,True
CVCL_2419,CVCL_5014,0.4740077555179596,ovary,ovary,True
CVCL_2419,CVCL_1627,0.4637289345264435,ovary,ovary,True
CVCL_2419,CVCL_0029,0.44883424043655396,ovary,ovary,True
CVCL_2420,CVCL_3114,0.5761497020721436,ovary,ovary,True
CVCL_2420,CVCL_2422,0.5558439493179321,ovary,ovary,True
CVCL_2420,CVCL_4647,0.5511329770088196,ovary,ovary,True
CVCL_2420,CVCL_4649,0.5503354668617249,ovary,ovary,True
CVCL_2420,CVCL_B079,0.5448207259178162,ovary,ovary,True
CVCL_2420,CVCL_5014,0.5392444133758545,ovary,ovary,True
CVCL_2420,CVCL_2424,0.5331367254257202,ovary,ovary,True
CVCL_2420,CVCL_4655,0.5197126865386963,ovary,uterus,False
CVCL_2420,CVCL_2734,0.4902968406677246,ovary,ovary,True
CVCL_2422,CVCL_3114,0.6002671718597412,ovary,ovary,True
CVCL_2422,CVCL_4649,0.555553138256073,ovary,ovary,True
CVCL_2422,CVCL_4655,0.5525224208831787,ovary,uterus,False
CVCL_2422,CVCL_3110,0.5387659072875977,ovary,ovary,True
CVCL_2422,CVCL_5096,0.5328162312507629,ovary,ovary,True
CVCL_2422,CVCL_5014,0.5266586542129517,ovary,ovary,True
CVCL_2422,CVCL_0465,0.5052304267883301,ovary,ovary,True
CVCL_2422,CVCL_4647,0.49911609292030334,ovary,ovary,True
CVCL_2424,CVCL_B079,0.45081621408462524,ovary,ovary,True
CVCL_2424,CVCL_1345,0.4418424963951111,ovary,ovary,True
CVCL_2424,CVCL_0029,0.4271296262741089,ovary,ovary,True
CVCL_2424,CVCL_1627,0.4219118058681488,ovary,ovary,True
CVCL_2424,CVCL_2419,0.41882672905921936,ovary,ovary,True
CVCL_2424,CVCL_4649,0.4138372540473938,ovary,ovary,True
CVCL_2424,CVCL_2422,0.40987300872802734,ovary,ovary,True
CVCL_2424,CVCL_3114,0.3812348544597626,ovary,ovary,True
CVCL_2424,CVCL_3110,0.38057950139045715,ovary,ovary,True
CVCL_2424,CVCL_4647,0.3740617334842682,ovary,ovary,True
CVCL_2424,CVCL_YU13,0.3724948763847351,ovary,peripheral_nervous_system,False
CVCL_2424,CVCL_5014,0.3693313002586365,ovary,ovary,True
CVCL_2424,CVCL_0202,0.36304792761802673,ovary,ovary,True
CVCL_2424,CVCL_1329,0.3630158305168152,ovary,uterus,False
CVCL_2425,CVCL_1299,0.37170979380607605,ovary,pancreas,False
CVCL_2425,CVCL_1635,0.3669487237930298,ovary,pancreas,False
CVCL_2425,CVCL_M465,0.36007627844810486,ovary,pancreas,False
CVCL_2425,CVCL_1121,0.35253188014030457,ovary,lung,False
CVCL_2425,CVCL_0101,0.352033406496048,ovary,gastric,False
CVCL_2425,CVCL_1532,0.3478885889053345,ovary,lung,False
CVCL_2425,CVCL_1476,0.32578614354133606,ovary,lung,False
CVCL_2425,CVCL_B4KV,0.32298627495765686,ovary,gastric,False
CVCL_2425,CVCL_1637,0.3194460868835449,ovary,pancreas,False
CVCL_2425,CVCL_4647,0.29625043272972107,ovary,ovary,True
CVCL_2425,CVCL_5100,0.29553520679473877,ovary,ovary,True
CVCL_2425,CVCL_A1VA,0.2914603054523468,ovary,bile_duct,False
CVCL_2425,CVCL_1095,0.289200097322464,ovary,cervix,False
CVCL_2438,CVCL_1141,0.6301720142364502,lung,lung,True
CVCL_2438,CVCL_5129,0.6289225816726685,lung,lung,True
CVCL_2438,CVCL_1175,0.6257472634315491,lung,lung,True
CVCL_2438,CVCL_1522,0.603046178817749,lung,lung,True
CVCL_2438,CVCL_2418,0.5888290405273438,lung,lung,True
CVCL_2438,CVCL_1473,0.5813682675361633,lung,lung,True
CVCL_2438,CVCL_1516,0.5801032781600952,lung,lung,True
CVCL_2447,CVCL_5723,0.5203129649162292,thyroid,central_nervous_system,False
CVCL_2447,CVCL_3954,0.5144099593162537,thyroid,central_nervous_system,False
CVCL_2447,CVCL_8708,0.4664252698421478,thyroid,thyroid,True
CVCL_2447,CVCL_4849,0.4564095735549927,thyroid,gastric,False
CVCL_2447,CVCL_WU66,0.4473958909511566,thyroid,bone,False
CVCL_2447,CVCL_0022,0.4216355085372925,thyroid,central_nervous_system,False
CVCL_2447,CVCL_3509,0.41572272777557373,thyroid,ovary,False
CVCL_2447,CVCL_1809,0.41250425577163696,thyroid,bone,False
CVCL_2447,CVCL_A758,0.4036586880683899,thyroid,central_nervous_system,False
CVCL_2450,CVCL_2873,0.732830822467804,colorectal,colorectal,True
CVCL_2450,CVCL_0555,0.6926671266555786,colorectal,colorectal,True
CVCL_2450,CVCL_1564,0.6664513349533081,colorectal,colorectal,True
CVCL_2450,CVCL_5038,0.655552089214325,colorectal,bile_duct,False
CVCL_2450,CVCL_0632,0.6554480791091919,colorectal,colorectal,True
CVCL_2450,CVCL_1980,0.6458442211151123,colorectal,colorectal,True
CVCL_2450,CVCL_1708,0.633436918258667,colorectal,colorectal,True
CVCL_2450,CVCL_5111,0.6322989463806152,colorectal,colorectal,True
CVCL_2450,CVCL_5250,0.6271615624427795,colorectal,colorectal,True
CVCL_2450,CVCL_1382,0.6064121723175049,colorectal,colorectal,True
CVCL_2450,CVCL_0397,0.6047128438949585,colorectal,colorectal,True
CVCL_2450,CVCL_5248,0.601486086845398,colorectal,colorectal,True
CVCL_2450,CVCL_5044,0.5995253920555115,colorectal,colorectal,True
CVCL_2457,CVCL_2462,0.7759409546852112,upper_aerodigestive,upper_aerodigestive,True
CVCL_2457,CVCL_IZ34,0.7274987697601318,upper_aerodigestive,breast,False
CVCL_2457,CVCL_2723,0.7273576855659485,upper_aerodigestive,prostate,False
CVCL_2457,CVCL_2722,0.6992880702018738,upper_aerodigestive,prostate,False
CVCL_2457,CVCL_2229,0.6763713955879211,upper_aerodigestive,upper_aerodigestive,True
CVCL_2457,CVCL_1063,0.676104724407196,upper_aerodigestive,epidermoid_carcinoma,False
CVCL_2457,CVCL_2310,0.6663756966590881,upper_aerodigestive,upper_aerodigestive,True
CVCL_2458,CVCL_2465,0.6665503978729248,upper_aerodigestive,upper_aerodigestive,True
CVCL_2458,CVCL_2462,0.6625577211380005,upper_aerodigestive,upper_aerodigestive,True
CVCL_2458,CVCL_1681,0.6489567756652832,upper_aerodigestive,upper_aerodigestive,True
CVCL_2458,CVCL_2457,0.6425114274024963,upper_aerodigestive,upper_aerodigestive,True
CVCL_2458,CVCL_1107,0.6350486874580383,upper_aerodigestive,upper_aerodigestive,True
CVCL_2458,CVCL_2232,0.6322581768035889,upper_aerodigestive,upper_aerodigestive,True
CVCL_2458,CVCL_2229,0.6320371031761169,upper_aerodigestive,upper_aerodigestive,True
CVCL_2458,CVCL_2723,0.6311615109443665,upper_aerodigestive,prostate,False
CVCL_2462,CVCL_2722,0.6911890506744385,upper_aerodigestive,prostate,False
CVCL_2462,CVCL_2723,0.691012978553772,upper_aerodigestive,prostate,False
CVCL_2462,CVCL_1063,0.6877887845039368,upper_aerodigestive,epidermoid_carcinoma,False
CVCL_2462,CVCL_2229,0.6845763325691223,upper_aerodigestive,upper_aerodigestive,True
CVCL_2462,CVCL_1681,0.6787853837013245,upper_aerodigestive,upper_aerodigestive,True
CVCL_2463,CVCL_1681,0.6353071928024292,upper_aerodigestive,upper_aerodigestive,True
CVCL_2463,CVCL_2229,0.6220985054969788,upper_aerodigestive,upper_aerodigestive,True
CVCL_2463,CVCL_1063,0.6189760565757751,upper_aerodigestive,epidermoid_carcinoma,False
CVCL_2463,CVCL_2222,0.6172769069671631,upper_aerodigestive,upper_aerodigestive,True
CVCL_2463,CVCL_1732,0.6000809073448181,upper_aerodigestive,cervix,False
CVCL_2463,CVCL_2313,0.5948079824447632,upper_aerodigestive,upper_aerodigestive,True
CVCL_2463,CVCL_1682,0.5943512916564941,upper_aerodigestive,upper_aerodigestive,True
CVCL_2463,CVCL_3599,0.5917056798934937,upper_aerodigestive,urinary_tract,False
CVCL_2463,CVCL_2681,0.5882794857025146,upper_aerodigestive,upper_aerodigestive,True
CVCL_2463,CVCL_2661,0.5847145915031433,upper_aerodigestive,esophagus,False
CVCL_2463,CVCL_2679,0.5797647833824158,upper_aerodigestive,upper_aerodigestive,True
CVCL_2463,CVCL_2308,0.5791916251182556,upper_aerodigestive,upper_aerodigestive,True
CVCL_2463,CVCL_0037,0.5755988359451294,upper_aerodigestive,skin,False
CVCL_2463,CVCL_2228,0.5697169899940491,upper_aerodigestive,upper_aerodigestive,True
CVCL_2465,CVCL_2308,0.5930272936820984,upper_aerodigestive,upper_aerodigestive,True
CVCL_2465,CVCL_5005,0.591733992099762,upper_aerodigestive,upper_aerodigestive,True
CVCL_2465,CVCL_2723,0.5885420441627502,upper_aerodigestive,prostate,False
CVCL_2465,CVCL_2232,0.5842657089233398,upper_aerodigestive,upper_aerodigestive,True
CVCL_2465,CVCL_2314,0.5638255476951599,upper_aerodigestive,upper_aerodigestive,True
CVCL_2465,CVCL_1767,0.5536826848983765,upper_aerodigestive,esophagus,False
CVCL_2465,CVCL_2457,0.5507773756980896,upper_aerodigestive,upper_aerodigestive,True
CVCL_2465,CVCL_6950,0.5346874594688416,upper_aerodigestive,cervix,False
CVCL_2465,CVCL_1808,0.5314902663230896,upper_aerodigestive,urinary_tract,False
CVCL_2465,CVCL_IZ34,0.529437243938446,upper_aerodigestive,breast,False
CVCL_2481,CVCL_3043,0.6565054655075073,blood,blood,True
CVCL_2520,CVCL_8175,0.7860920429229736,colorectal,colorectal,True
CVCL_2520,CVCL_5250,0.7797717452049255,colorectal,colorectal,True
CVCL_2520,CVCL_5078,0.7632113099098206,colorectal,colorectal,True
CVCL_2520,CVCL_5044,0.7457728981971741,colorectal,colorectal,True
CVCL_2520,CVCL_4645,0.7137558460235596,colorectal,ovary,False
CVCL_2520,CVCL_1386,0.7061663866043091,colorectal,colorectal,True
CVCL_2520,CVCL_1718,0.6968043446540833,colorectal,colorectal,True
CVCL_2520,CVCL_0555,0.6815011501312256,colorectal,colorectal,True
CVCL_2520,CVCL_1564,0.6804255843162537,colorectal,colorectal,True
CVCL_2520,CVCL_5038,0.6775256991386414,colorectal,bile_duct,False
CVCL_2520,CVCL_5098,0.6756821870803833,colorectal,colorectal,True
CVCL_2526,CVCL_3386,0.7479642033576965,plasma_cell,plasma_cell,True
CVCL_2526,CVCL_4613,0.7244508862495422,plasma_cell,blood,False
CVCL_2526,CVCL_Y548,0.6856852769851685,plasma_cell,blood,False
CVCL_2526,CVCL_Y549,0.6800182461738586,plasma_cell,blood,False
CVCL_2526,CVCL_3169,0.6544416546821594,plasma_cell,lymphocyte,False
CVCL_2526,CVCL_1194,0.652727484703064,plasma_cell,lymphocyte,False
CVCL_2526,CVCL_0823,0.6474238634109497,plasma_cell,lymphocyte,False
CVCL_2526,CVCL_Y547,0.6432081460952759,plasma_cell,blood,False
CVCL_2526,CVCL_Y545,0.642136812210083,plasma_cell,blood,False
CVCL_2526,CVCL_0511,0.6112882494926453,plasma_cell,lymphocyte,False
CVCL_2526,CVCL_2027,0.6096339225769043,plasma_cell,lymphocyte,False
CVCL_2539,CVCL_B371,0.7314991354942322,lymphocyte,lymphocyte,True
CVCL_2539,CVCL_X504,0.7184064984321594,lymphocyte,lymphocyte,True
CVCL_2539,CVCL_0511,0.683634340763092,lymphocyte,lymphocyte,True
CVCL_2539,CVCL_2027,0.6690074801445007,lymphocyte,lymphocyte,True
CVCL_2539,CVCL_1186,0.6672898530960083,lymphocyte,lymphocyte,True
CVCL_2539,CVCL_1660,0.6631515622138977,lymphocyte,lymphocyte,True
CVCL_2541,CVCL_2976,0.6939415335655212,lymphocyte,lymphocyte,True
CVCL_2541,CVCL_2889,0.6403579711914062,lymphocyte,lymphocyte,True
CVCL_2541,CVCL_3032,0.6015573143959045,lymphocyte,lymphocyte,True
CVCL_2541,CVCL_RL84,0.5972074270248413,lymphocyte,lymphocyte,True
CVCL_2541,CVCL_8796,0.5447021722793579,lymphocyte,lymphocyte,True
CVCL_2541,CVCL_1424,0.5122238993644714,lymphocyte,blood,False
CVCL_2541,CVCL_H614,0.4951765239238739,lymphocyte,lymphocyte,True
CVCL_2541,CVCL_1327,0.48640185594558716,lymphocyte,blood,False
CVCL_2541,CVCL_1414,0.4843825697898865,lymphocyte,lymphocyte,True
CVCL_2541,CVCL_3526,0.4791553020477295,lymphocyte,lymphocyte,True
CVCL_2541,CVCL_1319,0.46387979388237,lymphocyte,lymphocyte,True
CVCL_2581,CVCL_2592,0.5749382972717285,lung,lung,True
CVCL_2581,CVCL_2597,0.5650877356529236,lung,lung,True
CVCL_2581,CVCL_2590,0.44742339849472046,lung,lung,True
CVCL_2581,CVCL_2591,0.42348840832710266,lung,lung,True
CVCL_2581,CVCL_2593,0.4137742221355438,lung,lung,True
CVCL_2581,CVCL_2595,0.4010363817214966,lung,lung,True
CVCL_2581,CVCL_2594,0.3852645754814148,lung,lung,True
CVCL_2581,CVCL_1311,0.3815957307815552,lung,lung,True
CVCL_2582,CVCL_5071,0.6068718433380127,lung,colorectal,False
CVCL_2582,CVCL_1767,0.5966699123382568,lung,esophagus,False
CVCL_2582,CVCL_3336,0.5924327969551086,lung,esophagus,False
CVCL_2582,CVCL_8147,0.5843662619590759,lung,pancreas,False
CVCL_2582,CVCL_1761,0.5826764702796936,lung,esophagus,False
CVCL_2582,CVCL_1091,0.5713871121406555,lung,prostate,False
CVCL_2582,CVCL_1083,0.5647754073143005,lung,urinary_tract,False
CVCL_2582,CVCL_3599,0.5593801140785217,lung,urinary_tract,False
CVCL_2582,CVCL_1063,0.558076798915863,lung,epidermoid_carcinoma,False
CVCL_2582,CVCL_1107,0.5523485541343689,lung,upper_aerodigestive,False
CVCL_2582,CVCL_1060,0.5490926504135132,lung,upper_aerodigestive,False
CVCL_2582,CVCL_2462,0.5462551116943359,lung,upper_aerodigestive,False
CVCL_2582,CVCL_1108,0.5437847375869751,lung,upper_aerodigestive,False
CVCL_2582,CVCL_4056,0.5420618057250977,lung,pancreas,False
CVCL_2583,CVCL_2585,0.49586015939712524,skin,skin,True
CVCL_2583,CVCL_YU13,0.4645167887210846,skin,peripheral_nervous_system,False
CVCL_2583,CVCL_B255,0.4615955054759979,skin,soft_tissue,False
CVCL_2583,CVCL_WS59,0.43247705698013306,skin,kidney,False
CVCL_2583,CVCL_0871,0.42360901832580566,skin,soft_tissue,False
CVCL_2583,CVCL_A1VQ,0.4161466658115387,skin,soft_tissue,False
CVCL_2583,CVCL_VU89,0.41514575481414795,skin,kidney,False
CVCL_2583,CVCL_2584,0.4084782600402832,skin,skin,True
CVCL_2583,CVCL_3603,0.4058237373828888,skin,thyroid,False
CVCL_2583,CVCL_0891,0.40226009488105774,skin,fibroblast,False
CVCL_2583,CVCL_1427,0.39681562781333923,skin,lung,False
CVCL_2583,CVCL_1038,0.3813726007938385,skin,fibroblast,False
CVCL_2583,CVCL_1659,0.3779241740703583,skin,soft_tissue,False
CVCL_2583,CVCL_V617,0.37410157918930054,skin,fibroblast,False
CVCL_2584,CVCL_2585,0.6008974313735962,skin,skin,True
CVCL_2584,CVCL_YU13,0.542212188243866,skin,peripheral_nervous_system,False
CVCL_2584,CVCL_6C44,0.4538000226020813,skin,soft_tissue,False
CVCL_2584,CVCL_0871,0.42392289638519287,skin,soft_tissue,False
CVCL_2584,CVCL_M823,0.42039981484413147,skin,soft_tissue,False
CVCL_2584,CVCL_5083,0.41976994276046753,skin,uterus,False
CVCL_2584,CVCL_N588,0.4102780520915985,skin,soft_tissue,False
CVCL_2585,CVCL_YU13,0.5630745887756348,skin,peripheral_nervous_system,False
CVCL_2585,CVCL_B255,0.5058267116546631,skin,soft_tissue,False
CVCL_2585,CVCL_M823,0.48624521493911743,skin,soft_tissue,False
CVCL_2585,CVCL_AU20,0.45883017778396606,skin,peripheral_nervous_system,False
CVCL_2585,CVCL_0871,0.45410120487213135,skin,soft_tissue,False
CVCL_2585,CVCL_0844,0.44638216495513916,skin,central_nervous_system,False
CVCL_2585,CVCL_3603,0.4380010664463043,skin,thyroid,False
CVCL_2588,CVCL_8481,0.41323500871658325,colorectal,central_nervous_system,False
CVCL_2588,CVCL_YU13,0.3818513751029968,colorectal,peripheral_nervous_system,False
CVCL_2588,CVCL_1R16,0.3654760420322418,colorectal,central_nervous_system,False
CVCL_2588,CVCL_A1VQ,0.3638354539871216,colorectal,soft_tissue,False
CVCL_2588,CVCL_8787,0.36190181970596313,colorectal,skin,False
CVCL_2588,CVCL_1R17,0.3606441020965576,colorectal,central_nervous_system,False
CVCL_2588,CVCL_0543,0.3594661056995392,colorectal,bone,False
CVCL_2588,CVCL_3603,0.35420718789100647,colorectal,thyroid,False
CVCL_2588,CVCL_5128,0.3537242114543915,colorectal,lung,False
CVCL_2590,CVCL_2595,0.5820314884185791,lung,lung,True
CVCL_2590,CVCL_AU20,0.48436474800109863,lung,peripheral_nervous_system,False
CVCL_2590,CVCL_2597,0.44303861260414124,lung,lung,True
CVCL_2590,CVCL_2592,0.43903571367263794,lung,lung,True
CVCL_2590,CVCL_2591,0.43709272146224976,lung,lung,True
CVCL_2590,CVCL_2593,0.4083396792411804,lung,lung,True
CVCL_2590,CVCL_2596,0.40695345401763916,lung,lung,True
CVCL_2590,CVCL_A1VM,0.3844425082206726,lung,skin,False
CVCL_2590,CVCL_U614,0.38342520594596863,lung,soft_tissue,False
CVCL_2591,CVCL_2597,0.5385712385177612,lung,lung,True
CVCL_2591,CVCL_2593,0.5106667280197144,lung,lung,True
CVCL_2591,CVCL_2592,0.5105897784233093,lung,lung,True
CVCL_2591,CVCL_2596,0.4614705741405487,lung,lung,True
CVCL_2591,CVCL_2595,0.46055781841278076,lung,lung,True
CVCL_2591,CVCL_2658,0.4383985698223114,lung,lung,True
CVCL_2592,CVCL_2597,0.6814519762992859,lung,lung,True
CVCL_2592,CVCL_2593,0.5184924602508545,lung,lung,True
CVCL_2592,CVCL_2595,0.44440993666648865,lung,lung,True
CVCL_2592,CVCL_AU20,0.38560980558395386,lung,peripheral_nervous_system,False
CVCL_2592,CVCL_8721,0.37435010075569153,lung,uterus,False
CVCL_2592,CVCL_1038,0.3741345703601837,lung,fibroblast,False
CVCL_2593,CVCL_VU89,0.5221048593521118,lung,kidney,False
CVCL_2593,CVCL_2595,0.5048661231994629,lung,lung,True
CVCL_2593,CVCL_0871,0.503377377986908,lung,soft_tissue,False
CVCL_2593,CVCL_WU66,0.490669310092926,lung,bone,False
CVCL_2593,CVCL_YU13,0.48075753450393677,lung,peripheral_nervous_system,False
CVCL_2593,CVCL_2597,0.47314903140068054,lung,lung,True
CVCL_2593,CVCL_0844,0.44840168952941895,lung,central_nervous_system,False
CVCL_2593,CVCL_2671,0.443410187959671,lung,lung,True
CVCL_2593,CVCL_0698,0.4385724663734436,lung,fibroblast,False
CVCL_2594,CVCL_5113,0.5158782005310059,lung,lung,True
CVCL_2594,CVCL_2080,0.40857645869255066,lung,lung,True
CVCL_2594,CVCL_2671,0.3929729759693146,lung,lung,True
CVCL_2594,CVCL_0366,0.370750367641449,lung,liver,False
CVCL_2594,CVCL_0359,0.3605477511882782,lung,urinary_tract,False
CVCL_2594,CVCL_WS59,0.3570234775543213,lung,kidney,False
CVCL_2594,CVCL_2593,0.34720876812934875,lung,lung,True
CVCL_2594,CVCL_2590,0.33946338295936584,lung,lung,True
CVCL_2595,CVCL_2597,0.44392868876457214,lung,lung,True
CVCL_2595,CVCL_2671,0.4216541647911072,lung,lung,True
CVCL_2595,CVCL_VU89,0.4107697904109955,lung,kidney,False
CVCL_2595,CVCL_0366,0.38923805952072144,lung,liver,False
CVCL_2595,CVCL_0871,0.3887142539024353,lung,soft_tissue,False
CVCL_2596,CVCL_2080,0.4065421223640442,lung,lung,True
CVCL_2596,CVCL_1427,0.4064391553401947,lung,lung,True
CVCL_2596,CVCL_2585,0.3832269310951233,lung,skin,False
CVCL_2596,CVCL_C304,0.37958988547325134,lung,eye,False
CVCL_2596,CVCL_2597,0.3784113824367523,lung,lung,True
CVCL_2596,CVCL_1523,0.37389233708381653,lung,lung,True
CVCL_2596,CVCL_0359,0.3605141043663025,lung,urinary_tract,False
CVCL_2596,CVCL_2658,0.35799920558929443,lung,lung,True
CVCL_2596,CVCL_2419,0.35786503553390503,lung,ovary,False
CVCL_2596,CVCL_H525,0.3526705503463745,lung,thyroid,False
CVCL_2597,CVCL_1038,0.39088693261146545,lung,fibroblast,False
CVCL_2601,CVCL_0366,0.3903394341468811,skin,liver,False
CVCL_2601,CVCL_1038,0.3502025008201599,skin,fibroblast,False
CVCL_2601,CVCL_2588,0.3473902642726898,skin,colorectal,False
CVCL_2601,CVCL_3509,0.34660324454307556,skin,ovary,False
CVCL_2601,CVCL_1734,0.33507609367370605,skin,soft_tissue,False
CVCL_2601,CVCL_1229,0.32523128390312195,skin,soft_tissue,False
CVCL_2601,CVCL_2595,0.3248521685600281,skin,lung,False
CVCL_2601,CVCL_1518,0.3239356279373169,skin,lung,False
CVCL_2601,CVCL_8481,0.321811705827713,skin,central_nervous_system,False
CVCL_2601,CVCL_1381,0.32120493054389954,skin,skin,True
CVCL_2601,CVCL_2593,0.31027907133102417,skin,lung,False
CVCL_2601,CVCL_0825,0.30574092268943787,skin,fibroblast,False
CVCL_2604,CVCL_1402,0.6837030649185181,skin,skin,True
CVCL_2604,CVCL_2609,0.6722394227981567,skin,skin,True
CVCL_2604,CVCL_A1VN,0.6561051607131958,skin,skin,True
CVCL_2604,CVCL_6025,0.6453631520271301,skin,skin,True
CVCL_2604,CVCL_A1UF,0.6341897249221802,skin,skin,True
CVCL_2604,CVCL_1220,0.6259487271308899,skin,skin,True
CVCL_2604,CVCL_2950,0.6188194751739502,skin,skin,True
CVCL_2604,CVCL_8784,0.6113355159759521,skin,skin,True
CVCL_2604,CVCL_D828,0.6065129041671753,skin,skin,True
CVCL_2604,CVCL_0527,0.6059315204620361,skin,skin,True
CVCL_2604,CVCL_0526,0.6023380756378174,skin,skin,True
CVCL_2604,CVCL_1779,0.594366192817688,skin,skin,True
CVCL_2604,CVCL_1133,0.576209545135498,skin,skin,True
CVCL_2605,CVCL_D828,0.74982750415802,skin,skin,True
CVCL_2605,CVCL_2607,0.7265230417251587,skin,skin,True
CVCL_2605,CVCL_2608,0.7256357669830322,skin,skin,True
CVCL_2605,CVCL_0039,0.7185307145118713,skin,skin,True
CVCL_2605,CVCL_3962,0.6960172653198242,skin,central_nervous_system,False
CVCL_2605,CVCL_2950,0.6919245719909668,skin,skin,True
CVCL_2605,CVCL_0526,0.6841779947280884,skin,skin,True
CVCL_2606,CVCL_A1VJ,0.7168801426887512,skin,skin,True
CVCL_2606,CVCL_2408,0.6895692944526672,skin,skin,True
CVCL_2606,CVCL_A1VK,0.6802113056182861,skin,skin,True
CVCL_2606,CVCL_A1UE,0.6738481521606445,skin,skin,True
CVCL_2606,CVCL_1135,0.6671894192695618,skin,skin,True
CVCL_2606,CVCL_6805,0.6114991307258606,skin,skin,True
CVCL_2606,CVCL_6809,0.6033682227134705,skin,skin,True
CVCL_2606,CVCL_A341,0.6019898653030396,skin,skin,True
CVCL_2607,CVCL_0039,0.7015320658683777,skin,skin,True
CVCL_2607,CVCL_5951,0.6923831105232239,skin,skin,True
CVCL_2607,CVCL_1133,0.6814374923706055,skin,skin,True
CVCL_2607,CVCL_0526,0.6813971400260925,skin,skin,True
CVCL_2607,CVCL_0445,0.680326521396637,skin,skin,True
CVCL_2607,CVCL_1779,0.6786908507347107,skin,skin,True
CVCL_2607,CVCL_A1UF,0.6738181114196777,skin,skin,True
CVCL_2607,CVCL_D828,0.6705440282821655,skin,skin,True
CVCL_2607,CVCL_1303,0.6704339981079102,skin,skin,True
CVCL_2607,CVCL_2075,0.6695514917373657,skin,skin,True
CVCL_2607,CVCL_1672,0.663000226020813,skin,skin,True
CVCL_2607,CVCL_2608,0.6597623229026794,skin,skin,True
CVCL_2608,CVCL_5951,0.7813023328781128,skin,skin,True
CVCL_2608,CVCL_D828,0.7248395085334778,skin,skin,True
CVCL_2608,CVCL_0039,0.7227170467376709,skin,skin,True
CVCL_2608,CVCL_2075,0.7210516333580017,skin,skin,True
CVCL_2608,CVCL_3962,0.7201857566833496,skin,central_nervous_system,False
CVCL_2608,CVCL_B4KU,0.7117509245872498,skin,skin,True
CVCL_2608,CVCL_2610,0.707111120223999,skin,skin,True
CVCL_2609,CVCL_1779,0.7077173590660095,skin,skin,True
CVCL_2609,CVCL_2608,0.6999046206474304,skin,skin,True
CVCL_2609,CVCL_D828,0.6990706920623779,skin,skin,True
CVCL_2609,CVCL_0039,0.6990280747413635,skin,skin,True
CVCL_2609,CVCL_2075,0.691892147064209,skin,skin,True
CVCL_2609,CVCL_5951,0.6788423657417297,skin,skin,True
CVCL_2609,CVCL_0526,0.6786797642707825,skin,skin,True
CVCL_2609,CVCL_6025,0.6783329844474792,skin,skin,True
CVCL_2609,CVCL_0527,0.676152765750885,skin,skin,True
CVCL_2609,CVCL_1402,0.6743907928466797,skin,skin,True
CVCL_2609,CVCL_2610,0.6708422303199768,skin,skin,True
CVCL_2610,CVCL_B4KU,0.720757782459259,skin,skin,True
CVCL_2610,CVCL_5951,0.7194399237632751,skin,skin,True
CVCL_2610,CVCL_2075,0.7074924111366272,skin,skin,True
CVCL_2610,CVCL_1779,0.699574887752533,skin,skin,True
CVCL_2610,CVCL_2950,0.6961326003074646,skin,skin,True
CVCL_2610,CVCL_2408,0.6902384757995605,skin,skin,True
CVCL_2610,CVCL_2605,0.6837598085403442,skin,skin,True
CVCL_2620,CVCL_1532,0.37713634967803955,lung,lung,True
CVCL_2620,CVCL_1531,0.37523722648620605,lung,lung,True
CVCL_2620,CVCL_1470,0.36473792791366577,lung,lung,True
CVCL_2620,CVCL_1530,0.3640800714492798,lung,lung,True
CVCL_2620,CVCL_3337,0.3552146255970001,lung,esophagus,False
CVCL_2620,CVCL_1400,0.3521404266357422,lung,breast,False
CVCL_2620,CVCL_1812,0.3408074975013733,lung,breast,False
CVCL_2620,CVCL_1654,0.3323376178741455,lung,lung,True
CVCL_2620,CVCL_2319,0.3294565975666046,lung,breast,False
CVCL_2620,CVCL_1781,0.32543155550956726,lung,breast,False
CVCL_2620,CVCL_1482,0.3240359425544739,lung,lung,True
CVCL_2658,CVCL_2080,0.4036180078983307,lung,lung,True
CVCL_2658,CVCL_2595,0.383941650390625,lung,lung,True
CVCL_2658,CVCL_2590,0.34240612387657166,lung,lung,True
CVCL_2658,CVCL_2581,0.33682575821876526,lung,lung,True
CVCL_2658,CVCL_2592,0.3345237374305725,lung,lung,True
CVCL_2658,CVCL_1427,0.3297090530395508,lung,lung,True
CVCL_2658,CVCL_1312,0.3168920874595642,lung,lung,True
CVCL_2658,CVCL_1430,0.31226080656051636,lung,lung,True
CVCL_2658,CVCL_2597,0.3075094223022461,lung,lung,True
CVCL_2658,CVCL_1544,0.3036942183971405,lung,lung,True
CVCL_2658,CVCL_1311,0.2983294427394867,lung,lung,True
CVCL_2658,CVCL_0359,0.29034116864204407,lung,urinary_tract,False
CVCL_2658,CVCL_2593,0.2802324891090393,lung,lung,True
CVCL_2661,CVCL_2679,0.7628397345542908,esophagus,upper_aerodigestive,False
CVCL_2661,CVCL_V586,0.7449170351028442,esophagus,lung,False
CVCL_2661,CVCL_2943,0.742666482925415,esophagus,skin,False
CVCL_2661,CVCL_3174,0.7203719615936279,esophagus,esophagus,True
CVCL_2661,CVCL_5017,0.687685489654541,esophagus,upper_aerodigestive,False
CVCL_2661,CVCL_5071,0.6732667088508606,esophagus,colorectal,False
CVCL_2661,CVCL_2229,0.6729936599731445,esophagus,upper_aerodigestive,False
CVCL_2671,CVCL_1427,0.4292142689228058,lung,lung,True
CVCL_2671,CVCL_2080,0.4088728725910187,lung,lung,True
CVCL_2671,CVCL_0366,0.3788573443889618,lung,liver,False
CVCL_2671,CVCL_WU66,0.3745337724685669,lung,bone,False
CVCL_2671,CVCL_2590,0.3674238622188568,lung,lung,True
CVCL_2671,CVCL_2581,0.3665335476398468,lung,lung,True
CVCL_2671,CVCL_0844,0.3626043498516083,lung,central_nervous_system,False
CVCL_2672,CVCL_3114,0.486767053604126,ovary,ovary,True
CVCL_2672,CVCL_0465,0.4799434542655945,ovary,ovary,True
CVCL_2672,CVCL_3110,0.4739409387111664,ovary,ovary,True
CVCL_2672,CVCL_2422,0.46012115478515625,ovary,ovary,True
CVCL_2672,CVCL_2420,0.45074641704559326,ovary,ovary,True
CVCL_2672,CVCL_4649,0.44376441836357117,ovary,ovary,True
CVCL_2672,CVCL_2734,0.43363648653030396,ovary,ovary,True
CVCL_2672,CVCL_4647,0.41741055250167847,ovary,ovary,True
CVCL_2672,CVCL_5014,0.41330182552337646,ovary,ovary,True
CVCL_2673,CVCL_V607,0.4924108684062958,ovary,kidney,False
CVCL_2673,CVCL_IW56,0.47541162371635437,ovary,ovary,True
CVCL_2673,CVCL_1111,0.473833829164505,ovary,kidney,False
CVCL_2673,CVCL_2929,0.4580427408218384,ovary,uterus,False
CVCL_2673,CVCL_6186,0.4573381543159485,ovary,kidney,False
CVCL_2673,CVCL_2682,0.45391902327537537,ovary,ovary,True
CVCL_2673,CVCL_4657,0.44857147336006165,ovary,uterus,False
CVCL_2673,CVCL_3613,0.44201362133026123,ovary,ovary,True
CVCL_2673,CVCL_5952,0.4419742524623871,ovary,kidney,False
CVCL_2673,CVCL_3117,0.43746867775917053,ovary,ovary,True
CVCL_2673,CVCL_1721,0.4345738887786865,ovary,urinary_tract,False
CVCL_2673,CVCL_8788,0.43345484137535095,ovary,kidney,False
CVCL_2673,CVCL_2985,0.42734822630882263,ovary,kidney,False
CVCL_2673,CVCL_3866,0.4250379800796509,ovary,uterus,False
CVCL_2675,CVCL_1722,0.37081295251846313,ovary,central_nervous_system,False
CVCL_2675,CVCL_1715,0.3587517738342285,ovary,central_nervous_system,False
CVCL_2675,CVCL_5010,0.35665151476860046,ovary,central_nervous_system,False
CVCL_2675,CVCL_0871,0.35332539677619934,ovary,soft_tissue,False
CVCL_2675,CVCL_5069,0.3417004346847534,ovary,central_nervous_system,False
CVCL_2675,CVCL_1743,0.33359214663505554,ovary,fibroblast,False
CVCL_2675,CVCL_0933,0.3258872628211975,ovary,fibroblast,False
CVCL_2675,CVCL_1495,0.32573679089546204,ovary,lung,False
CVCL_2675,CVCL_YU13,0.3213452398777008,ovary,peripheral_nervous_system,False
CVCL_2675,CVCL_WU66,0.31891027092933655,ovary,bone,False
CVCL_2675,CVCL_1795,0.31442490220069885,ovary,central_nervous_system,False
CVCL_2675,CVCL_0698,0.31333568692207336,ovary,fibroblast,False
CVCL_2675,CVCL_2593,0.31327250599861145,ovary,lung,False
CVCL_2675,CVCL_0941,0.31090372800827026,ovary,fibroblast,False
CVCL_2675,CVCL_3603,0.30561357736587524,ovary,thyroid,False
CVCL_2676,CVCL_B371,0.7016373872756958,lymphocyte,lymphocyte,True
CVCL_2676,CVCL_0067,0.6790069937705994,lymphocyte,lymphocyte,True
CVCL_2677,CVCL_2723,0.7680000066757202,prostate,prostate,True
CVCL_2677,CVCL_2722,0.6732068061828613,prostate,prostate,True
CVCL_2677,CVCL_1091,0.6582505702972412,prostate,prostate,True
CVCL_2677,CVCL_2462,0.637932300567627,prostate,upper_aerodigestive,False
CVCL_2677,CVCL_3599,0.617757260799408,prostate,urinary_tract,False
CVCL_2677,CVCL_1293,0.6152755618095398,prostate,cervix,False
CVCL_2677,CVCL_3810,0.6122697591781616,prostate,prostate,True
CVCL_2677,CVCL_2229,0.6092361807823181,prostate,upper_aerodigestive,False
CVCL_2677,CVCL_1681,0.6086477041244507,prostate,upper_aerodigestive,False
CVCL_2677,CVCL_1063,0.6074133515357971,prostate,epidermoid_carcinoma,False
CVCL_2677,CVCL_2457,0.5992262363433838,prostate,upper_aerodigestive,False
CVCL_2677,CVCL_IZ34,0.593026340007782,prostate,breast,False
CVCL_2677,CVCL_1684,0.5900352597236633,prostate,upper_aerodigestive,False
CVCL_2677,CVCL_1287,0.5848149061203003,prostate,upper_aerodigestive,False
CVCL_2677,CVCL_0037,0.5827469229698181,prostate,skin,False
CVCL_2678,CVCL_2229,0.6750242710113525,upper_aerodigestive,upper_aerodigestive,True
CVCL_2678,CVCL_1681,0.6592944860458374,upper_aerodigestive,upper_aerodigestive,True
CVCL_2678,CVCL_1107,0.6435866355895996,upper_aerodigestive,upper_aerodigestive,True
CVCL_2678,CVCL_2313,0.6419308185577393,upper_aerodigestive,upper_aerodigestive,True
CVCL_2678,CVCL_5006,0.6347792744636536,upper_aerodigestive,upper_aerodigestive,True
CVCL_2678,CVCL_2679,0.6284308433532715,upper_aerodigestive,upper_aerodigestive,True
CVCL_2678,CVCL_6950,0.6256729960441589,upper_aerodigestive,cervix,False
CVCL_2678,CVCL_2232,0.6228698492050171,upper_aerodigestive,upper_aerodigestive,True
CVCL_2678,CVCL_5005,0.6220258474349976,upper_aerodigestive,upper_aerodigestive,True
CVCL_2678,CVCL_2681,0.6215447783470154,upper_aerodigestive,upper_aerodigestive,True
CVCL_2678,CVCL_1091,0.6168559789657593,upper_aerodigestive,prostate,False
CVCL_2679,CVCL_2681,0.7404073476791382,upper_aerodigestive,upper_aerodigestive,True
CVCL_2679,CVCL_5017,0.7363772988319397,upper_aerodigestive,upper_aerodigestive,True
CVCL_2679,CVCL_2943,0.7325704097747803,upper_aerodigestive,skin,False
CVCL_2679,CVCL_3599,0.6993770599365234,upper_aerodigestive,urinary_tract,False
CVCL_2680,CVCL_1063,0.7139067053794861,upper_aerodigestive,epidermoid_carcinoma,False
CVCL_2680,CVCL_2679,0.68466717004776,upper_aerodigestive,upper_aerodigestive,True
CVCL_2680,CVCL_3599,0.6811155080795288,upper_aerodigestive,urinary_tract,False
CVCL_2680,CVCL_1681,0.6654685735702515,upper_aerodigestive,upper_aerodigestive,True
CVCL_2680,CVCL_2222,0.6636664867401123,upper_aerodigestive,upper_aerodigestive,True
CVCL_2680,CVCL_2229,0.6616471409797668,upper_aerodigestive,upper_aerodigestive,True
CVCL_2680,CVCL_2661,0.6527538895606995,upper_aerodigestive,esophagus,False
CVCL_2680,CVCL_3086,0.6521697640419006,upper_aerodigestive,upper_aerodigestive,True
CVCL_2680,CVCL_2681,0.6436753869056702,upper_aerodigestive,upper_aerodigestive,True
CVCL_2680,CVCL_2457,0.6273693442344666,upper_aerodigestive,upper_aerodigestive,True
CVCL_2680,CVCL_2232,0.622556746006012,upper_aerodigestive,upper_aerodigestive,True
CVCL_2680,CVCL_0037,0.6223106980323792,upper_aerodigestive,skin,False
CVCL_2681,CVCL_1107,0.6659485101699829,upper_aerodigestive,upper_aerodigestive,True
CVCL_2681,CVCL_1681,0.6636874675750732,upper_aerodigestive,upper_aerodigestive,True
CVCL_2681,CVCL_2943,0.6548802256584167,upper_aerodigestive,skin,False
CVCL_2681,CVCL_2222,0.6479611396789551,upper_aerodigestive,upper_aerodigestive,True
CVCL_2681,CVCL_2229,0.6406105160713196,upper_aerodigestive,upper_aerodigestive,True
CVCL_2681,CVCL_2661,0.6399421095848083,upper_aerodigestive,esophagus,False
CVCL_2681,CVCL_3599,0.6385961771011353,upper_aerodigestive,urinary_tract,False
CVCL_2682,CVCL_E115,0.540573000907898,ovary,uterus,False
CVCL_2682,CVCL_1111,0.5286371111869812,ovary,kidney,False
CVCL_2682,CVCL_1721,0.5157280564308167,ovary,urinary_tract,False
CVCL_2682,CVCL_V607,0.5112073421478271,ovary,kidney,False
CVCL_2682,CVCL_4640,0.5054067969322205,ovary,ovary,True
CVCL_2682,CVCL_5007,0.5030998587608337,ovary,uterus,False
CVCL_2682,CVCL_V612,0.492475301027298,ovary,kidney,False
CVCL_2682,CVCL_4657,0.4865007996559143,ovary,uterus,False
CVCL_2682,CVCL_1050,0.48373299837112427,ovary,kidney,False
CVCL_2682,CVCL_0294,0.48296159505844116,ovary,uterus,False
CVCL_2682,CVCL_1791,0.47874343395233154,ovary,kidney,False
CVCL_2682,CVCL_IW56,0.4732373356819153,ovary,ovary,True
CVCL_2686,CVCL_2690,0.7513672709465027,ovary,ovary,True
CVCL_2686,CVCL_4647,0.4553215801715851,ovary,ovary,True
CVCL_2686,CVCL_2420,0.45212313532829285,ovary,ovary,True
CVCL_2686,CVCL_0202,0.43729859590530396,ovary,ovary,True
CVCL_2686,CVCL_5014,0.42544451355934143,ovary,ovary,True
CVCL_2686,CVCL_3110,0.4208402931690216,ovary,ovary,True
CVCL_2686,CVCL_2422,0.4200020432472229,ovary,ovary,True
CVCL_2686,CVCL_3114,0.39905500411987305,ovary,ovary,True
CVCL_2686,CVCL_1627,0.3983999192714691,ovary,ovary,True
CVCL_2686,CVCL_1761,0.39725130796432495,ovary,esophagus,False
CVCL_2686,CVCL_1808,0.39721745252609253,ovary,urinary_tract,False
CVCL_2686,CVCL_B079,0.3929236829280853,ovary,ovary,True
CVCL_2686,CVCL_1882,0.381472110748291,ovary,ovary,True
CVCL_2686,CVCL_2232,0.36388975381851196,ovary,upper_aerodigestive,False
CVCL_2690,CVCL_2422,0.4442789852619171,ovary,ovary,True
CVCL_2690,CVCL_3110,0.44317513704299927,ovary,ovary,True
CVCL_2690,CVCL_2420,0.4416538178920746,ovary,ovary,True
CVCL_2690,CVCL_4647,0.44058406352996826,ovary,ovary,True
CVCL_2690,CVCL_0202,0.4350644052028656,ovary,ovary,True
CVCL_2690,CVCL_3114,0.4299541115760803,ovary,ovary,True
CVCL_2690,CVCL_1882,0.41281357407569885,ovary,ovary,True
CVCL_2690,CVCL_1345,0.39003798365592957,ovary,ovary,True
CVCL_2690,CVCL_2672,0.3751656413078308,ovary,ovary,True
CVCL_2690,CVCL_5014,0.37289467453956604,ovary,ovary,True
CVCL_2690,CVCL_0465,0.37061530351638794,ovary,ovary,True
CVCL_2690,CVCL_3424,0.35807448625564575,ovary,breast,False
CVCL_2690,CVCL_1627,0.3475458025932312,ovary,ovary,True
CVCL_2690,CVCL_6543,0.34579771757125854,ovary,uterus,False
CVCL_2714,CVCL_2743,0.7302463054656982,urinary_tract,urinary_tract,True
CVCL_2714,CVCL_2977,0.5696718096733093,urinary_tract,urinary_tract,True
CVCL_2714,CVCL_2747,0.5407719612121582,urinary_tract,urinary_tract,True
CVCL_2714,CVCL_2748,0.5328759551048279,urinary_tract,urinary_tract,True
CVCL_2714,CVCL_1808,0.5297797918319702,urinary_tract,urinary_tract,True
CVCL_2714,CVCL_4718,0.49774274230003357,urinary_tract,pancreas,False
CVCL_2714,CVCL_5006,0.4931272864341736,urinary_tract,upper_aerodigestive,False
CVCL_2714,CVCL_0186,0.48335760831832886,urinary_tract,pancreas,False
CVCL_2714,CVCL_1083,0.48312854766845703,urinary_tract,urinary_tract,True
CVCL_2714,CVCL_5105,0.4630870819091797,urinary_tract,upper_aerodigestive,False
CVCL_2714,CVCL_1482,0.46075454354286194,urinary_tract,lung,False
CVCL_2722,CVCL_3810,0.7686156034469604,prostate,prostate,True
CVCL_2722,CVCL_2723,0.731049120426178,prostate,prostate,True
CVCL_2722,CVCL_IZ34,0.6884539127349854,prostate,breast,False
CVCL_2722,CVCL_2679,0.6824371814727783,prostate,upper_aerodigestive,False
CVCL_2723,CVCL_1681,0.6954776644706726,prostate,upper_aerodigestive,False
CVCL_2723,CVCL_2229,0.68120276927948,prostate,upper_aerodigestive,False
CVCL_2723,CVCL_3810,0.655428946018219,prostate,prostate,True
CVCL_2723,CVCL_3599,0.6442961692810059,prostate,urinary_tract,False
CVCL_2723,CVCL_1107,0.6354494094848633,prostate,upper_aerodigestive,False
CVCL_2734,CVCL_0202,0.5252627730369568,ovary,ovary,True
CVCL_2734,CVCL_1345,0.47504791617393494,ovary,ovary,True
CVCL_2734,CVCL_3407,0.4675663113594055,ovary,embryo,False
CVCL_2734,CVCL_1829,0.46423476934432983,ovary,peripheral_nervous_system,False
CVCL_2734,CVCL_5014,0.463286429643631,ovary,ovary,True
CVCL_2734,CVCL_1542,0.44998133182525635,ovary,lung,False
CVCL_2734,CVCL_3114,0.44312819838523865,ovary,ovary,True
CVCL_2734,CVCL_1614,0.4373544454574585,ovary,ovary,True
CVCL_2738,CVCL_1114,0.41724520921707153,urinary_tract,breast,False
CVCL_2738,CVCL_A1VC,0.4016112983226776,urinary_tract,bile_duct,False
CVCL_2738,CVCL_4657,0.38678109645843506,urinary_tract,uterus,False
CVCL_2738,CVCL_A1UI,0.37287673354148865,urinary_tract,bile_duct,False
CVCL_2738,CVCL_1383,0.37242183089256287,urinary_tract,colorectal,False
CVCL_2738,CVCL_1352,0.365700364112854,urinary_tract,esophagus,False
CVCL_2738,CVCL_8098,0.364920437335968,urinary_tract,esophagus,False
CVCL_2738,CVCL_1634,0.36479678750038147,urinary_tract,pancreas,False
CVCL_2738,CVCL_4647,0.35741379857063293,urinary_tract,ovary,False
CVCL_2738,CVCL_1492,0.3520265817642212,urinary_tract,lung,False
CVCL_2738,CVCL_3337,0.3501707911491394,urinary_tract,esophagus,False
CVCL_2738,CVCL_V613,0.3491901159286499,urinary_tract,central_nervous_system,False
CVCL_2738,CVCL_1337,0.3447507619857788,urinary_tract,upper_aerodigestive,False
CVCL_2740,CVCL_2742,0.4865074157714844,kidney,kidney,True
CVCL_2740,CVCL_2984,0.44055312871932983,kidney,kidney,True
CVCL_2740,CVCL_V610,0.41960421204566956,kidney,kidney,True
CVCL_2740,CVCL_8788,0.3971414268016815,kidney,kidney,True
CVCL_2740,CVCL_1721,0.38973093032836914,kidney,urinary_tract,False
CVCL_2740,CVCL_1274,0.38239917159080505,kidney,uterus,False
CVCL_2740,CVCL_1191,0.3742970824241638,kidney,uterus,False
CVCL_2740,CVCL_1719,0.3687025010585785,kidney,kidney,True
CVCL_2740,CVCL_2983,0.3667747378349304,kidney,kidney,True
CVCL_2740,CVCL_0234,0.3665751516819,kidney,kidney,True
CVCL_2740,CVCL_1067,0.36529138684272766,kidney,kidney,True
CVCL_2740,CVCL_1911,0.3578146696090698,kidney,kidney,True
CVCL_2740,CVCL_1065,0.3576648235321045,kidney,kidney,True
CVCL_2740,CVCL_1050,0.350761353969574,kidney,kidney,True
CVCL_2740,CVCL_1791,0.3497716188430786,kidney,kidney,True
CVCL_2742,CVCL_8788,0.6464916467666626,kidney,kidney,True
CVCL_2742,CVCL_2985,0.6342316269874573,kidney,kidney,True
CVCL_2742,CVCL_2984,0.6196801662445068,kidney,kidney,True
CVCL_2742,CVCL_V610,0.6145962476730347,kidney,kidney,True
CVCL_2742,CVCL_6186,0.5698481202125549,kidney,kidney,True
CVCL_2742,CVCL_5957,0.5638783574104309,kidney,kidney,True
CVCL_2742,CVCL_1721,0.5511780381202698,kidney,urinary_tract,False
CVCL_2742,CVCL_1719,0.538210391998291,kidney,kidney,True
CVCL_2742,CVCL_5953,0.537918210029602,kidney,kidney,True
CVCL_2742,CVCL_1791,0.5243748426437378,kidney,kidney,True
CVCL_2742,CVCL_1626,0.5142590403556824,kidney,kidney,True
CVCL_2742,CVCL_5952,0.5100324153900146,kidney,kidney,True
CVCL_2742,CVCL_5054,0.5055480003356934,kidney,kidney,True
CVCL_2743,CVCL_2977,0.5849131941795349,urinary_tract,urinary_tract,True
CVCL_2743,CVCL_5006,0.5276294350624084,urinary_tract,upper_aerodigestive,False
CVCL_2743,CVCL_2748,0.5231801867485046,urinary_tract,urinary_tract,True
CVCL_2743,CVCL_6950,0.506888210773468,urinary_tract,cervix,False
CVCL_2743,CVCL_0037,0.5033411979675293,urinary_tract,skin,False
CVCL_2743,CVCL_2750,0.5015321373939514,urinary_tract,urinary_tract,True
CVCL_2743,CVCL_1761,0.49972087144851685,urinary_tract,esophagus,False
CVCL_2743,CVCL_2943,0.495797723531723,urinary_tract,skin,False
CVCL_2743,CVCL_2747,0.4928464889526367,urinary_tract,urinary_tract,True
CVCL_2743,CVCL_1335,0.49115002155303955,urinary_tract,lung,False
CVCL_2744,CVCL_1769,0.3950529098510742,urinary_tract,bile_duct,False
CVCL_2744,CVCL_1114,0.3945412337779999,urinary_tract,breast,False
CVCL_2744,CVCL_2752,0.3699793815612793,urinary_tract,urinary_tract,True
CVCL_2744,CVCL_1258,0.3559993505477905,urinary_tract,breast,False
CVCL_2744,CVCL_1549,0.35595738887786865,urinary_tract,lung,False
CVCL_2744,CVCL_2746,0.3489092290401459,urinary_tract,urinary_tract,True
CVCL_2744,CVCL_1417,0.3467145264148712,urinary_tract,gastric,False
CVCL_2744,CVCL_V613,0.3442028760910034,urinary_tract,central_nervous_system,False
CVCL_2744,CVCL_1049,0.34408771991729736,urinary_tract,urinary_tract,True
CVCL_2744,CVCL_1291,0.3440493047237396,urinary_tract,urinary_tract,True
CVCL_2744,CVCL_1483,0.3439326882362366,urinary_tract,lung,False
CVCL_2744,CVCL_8930,0.3437228500843048,urinary_tract,upper_aerodigestive,False
CVCL_2744,CVCL_2960,0.3423440158367157,urinary_tract,thyroid,False
CVCL_2744,CVCL_2063,0.3414432406425476,urinary_tract,lung,False
CVCL_2745,CVCL_5063,0.5080428123474121,urinary_tract,upper_aerodigestive,False
CVCL_2745,CVCL_5133,0.38795721530914307,urinary_tract,lung,False
CVCL_2745,CVCL_1352,0.3656959533691406,urinary_tract,esophagus,False
CVCL_2745,CVCL_5158,0.35862451791763306,urinary_tract,lung,False
CVCL_2745,CVCL_1197,0.34552037715911865,urinary_tract,lung,False
CVCL_2745,CVCL_1492,0.3344690501689911,urinary_tract,lung,False
CVCL_2745,CVCL_1415,0.3272521197795868,urinary_tract,gastric,False
CVCL_2745,CVCL_0543,0.32410120964050293,urinary_tract,bone,False
CVCL_2745,CVCL_5167,0.3187466859817505,urinary_tract,gastric,False
CVCL_2745,CVCL_2297,0.3162183165550232,urinary_tract,central_nervous_system,False
CVCL_2745,CVCL_0630,0.3056465983390808,urinary_tract,lung,False
CVCL_2745,CVCL_8481,0.30066975951194763,urinary_tract,central_nervous_system,False
CVCL_2745,CVCL_0497,0.30056464672088623,urinary_tract,liver,False
CVCL_2745,CVCL_WS73,0.29672929644584656,urinary_tract,central_nervous_system,False
CVCL_2746,CVCL_8717,0.35775455832481384,urinary_tract,central_nervous_system,False
CVCL_2746,CVCL_1430,0.34996047616004944,urinary_tract,lung,False
CVCL_2746,CVCL_0317,0.3437516987323761,urinary_tract,soft_tissue,False
CVCL_2746,CVCL_VU89,0.3423230051994324,urinary_tract,kidney,False
CVCL_2746,CVCL_2593,0.32138192653656006,urinary_tract,lung,False
CVCL_2746,CVCL_2671,0.32022321224212646,urinary_tract,lung,False
CVCL_2746,CVCL_1040,0.31169313192367554,urinary_tract,skin,False
CVCL_2746,CVCL_2960,0.31073930859565735,urinary_tract,thyroid,False
CVCL_2746,CVCL_1375,0.3061913847923279,urinary_tract,lung,False
CVCL_2746,CVCL_1231,0.3058728873729706,urinary_tract,central_nervous_system,False
CVCL_2746,CVCL_1553,0.3043254017829895,urinary_tract,lung,False
CVCL_2746,CVCL_8787,0.30191943049430847,urinary_tract,skin,False
CVCL_2746,CVCL_1427,0.30140262842178345,urinary_tract,lung,False
CVCL_2746,CVCL_1394,0.299574613571167,urinary_tract,lung,False
CVCL_2747,CVCL_2977,0.5160225629806519,urinary_tract,urinary_tract,True
CVCL_2747,CVCL_5005,0.5032705664634705,urinary_tract,upper_aerodigestive,False
CVCL_2747,CVCL_1400,0.4967532157897949,urinary_tract,breast,False
CVCL_2747,CVCL_2224,0.469728022813797,urinary_tract,upper_aerodigestive,False
CVCL_2747,CVCL_2752,0.4635908007621765,urinary_tract,urinary_tract,True
CVCL_2747,CVCL_1808,0.4594993591308594,urinary_tract,urinary_tract,True
CVCL_2747,CVCL_1482,0.45688700675964355,urinary_tract,lung,False
CVCL_2747,CVCL_2748,0.44909143447875977,urinary_tract,urinary_tract,True
CVCL_2747,CVCL_1131,0.4226464629173279,urinary_tract,esophagus,False
CVCL_2747,CVCL_1108,0.42150166630744934,urinary_tract,upper_aerodigestive,False
CVCL_2748,CVCL_1808,0.5103743076324463,urinary_tract,urinary_tract,True
CVCL_2748,CVCL_2977,0.453547865152359,urinary_tract,urinary_tract,True
CVCL_2748,CVCL_1060,0.4472237229347229,urinary_tract,upper_aerodigestive,False
CVCL_2748,CVCL_1767,0.4448181390762329,urinary_tract,esophagus,False
CVCL_2748,CVCL_5005,0.44143909215927124,urinary_tract,upper_aerodigestive,False
CVCL_2748,CVCL_1287,0.4342226982116699,urinary_tract,upper_aerodigestive,False
CVCL_2748,CVCL_3160,0.43215125799179077,urinary_tract,upper_aerodigestive,False
CVCL_2748,CVCL_1083,0.4281567633152008,urinary_tract,urinary_tract,True
CVCL_2748,CVCL_5126,0.4231102764606476,urinary_tract,lung,False
CVCL_2749,CVCL_5078,0.6137233972549438,urinary_tract,colorectal,False
CVCL_2749,CVCL_8175,0.5958353281021118,urinary_tract,colorectal,False
CVCL_2749,CVCL_9980,0.5835515260696411,urinary_tract,colorectal,False
CVCL_2749,CVCL_5250,0.58170086145401,urinary_tract,colorectal,False
CVCL_2749,CVCL_2520,0.5145893692970276,urinary_tract,colorectal,False
CVCL_2749,CVCL_0632,0.5057358145713806,urinary_tract,colorectal,False
CVCL_2749,CVCL_4645,0.49966055154800415,urinary_tract,ovary,False
CVCL_2749,CVCL_1718,0.49165716767311096,urinary_tract,colorectal,False
CVCL_2749,CVCL_5044,0.4860341250896454,urinary_tract,colorectal,False
CVCL_2749,CVCL_0544,0.4857347309589386,urinary_tract,colorectal,False
CVCL_2749,CVCL_1982,0.4804810881614685,urinary_tract,colorectal,False
CVCL_2749,CVCL_5248,0.4748019278049469,urinary_tract,colorectal,False
CVCL_2749,CVCL_1708,0.4737754762172699,urinary_tract,colorectal,False
CVCL_2750,CVCL_6950,0.5690512657165527,urinary_tract,cervix,False
CVCL_2750,CVCL_1107,0.5537011623382568,urinary_tract,upper_aerodigestive,False
CVCL_2750,CVCL_2943,0.5381293892860413,urinary_tract,skin,False
CVCL_2750,CVCL_5006,0.5316493511199951,urinary_tract,upper_aerodigestive,False
CVCL_2750,CVCL_2312,0.522212564945221,urinary_tract,upper_aerodigestive,False
CVCL_2750,CVCL_2226,0.5130679607391357,urinary_tract,upper_aerodigestive,False
CVCL_2750,CVCL_1289,0.5108826756477356,urinary_tract,upper_aerodigestive,False
CVCL_2750,CVCL_1761,0.5031888484954834,urinary_tract,esophagus,False
CVCL_2750,CVCL_2678,0.49884718656539917,urinary_tract,upper_aerodigestive,False
CVCL_2750,CVCL_2680,0.49696582555770874,urinary_tract,upper_aerodigestive,False
CVCL_2750,CVCL_2458,0.495097279548645,urinary_tract,upper_aerodigestive,False
CVCL_2751,CVCL_3599,0.47950804233551025,urinary_tract,urinary_tract,True
CVCL_2751,CVCL_1091,0.4594642221927643,urinary_tract,prostate,False
CVCL_2751,CVCL_1287,0.4504716098308563,urinary_tract,upper_aerodigestive,False
CVCL_2751,CVCL_2229,0.447591096162796,urinary_tract,upper_aerodigestive,False
CVCL_2751,CVCL_1681,0.4431776702404022,urinary_tract,upper_aerodigestive,False
CVCL_2751,CVCL_4718,0.43938612937927246,urinary_tract,pancreas,False
CVCL_2751,CVCL_1485,0.4366036057472229,urinary_tract,lung,False
CVCL_2751,CVCL_1293,0.43149182200431824,urinary_tract,cervix,False
CVCL_2751,CVCL_2228,0.43142780661582947,urinary_tract,upper_aerodigestive,False
CVCL_2751,CVCL_1108,0.427423357963562,urinary_tract,upper_aerodigestive,False
CVCL_2751,CVCL_2723,0.41428184509277344,urinary_tract,prostate,False
CVCL_2751,CVCL_1086,0.4124477505683899,urinary_tract,upper_aerodigestive,False
CVCL_2751,CVCL_2457,0.41234850883483887,urinary_tract,upper_aerodigestive,False
CVCL_2751,CVCL_1102,0.4097321629524231,urinary_tract,upper_aerodigestive,False
CVCL_2751,CVCL_2462,0.4027596414089203,urinary_tract,upper_aerodigestive,False
CVCL_2752,CVCL_2977,0.5321528911590576,urinary_tract,urinary_tract,True
CVCL_2752,CVCL_2753,0.4753313958644867,urinary_tract,urinary_tract,True
CVCL_2752,CVCL_1670,0.4440322816371918,urinary_tract,urinary_tract,True
CVCL_2752,CVCL_2714,0.44209957122802734,urinary_tract,urinary_tract,True
CVCL_2752,CVCL_VV27,0.43225714564323425,urinary_tract,bile_duct,False
CVCL_2752,CVCL_0314,0.4303685426712036,urinary_tract,skin,False
CVCL_2752,CVCL_1652,0.4295051693916321,urinary_tract,lung,False
CVCL_2752,CVCL_5005,0.4226265549659729,urinary_tract,upper_aerodigestive,False
CVCL_2752,CVCL_5006,0.42182207107543945,urinary_tract,upper_aerodigestive,False
CVCL_2752,CVCL_2465,0.4147692322731018,urinary_tract,upper_aerodigestive,False
CVCL_2753,CVCL_2977,0.4653935730457306,urinary_tract,urinary_tract,True
CVCL_2753,CVCL_1728,0.3912332057952881,urinary_tract,urinary_tract,True
CVCL_2753,CVCL_2714,0.38794392347335815,urinary_tract,urinary_tract,True
CVCL_2753,CVCL_1670,0.37326186895370483,urinary_tract,urinary_tract,True
CVCL_2753,CVCL_3629,0.3594016432762146,urinary_tract,bile_duct,False
CVCL_2753,CVCL_2067,0.3564974069595337,urinary_tract,breast,False
CVCL_2753,CVCL_0033,0.35631489753723145,urinary_tract,breast,False
CVCL_2753,CVCL_EG28,0.3546421527862549,urinary_tract,colorectal,False
CVCL_2753,CVCL_1114,0.35135209560394287,urinary_tract,breast,False
CVCL_2753,CVCL_3946,0.34888148307800293,urinary_tract,gastric,False
CVCL_2753,CVCL_1849,0.3483333885669708,urinary_tract,pancreas,False
CVCL_2753,CVCL_1074,0.34495505690574646,urinary_tract,breast,False
CVCL_2754,CVCL_VV27,0.5013890266418457,breast,bile_duct,False
CVCL_2754,CVCL_2465,0.4879698157310486,breast,upper_aerodigestive,False
CVCL_2754,CVCL_1400,0.4738557040691376,breast,breast,True
CVCL_2754,CVCL_1482,0.44753292202949524,breast,lung,False
CVCL_2754,CVCL_1652,0.44626396894454956,breast,lung,False
CVCL_2754,CVCL_3158,0.43978026509284973,breast,ovary,False
CVCL_2754,CVCL_B260,0.4366617798805237,breast,lung,False
CVCL_2754,CVCL_1781,0.43207329511642456,breast,breast,True
CVCL_2754,CVCL_2678,0.4315955638885498,breast,upper_aerodigestive,False
CVCL_2754,CVCL_2977,0.42394837737083435,breast,urinary_tract,False
CVCL_2754,CVCL_1812,0.42229875922203064,breast,breast,True
CVCL_2765,CVCL_A341,0.7849794626235962,skin,skin,True
CVCL_2765,CVCL_3962,0.7309038043022156,skin,central_nervous_system,False
CVCL_2765,CVCL_1036,0.6961386799812317,skin,skin,True
CVCL_2765,CVCL_6805,0.6660909652709961,skin,skin,True
CVCL_2765,CVCL_1307,0.6652505993843079,skin,skin,True
CVCL_2765,CVCL_6809,0.6588476896286011,skin,skin,True
CVCL_2765,CVCL_1438,0.6551210880279541,skin,skin,True
CVCL_2784,CVCL_1767,0.5850343108177185,upper_aerodigestive,esophagus,False
CVCL_2784,CVCL_2807,0.5789030194282532,upper_aerodigestive,skin,False
CVCL_2784,CVCL_1287,0.5679817795753479,upper_aerodigestive,upper_aerodigestive,True
CVCL_2784,CVCL_1091,0.567122757434845,upper_aerodigestive,prostate,False
CVCL_2784,CVCL_2229,0.5625021457672119,upper_aerodigestive,upper_aerodigestive,True
CVCL_2784,CVCL_1102,0.551009476184845,upper_aerodigestive,upper_aerodigestive,True
CVCL_2784,CVCL_2661,0.546500027179718,upper_aerodigestive,esophagus,False
CVCL_2784,CVCL_1107,0.5432062149047852,upper_aerodigestive,upper_aerodigestive,True
CVCL_2784,CVCL_2462,0.5400037169456482,upper_aerodigestive,upper_aerodigestive,True
CVCL_2784,CVCL_3599,0.5369343161582947,upper_aerodigestive,urinary_tract,False
CVCL_2784,CVCL_3160,0.5358469486236572,upper_aerodigestive,upper_aerodigestive,True
CVCL_2784,CVCL_1681,0.5272606611251831,upper_aerodigestive,upper_aerodigestive,True
CVCL_2784,CVCL_1108,0.5238537788391113,upper_aerodigestive,upper_aerodigestive,True
CVCL_2784,CVCL_3086,0.5223811864852905,upper_aerodigestive,upper_aerodigestive,True
CVCL_2784,CVCL_5071,0.5222190618515015,upper_aerodigestive,colorectal,False
CVCL_2785,CVCL_3116,0.56887286901474,liver,ovary,False
CVCL_2785,CVCL_3111,0.5644571185112,liver,ovary,False
CVCL_2785,CVCL_E063,0.5596343278884888,liver,uterus,False
CVCL_2785,CVCL_4658,0.5381259322166443,liver,uterus,False
CVCL_2785,CVCL_2930,0.5217118859291077,liver,uterus,False
CVCL_2785,CVCL_DH06,0.5034183263778687,liver,ovary,False
CVCL_2785,CVCL_2927,0.49243953824043274,liver,uterus,False
CVCL_2785,CVCL_3867,0.4889017343521118,liver,uterus,False
CVCL_2785,CVCL_5007,0.4838298559188843,liver,uterus,False
CVCL_2785,CVCL_1627,0.46537142992019653,liver,ovary,False
CVCL_2785,CVCL_0293,0.4500391185283661,liver,uterus,False
CVCL_2786,CVCL_1722,0.4071444869041443,liver,central_nervous_system,False
CVCL_2786,CVCL_5103,0.40214917063713074,liver,liver,True
CVCL_2786,CVCL_5010,0.3965649902820587,liver,central_nervous_system,False
CVCL_2786,CVCL_2955,0.3900831639766693,liver,bile_duct,False
CVCL_2786,CVCL_1715,0.3819224238395691,liver,central_nervous_system,False
CVCL_2786,CVCL_WU66,0.3731329143047333,liver,bone,False
CVCL_2786,CVCL_1655,0.36509260535240173,liver,lung,False
CVCL_2786,CVCL_3959,0.354559987783432,liver,central_nervous_system,False
CVCL_2786,CVCL_5069,0.3539371192455292,liver,central_nervous_system,False
CVCL_2786,CVCL_0543,0.35194194316864014,liver,bone,False
CVCL_2786,CVCL_5089,0.34760162234306335,liver,liver,True
CVCL_2786,CVCL_1219,0.3471549451351166,liver,thyroid,False
CVCL_2787,CVCL_2947,0.4943719208240509,liver,liver,True
CVCL_2787,CVCL_E115,0.4789963662624359,liver,uterus,False
CVCL_2787,CVCL_5008,0.4333397448062897,liver,bile_duct,False
CVCL_2787,CVCL_5089,0.42255938053131104,liver,liver,True
CVCL_2787,CVCL_VV28,0.41680294275283813,liver,bile_duct,False
CVCL_2787,CVCL_1065,0.41309279203414917,liver,kidney,False
CVCL_2787,CVCL_5007,0.41176024079322815,liver,uterus,False
CVCL_2787,CVCL_1791,0.41150280833244324,liver,kidney,False
CVCL_2787,CVCL_0234,0.41098397970199585,liver,kidney,False
CVCL_2787,CVCL_2929,0.4085294008255005,liver,uterus,False
CVCL_2787,CVCL_1721,0.4001768231391907,liver,urinary_tract,False
CVCL_2787,CVCL_V607,0.39939913153648376,liver,kidney,False
CVCL_2787,CVCL_2985,0.39420178532600403,liver,kidney,False
CVCL_2787,CVCL_1050,0.38957810401916504,liver,kidney,False
CVCL_2788,CVCL_4902,0.440311074256897,liver,bile_duct,False
CVCL_2788,CVCL_5103,0.3820067048072815,liver,liver,True
CVCL_2788,CVCL_B076,0.3617628514766693,liver,kidney,False
CVCL_2788,CVCL_0543,0.3610706627368927,liver,bone,False
CVCL_2788,CVCL_0366,0.358128160238266,liver,liver,True
CVCL_2788,CVCL_1056,0.3553813099861145,liver,kidney,False
CVCL_2788,CVCL_1285,0.34927496314048767,liver,lung,False
CVCL_2788,CVCL_0497,0.34219059348106384,liver,liver,True
CVCL_2788,CVCL_2956,0.33421698212623596,liver,liver,True
CVCL_2788,CVCL_1492,0.3304334580898285,liver,lung,False
CVCL_2791,CVCL_EG28,0.47594913840293884,gastric,colorectal,False
CVCL_2791,CVCL_3055,0.435086727142334,gastric,gastric,True
CVCL_2791,CVCL_3152,0.41418567299842834,gastric,gastric,True
CVCL_2791,CVCL_1291,0.3924911320209503,gastric,urinary_tract,False
CVCL_2791,CVCL_1105,0.3806040585041046,gastric,lung,False
CVCL_2791,CVCL_1769,0.37067776918411255,gastric,bile_duct,False
CVCL_2791,CVCL_1351,0.36763736605644226,gastric,esophagus,False
CVCL_2791,CVCL_1383,0.3613321781158447,gastric,colorectal,False
CVCL_2791,CVCL_3158,0.36045485734939575,gastric,ovary,False
CVCL_2791,CVCL_1218,0.35865312814712524,gastric,upper_aerodigestive,False
CVCL_2791,CVCL_3088,0.35835739970207214,gastric,colorectal,False
CVCL_2791,CVCL_1636,0.35158905386924744,gastric,pancreas,False
CVCL_2793,CVCL_3422,0.3940619230270386,uterus,breast,False
CVCL_2793,CVCL_2918,0.39009425044059753,uterus,cervix,False
CVCL_2793,CVCL_2794,0.3731433153152466,uterus,uterus,True
CVCL_2793,CVCL_1704,0.36386388540267944,uterus,cervix,False
CVCL_2793,CVCL_1293,0.35960090160369873,uterus,cervix,False
CVCL_2793,CVCL_2463,0.34307748079299927,uterus,upper_aerodigestive,False
CVCL_2793,CVCL_3996,0.3398865759372711,uterus,bile_duct,False
CVCL_2793,CVCL_2723,0.3376011848449707,uterus,prostate,False
CVCL_2793,CVCL_0455,0.33076274394989014,uterus,lung,False
CVCL_2793,CVCL_4996,0.3278510868549347,uterus,cervix,False
CVCL_2793,CVCL_1485,0.32396990060806274,uterus,lung,False
CVCL_2793,CVCL_1195,0.3206598460674286,uterus,lung,False
CVCL_2793,CVCL_1675,0.3175046741962433,uterus,upper_aerodigestive,False
CVCL_2794,CVCL_3087,0.4448835253715515,uterus,upper_aerodigestive,False
CVCL_2794,CVCL_2465,0.4384095370769501,uterus,upper_aerodigestive,False
CVCL_2794,CVCL_2680,0.42912736535072327,uterus,upper_aerodigestive,False
CVCL_2794,CVCL_2723,0.4199643135070801,uterus,prostate,False
CVCL_2794,CVCL_1171,0.4120827615261078,uterus,upper_aerodigestive,False
CVCL_2794,CVCL_1100,0.38822227716445923,uterus,cervix,False
CVCL_2794,CVCL_2312,0.38383594155311584,uterus,upper_aerodigestive,False
CVCL_2794,CVCL_2308,0.3809073865413666,uterus,upper_aerodigestive,False
CVCL_2794,CVCL_1131,0.37908127903938293,uterus,esophagus,False
CVCL_2794,CVCL_1287,0.3681598901748657,uterus,upper_aerodigestive,False
CVCL_2794,CVCL_2229,0.3679884672164917,uterus,upper_aerodigestive,False
CVCL_2794,CVCL_2457,0.36713507771492004,uterus,upper_aerodigestive,False
CVCL_2794,CVCL_1060,0.36503270268440247,uterus,upper_aerodigestive,False
CVCL_2794,CVCL_2315,0.36422649025917053,uterus,upper_aerodigestive,False
CVCL_2798,CVCL_4W66,0.433535635471344,central_nervous_system,central_nervous_system,True
CVCL_2798,CVCL_5779,0.38292327523231506,central_nervous_system,central_nervous_system,True
CVCL_2798,CVCL_3954,0.3826838433742523,central_nervous_system,central_nervous_system,True
CVCL_2798,CVCL_1R16,0.3747032880783081,central_nervous_system,central_nervous_system,True
CVCL_2798,CVCL_0863,0.37128540873527527,central_nervous_system,fibroblast,False
CVCL_2798,CVCL_1689,0.36581626534461975,central_nervous_system,central_nervous_system,True
CVCL_2799,CVCL_5080,0.6213103532791138,central_nervous_system,central_nervous_system,True
CVCL_2799,CVCL_5033,0.5937361121177673,central_nervous_system,central_nervous_system,True
CVCL_2799,CVCL_8585,0.4987647533416748,central_nervous_system,central_nervous_system,True
CVCL_2799,CVCL_WS73,0.49115055799484253,central_nervous_system,central_nervous_system,True
CVCL_2799,CVCL_3955,0.49093878269195557,central_nervous_system,central_nervous_system,True
CVCL_2799,CVCL_1706,0.4673471450805664,central_nervous_system,central_nervous_system,True
CVCL_2805,CVCL_2908,0.6210472583770752,liver,gastric,False
CVCL_2805,CVCL_2956,0.6192070841789246,liver,liver,True
CVCL_2805,CVCL_A1VD,0.570550262928009,liver,bile_duct,False
CVCL_2805,CVCL_4381,0.5454310178756714,liver,liver,True
CVCL_2805,CVCL_5102,0.4900074899196625,liver,liver,True
CVCL_2805,CVCL_5089,0.48281994462013245,liver,liver,True
CVCL_2805,CVCL_3840,0.47727978229522705,liver,liver,True
CVCL_2807,CVCL_1681,0.689775824546814,skin,upper_aerodigestive,False
CVCL_2807,CVCL_2222,0.6641220450401306,skin,upper_aerodigestive,False
CVCL_2807,CVCL_1091,0.6388168334960938,skin,prostate,False
CVCL_2807,CVCL_1063,0.6340603828430176,skin,epidermoid_carcinoma,False
CVCL_2807,CVCL_1102,0.6296926140785217,skin,upper_aerodigestive,False
CVCL_2807,CVCL_2462,0.6191482543945312,skin,upper_aerodigestive,False
CVCL_2807,CVCL_5005,0.6130311489105225,skin,upper_aerodigestive,False
CVCL_2807,CVCL_2457,0.6119009256362915,skin,upper_aerodigestive,False
CVCL_2807,CVCL_1767,0.611400842666626,skin,esophagus,False
CVCL_2856,CVCL_5723,0.5012193918228149,thyroid,central_nervous_system,False
CVCL_2856,CVCL_A758,0.4431793987751007,thyroid,central_nervous_system,False
CVCL_2856,CVCL_4849,0.41993656754493713,thyroid,gastric,False
CVCL_2856,CVCL_WU66,0.3874794840812683,thyroid,bone,False
CVCL_2856,CVCL_3509,0.3841753304004669,thyroid,ovary,False
CVCL_2856,CVCL_0582,0.37010127305984497,thyroid,thyroid,True
CVCL_2856,CVCL_0022,0.36748814582824707,thyroid,central_nervous_system,False
CVCL_2856,CVCL_5423,0.3585915267467499,thyroid,breast,False
CVCL_2856,CVCL_1518,0.35235852003097534,thyroid,lung,False
CVCL_2856,CVCL_1070,0.3480991721153259,thyroid,central_nervous_system,False
CVCL_2856,CVCL_2447,0.34710755944252014,thyroid,thyroid,True
CVCL_2856,CVCL_1229,0.34524932503700256,thyroid,soft_tissue,False
CVCL_2873,CVCL_5044,0.7227368354797363,colorectal,colorectal,True
CVCL_2873,CVCL_2917,0.7118145227432251,colorectal,colorectal,True
CVCL_2873,CVCL_5248,0.7077235579490662,colorectal,colorectal,True
CVCL_2873,CVCL_5111,0.7011634111404419,colorectal,colorectal,True
CVCL_2873,CVCL_1718,0.6948885917663574,colorectal,colorectal,True
CVCL_2873,CVCL_1294,0.6930286288261414,colorectal,colorectal,True
CVCL_2873,CVCL_5038,0.6838870644569397,colorectal,bile_duct,False
CVCL_2889,CVCL_8796,0.7084412574768066,lymphocyte,lymphocyte,True
CVCL_2889,CVCL_3032,0.6990835070610046,lymphocyte,lymphocyte,True
CVCL_2889,CVCL_RL84,0.6902384161949158,lymphocyte,lymphocyte,True
CVCL_2889,CVCL_2976,0.5609384775161743,lymphocyte,lymphocyte,True
CVCL_2889,CVCL_3526,0.5570012927055359,lymphocyte,lymphocyte,True
CVCL_2889,CVCL_1319,0.5489839315414429,lymphocyte,lymphocyte,True
CVCL_2889,CVCL_H614,0.5253496170043945,lymphocyte,lymphocyte,True
CVCL_2889,CVCL_1870,0.5087194442749023,lymphocyte,blood,False
CVCL_2891,CVCL_4717,0.3861269950866699,lung,pancreas,False
CVCL_2891,CVCL_0471,0.37889182567596436,lung,esophagus,False
CVCL_2891,CVCL_1633,0.3757256269454956,lung,pancreas,False
CVCL_2891,CVCL_0026,0.37333914637565613,lung,pancreas,False
CVCL_2891,CVCL_5126,0.3579470217227936,lung,lung,True
CVCL_2891,CVCL_1639,0.3498201072216034,lung,pancreas,False
CVCL_2891,CVCL_1794,0.34279540181159973,lung,pancreas,False
CVCL_2891,CVCL_3004,0.33866971731185913,lung,pancreas,False
CVCL_2891,CVCL_1376,0.3375520706176758,lung,lung,True
CVCL_2891,CVCL_3020,0.3370020389556885,lung,ovary,False
CVCL_2891,CVCL_1634,0.336357444524765,lung,pancreas,False
CVCL_2891,CVCL_1640,0.3346269726753235,lung,lung,True
CVCL_2891,CVCL_1514,0.33407407999038696,lung,lung,True
CVCL_2891,CVCL_1465,0.33034011721611023,lung,lung,True
CVCL_2891,CVCL_1731,0.3271994888782501,lung,lung,True
CVCL_2908,CVCL_4381,0.5298469066619873,gastric,liver,False
CVCL_2908,CVCL_2956,0.45693182945251465,gastric,liver,False
CVCL_2908,CVCL_A1VD,0.41479626297950745,gastric,bile_duct,False
CVCL_2908,CVCL_5089,0.4032179117202759,gastric,liver,False
CVCL_2908,CVCL_1850,0.3855256736278534,gastric,pancreas,False
CVCL_2908,CVCL_3768,0.3835052251815796,gastric,ovary,False
CVCL_2908,CVCL_3840,0.3718308210372925,gastric,liver,False
CVCL_2909,CVCL_3603,0.5444435477256775,bone,thyroid,False
CVCL_2909,CVCL_0878,0.5203890204429626,bone,fibroblast,False
CVCL_2909,CVCL_0846,0.49578315019607544,bone,fibroblast,False
CVCL_2909,CVCL_0882,0.49448901414871216,bone,fibroblast,False
CVCL_2909,CVCL_0715,0.49354949593544006,bone,fibroblast,False
CVCL_2909,CVCL_0966,0.4914229214191437,bone,fibroblast,False
CVCL_2909,CVCL_1031,0.4857708513736725,bone,fibroblast,False
CVCL_2909,CVCL_0698,0.4793686866760254,bone,fibroblast,False
CVCL_2909,CVCL_0819,0.4738370180130005,bone,fibroblast,False
CVCL_2909,CVCL_1795,0.47265782952308655,bone,central_nervous_system,False
CVCL_2909,CVCL_0979,0.4723511040210724,bone,fibroblast,False
CVCL_2909,CVCL_0941,0.46287959814071655,bone,fibroblast,False
CVCL_2909,CVCL_0871,0.4592686593532562,bone,soft_tissue,False
CVCL_2914,CVCL_1349,0.47306767106056213,lung,esophagus,False
CVCL_2914,CVCL_1767,0.45973455905914307,lung,esophagus,False
CVCL_2914,CVCL_3174,0.442878782749176,lung,esophagus,False
CVCL_2914,CVCL_1763,0.43151310086250305,lung,esophagus,False
CVCL_2914,CVCL_2661,0.4303542375564575,lung,esophagus,False
CVCL_2914,CVCL_3336,0.42796093225479126,lung,esophagus,False
CVCL_2914,CVCL_U797,0.4222353398799896,lung,skin,False
CVCL_2914,CVCL_V586,0.4221203029155731,lung,lung,True
CVCL_2914,CVCL_5137,0.41310304403305054,lung,lung,True
CVCL_2914,CVCL_2681,0.4077696204185486,lung,upper_aerodigestive,False
CVCL_2914,CVCL_1086,0.39998745918273926,lung,upper_aerodigestive,False
CVCL_2914,CVCL_3086,0.3979102075099945,lung,upper_aerodigestive,False
CVCL_2914,CVCL_1258,0.39367640018463135,lung,breast,False
CVCL_2914,CVCL_4056,0.3929903507232666,lung,pancreas,False
CVCL_2914,CVCL_2784,0.3916488289833069,lung,upper_aerodigestive,False
CVCL_2916,CVCL_2214,0.34074050188064575,cervix,bile_duct,False
CVCL_2916,CVCL_1530,0.32848992943763733,cervix,lung,False
CVCL_2916,CVCL_4996,0.3189339339733124,cervix,cervix,True
CVCL_2916,CVCL_1472,0.3006817102432251,cervix,lung,False
CVCL_2916,CVCL_1193,0.28902703523635864,cervix,bile_duct,False
CVCL_2916,CVCL_1654,0.28735488653182983,cervix,lung,False
CVCL_2916,CVCL_2918,0.2868286371231079,cervix,cervix,True
CVCL_2916,CVCL_1532,0.2867366373538971,cervix,lung,False
CVCL_2916,CVCL_3337,0.28546687960624695,cervix,esophagus,False
CVCL_2916,CVCL_2193,0.28207728266716003,cervix,cervix,True
CVCL_2916,CVCL_1105,0.2792556881904602,cervix,lung,False
CVCL_2916,CVCL_1476,0.2745075523853302,cervix,lung,False
CVCL_2916,CVCL_V613,0.2668457627296448,cervix,central_nervous_system,False
CVCL_2916,CVCL_1485,0.26513364911079407,cervix,lung,False
CVCL_2916,CVCL_1121,0.2613050043582916,cervix,lung,False
CVCL_2917,CVCL_5249,0.8454389572143555,colorectal,colorectal,True
CVCL_2917,CVCL_8176,0.8263943195343018,colorectal,colorectal,True
CVCL_2917,CVCL_5044,0.8185765147209167,colorectal,colorectal,True
CVCL_2917,CVCL_0555,0.7080974578857422,colorectal,colorectal,True
CVCL_2917,CVCL_5111,0.6995611190795898,colorectal,colorectal,True
CVCL_2917,CVCL_4645,0.6889209747314453,colorectal,ovary,False
CVCL_2918,CVCL_1293,0.5083049535751343,cervix,cervix,True
CVCL_2918,CVCL_1218,0.49354052543640137,cervix,upper_aerodigestive,False
CVCL_2918,CVCL_0455,0.49250832200050354,cervix,lung,False
CVCL_2918,CVCL_4996,0.4814491868019104,cervix,cervix,True
CVCL_2918,CVCL_2253,0.47327202558517456,cervix,cervix,True
CVCL_2918,CVCL_1354,0.47063586115837097,cervix,esophagus,False
CVCL_2918,CVCL_1675,0.46148818731307983,cervix,upper_aerodigestive,False
CVCL_2918,CVCL_2723,0.4572829604148865,cervix,prostate,False
CVCL_2918,CVCL_1485,0.4512081444263458,cervix,lung,False
CVCL_2918,CVCL_1767,0.4437319040298462,cervix,esophagus,False
CVCL_2918,CVCL_2312,0.4185972213745117,cervix,upper_aerodigestive,False
CVCL_2918,CVCL_8705,0.4179651141166687,cervix,cervix,True
CVCL_2919,CVCL_1175,0.6718915700912476,cervix,lung,False
CVCL_2919,CVCL_1525,0.6643680334091187,cervix,lung,False
CVCL_2919,CVCL_1454,0.6569574475288391,cervix,lung,False
CVCL_2919,CVCL_1471,0.6336416602134705,cervix,lung,False
CVCL_2919,CVCL_1598,0.6246987581253052,cervix,lung,False
CVCL_2919,CVCL_1522,0.6240994334220886,cervix,lung,False
CVCL_2919,CVCL_2415,0.6224135756492615,cervix,lung,False
CVCL_2919,CVCL_1480,0.6221985220909119,cervix,lung,False
CVCL_2919,CVCL_1516,0.6056338548660278,cervix,lung,False
CVCL_2923,CVCL_V610,0.5085974335670471,uterus,kidney,False
CVCL_2923,CVCL_5008,0.5071616172790527,uterus,bile_duct,False
CVCL_2923,CVCL_1721,0.5063045024871826,uterus,urinary_tract,False
CVCL_2923,CVCL_3866,0.5002678632736206,uterus,uterus,True
CVCL_2923,CVCL_1111,0.49637144804000854,uterus,kidney,False
CVCL_2923,CVCL_2929,0.4741489887237549,uterus,uterus,True
CVCL_2923,CVCL_2925,0.4640050232410431,uterus,uterus,True
CVCL_2923,CVCL_V612,0.463633269071579,uterus,kidney,False
CVCL_2923,CVCL_1050,0.46043428778648376,uterus,kidney,False
CVCL_2923,CVCL_5953,0.4571433663368225,uterus,kidney,False
CVCL_2923,CVCL_1065,0.448866605758667,uterus,kidney,False
CVCL_2923,CVCL_0294,0.4404737055301666,uterus,uterus,True
CVCL_2924,CVCL_1721,0.5028520226478577,uterus,urinary_tract,False
CVCL_2924,CVCL_2929,0.4963761270046234,uterus,uterus,True
CVCL_2924,CVCL_1111,0.4876307249069214,uterus,kidney,False
CVCL_2924,CVCL_V607,0.48229339718818665,uterus,kidney,False
CVCL_2924,CVCL_1050,0.47523894906044006,uterus,kidney,False
CVCL_2924,CVCL_3866,0.46780163049697876,uterus,uterus,True
CVCL_2924,CVCL_E115,0.4626178741455078,uterus,uterus,True
CVCL_2924,CVCL_0293,0.44656872749328613,uterus,uterus,True
CVCL_2924,CVCL_0235,0.4417615830898285,uterus,kidney,False
CVCL_2924,CVCL_5957,0.43779149651527405,uterus,kidney,False
CVCL_2924,CVCL_2923,0.4359892010688782,uterus,uterus,True
CVCL_2924,CVCL_2682,0.4260532557964325,uterus,ovary,False
CVCL_2925,CVCL_2929,0.4851626455783844,uterus,uterus,True
CVCL_2925,CVCL_3866,0.4486672282218933,uterus,uterus,True
CVCL_2925,CVCL_1111,0.4470534324645996,uterus,kidney,False
CVCL_2925,CVCL_2924,0.42601191997528076,uterus,uterus,True
CVCL_2925,CVCL_0294,0.41381755471229553,uterus,uterus,True
CVCL_2925,CVCL_3117,0.41370895504951477,uterus,ovary,False
CVCL_2925,CVCL_1050,0.40761512517929077,uterus,kidney,False
CVCL_2925,CVCL_0293,0.4069328010082245,uterus,uterus,True
CVCL_2925,CVCL_V612,0.401295930147171,uterus,kidney,False
CVCL_2925,CVCL_2682,0.3873700499534607,uterus,ovary,False
CVCL_2925,CVCL_5953,0.3860124945640564,uterus,kidney,False
CVCL_2925,CVCL_1555,0.3846384584903717,uterus,lung,False
CVCL_2927,CVCL_E063,0.5923519730567932,uterus,uterus,True
CVCL_2927,CVCL_4658,0.5885541439056396,uterus,uterus,True
CVCL_2927,CVCL_2930,0.5818437337875366,uterus,uterus,True
CVCL_2927,CVCL_4649,0.5190256834030151,uterus,ovary,False
CVCL_2927,CVCL_3116,0.5141032934188843,uterus,ovary,False
CVCL_2927,CVCL_3111,0.5004704594612122,uterus,ovary,False
CVCL_2927,CVCL_6543,0.48924127221107483,uterus,uterus,True
CVCL_2927,CVCL_4655,0.47978222370147705,uterus,uterus,True
CVCL_2928,CVCL_0293,0.40033861994743347,uterus,uterus,True
CVCL_2928,CVCL_1191,0.38995471596717834,uterus,uterus,True
CVCL_2928,CVCL_3867,0.37283217906951904,uterus,uterus,True
CVCL_2928,CVCL_DH06,0.37190085649490356,uterus,ovary,False
CVCL_2928,CVCL_2112,0.36946776509284973,uterus,uterus,True
CVCL_2928,CVCL_3020,0.3662489056587219,uterus,ovary,False
CVCL_2928,CVCL_E063,0.3662182092666626,uterus,uterus,True
CVCL_2928,CVCL_2785,0.36592215299606323,uterus,liver,False
CVCL_2928,CVCL_1911,0.357479989528656,uterus,kidney,False
CVCL_2928,CVCL_0029,0.35657039284706116,uterus,ovary,False
CVCL_2928,CVCL_1635,0.35485178232192993,uterus,pancreas,False
CVCL_2928,CVCL_2925,0.35334405303001404,uterus,uterus,True
CVCL_2928,CVCL_4658,0.3527730405330658,uterus,uterus,True
CVCL_2928,CVCL_4640,0.3458137512207031,uterus,ovary,False
CVCL_2928,CVCL_1304,0.34452128410339355,uterus,ovary,False
CVCL_2929,CVCL_1111,0.552562415599823,uterus,kidney,False
CVCL_2929,CVCL_E115,0.5349230170249939,uterus,uterus,True
CVCL_2929,CVCL_1791,0.5296931862831116,uterus,kidney,False
CVCL_2929,CVCL_1721,0.5136955976486206,uterus,urinary_tract,False
CVCL_2929,CVCL_V610,0.5097823739051819,uterus,kidney,False
CVCL_2929,CVCL_V607,0.5068854689598083,uterus,kidney,False
CVCL_2929,CVCL_3117,0.49527010321617126,uterus,ovary,False
CVCL_2929,CVCL_1065,0.4935498833656311,uterus,kidney,False
CVCL_2930,CVCL_3116,0.5653325915336609,uterus,ovary,False
CVCL_2930,CVCL_5007,0.5226573348045349,uterus,uterus,True
CVCL_2930,CVCL_4655,0.4997299909591675,uterus,uterus,True
CVCL_2930,CVCL_6543,0.489009290933609,uterus,uterus,True
CVCL_2930,CVCL_1627,0.4854273498058319,uterus,ovary,False
CVCL_2930,CVCL_4658,0.4787170886993408,uterus,uterus,True
CVCL_2930,CVCL_4649,0.4681225121021271,uterus,ovary,False
CVCL_2931,CVCL_2924,0.40317362546920776,uterus,uterus,True
CVCL_2931,CVCL_1559,0.27938175201416016,uterus,lung,False
CVCL_2931,CVCL_2045,0.2736048698425293,uterus,esophagus,False
CVCL_2931,CVCL_0178,0.2512224018573761,uterus,breast,False
CVCL_2931,CVCL_2928,0.24334290623664856,uterus,uterus,True
CVCL_2931,CVCL_0623,0.23547108471393585,uterus,breast,False
CVCL_2931,CVCL_2923,0.22781546413898468,uterus,uterus,True
CVCL_2931,CVCL_1656,0.21660947799682617,uterus,lung,False
CVCL_2931,CVCL_1184,0.2020944356918335,uterus,lung,False
CVCL_2931,CVCL_2925,0.19492729008197784,uterus,uterus,True
CVCL_2931,CVCL_3629,0.19457031786441803,uterus,bile_duct,False
CVCL_2931,CVCL_1372,0.19369015097618103,uterus,lung,False
CVCL_2931,CVCL_2914,0.1875831037759781,uterus,lung,False
CVCL_2931,CVCL_1707,0.18642380833625793,uterus,uterus,True
CVCL_2931,CVCL_3613,0.18483905494213104,uterus,ovary,False
CVCL_2943,CVCL_2222,0.6949716210365295,skin,upper_aerodigestive,False
CVCL_2943,CVCL_V586,0.6774631142616272,skin,lung,False
CVCL_2943,CVCL_6950,0.6701790690422058,skin,cervix,False
CVCL_2943,CVCL_0037,0.6644830703735352,skin,skin,True
CVCL_2943,CVCL_5137,0.6466831564903259,skin,lung,False
CVCL_2943,CVCL_5017,0.644583523273468,skin,upper_aerodigestive,False
CVCL_2943,CVCL_1107,0.6436938643455505,skin,upper_aerodigestive,False
CVCL_2943,CVCL_2232,0.6407145857810974,skin,upper_aerodigestive,False
CVCL_2947,CVCL_4640,0.4157468378543854,liver,ovary,False
CVCL_2947,CVCL_1052,0.3889122009277344,liver,central_nervous_system,False
CVCL_2947,CVCL_4849,0.38809606432914734,liver,gastric,False
CVCL_2947,CVCL_1911,0.37425878643989563,liver,kidney,False
CVCL_2947,CVCL_2960,0.37388136982917786,liver,thyroid,False
CVCL_2947,CVCL_E115,0.37200942635536194,liver,uterus,False
CVCL_2947,CVCL_1375,0.366890549659729,liver,lung,False
CVCL_2947,CVCL_2929,0.3665100038051605,liver,uterus,False
CVCL_2947,CVCL_1734,0.36309564113616943,liver,soft_tissue,False
CVCL_2949,CVCL_B3PK,0.31282880902290344,breast,kidney,False
CVCL_2949,CVCL_2010,0.30671241879463196,breast,ovary,False
CVCL_2949,CVCL_0060,0.29154273867607117,breast,lung,False
CVCL_2949,CVCL_1595,0.2842789590358734,breast,lung,False
CVCL_2949,CVCL_2067,0.2802334725856781,breast,breast,True
CVCL_2949,CVCL_8007,0.26863378286361694,breast,soft_tissue,False
CVCL_2949,CVCL_0542,0.26461371779441833,breast,adrenal_cortex,False
CVCL_2949,CVCL_1755,0.24589671194553375,breast,soft_tissue,False
CVCL_2949,CVCL_1259,0.2383708655834198,breast,breast,True
CVCL_2949,CVCL_1577,0.2281743288040161,breast,lung,False
CVCL_2950,CVCL_5951,0.7285622954368591,skin,skin,True
CVCL_2950,CVCL_3962,0.7090219259262085,skin,central_nervous_system,False
CVCL_2950,CVCL_0526,0.6838811635971069,skin,skin,True
CVCL_2955,CVCL_WU66,0.45228031277656555,bile_duct,bone,False
CVCL_2955,CVCL_M823,0.44800427556037903,bile_duct,soft_tissue,False
CVCL_2955,CVCL_1715,0.41161954402923584,bile_duct,central_nervous_system,False
CVCL_2955,CVCL_2585,0.39557501673698425,bile_duct,skin,False
CVCL_2955,CVCL_5010,0.39243704080581665,bile_duct,central_nervous_system,False
CVCL_2955,CVCL_A1UY,0.3854157030582428,bile_duct,soft_tissue,False
CVCL_2955,CVCL_1427,0.3840053379535675,bile_duct,lung,False
CVCL_2955,CVCL_3954,0.3832833170890808,bile_duct,central_nervous_system,False
CVCL_2956,CVCL_5102,0.6256099939346313,liver,liver,True
CVCL_2956,CVCL_A1VD,0.5972578525543213,liver,bile_duct,False
CVCL_2956,CVCL_3840,0.5411553382873535,liver,liver,True
CVCL_2956,CVCL_5089,0.5282799005508423,liver,liver,True
CVCL_2956,CVCL_5103,0.45108047127723694,liver,liver,True
CVCL_2956,CVCL_3768,0.41547295451164246,liver,ovary,False
CVCL_2960,CVCL_5723,0.3921886384487152,thyroid,central_nervous_system,False
CVCL_2960,CVCL_4849,0.39031869173049927,thyroid,gastric,False
CVCL_2960,CVCL_WU66,0.3832637667655945,thyroid,bone,False
CVCL_2960,CVCL_0060,0.35478073358535767,thyroid,lung,False
CVCL_2961,CVCL_0397,0.6070470213890076,gastric,colorectal,False
CVCL_2961,CVCL_8877,0.6042944192886353,gastric,gastric,True
CVCL_2961,CVCL_2520,0.5937305092811584,gastric,colorectal,False
CVCL_2961,CVCL_1980,0.585425615310669,gastric,colorectal,False
CVCL_2961,CVCL_0076,0.555157482624054,gastric,gastric,True
CVCL_2961,CVCL_1982,0.5478664636611938,gastric,colorectal,False
CVCL_2961,CVCL_5098,0.5390537977218628,gastric,colorectal,False
CVCL_2961,CVCL_4645,0.5295617580413818,gastric,ovary,False
CVCL_2961,CVCL_9980,0.5286850929260254,gastric,colorectal,False
CVCL_2961,CVCL_0399,0.5248109698295593,gastric,colorectal,False
CVCL_2961,CVCL_5044,0.5151805281639099,gastric,colorectal,False
CVCL_2961,CVCL_5072,0.5038301348686218,gastric,gastric,True
CVCL_2961,CVCL_5078,0.5018569231033325,gastric,colorectal,False
CVCL_2971,CVCL_4773,0.5161066055297852,central_nervous_system,central_nervous_system,True
CVCL_2971,CVCL_WS73,0.4894573986530304,central_nervous_system,central_nervous_system,True
CVCL_2971,CVCL_8585,0.4847477078437805,central_nervous_system,central_nervous_system,True
CVCL_2971,CVCL_0844,0.4750872254371643,central_nervous_system,central_nervous_system,True
CVCL_2971,CVCL_1117,0.45813193917274475,central_nervous_system,central_nervous_system,True
CVCL_2971,CVCL_3955,0.4575492739677429,central_nervous_system,central_nervous_system,True
CVCL_2971,CVCL_2799,0.45392027497291565,central_nervous_system,central_nervous_system,True
CVCL_2971,CVCL_2297,0.4423512816429138,central_nervous_system,central_nervous_system,True
CVCL_2971,CVCL_5010,0.4413275420665741,central_nervous_system,central_nervous_system,True
CVCL_2971,CVCL_1722,0.4410141408443451,central_nervous_system,central_nervous_system,True
CVCL_2971,CVCL_1093,0.43036341667175293,central_nervous_system,central_nervous_system,True
CVCL_2971,CVCL_5033,0.4232117533683777,central_nervous_system,central_nervous_system,True
CVCL_2972,CVCL_2991,0.5131482481956482,plasma_cell,plasma_cell,True
CVCL_2972,CVCL_5209,0.5109558701515198,plasma_cell,plasma_cell,True
CVCL_2972,CVCL_E333,0.508017897605896,plasma_cell,plasma_cell,True
CVCL_2972,CVCL_1600,0.49318766593933105,plasma_cell,plasma_cell,True
CVCL_2972,CVCL_2994,0.4850926697254181,plasma_cell,plasma_cell,True
CVCL_2972,CVCL_1625,0.47162437438964844,plasma_cell,plasma_cell,True
CVCL_2972,CVCL_1699,0.4710405766963959,plasma_cell,plasma_cell,True
CVCL_2972,CVCL_1823,0.4663532078266144,plasma_cell,plasma_cell,True
CVCL_2972,CVCL_5210,0.43370071053504944,plasma_cell,plasma_cell,True
CVCL_2972,CVCL_1334,0.4282194972038269,plasma_cell,plasma_cell,True
CVCL_2972,CVCL_2992,0.4184190034866333,plasma_cell,plasma_cell,True
CVCL_2976,CVCL_3032,0.5491393208503723,lymphocyte,lymphocyte,True
CVCL_2976,CVCL_1126,0.5472970008850098,lymphocyte,blood,False
CVCL_2976,CVCL_RL84,0.5126868486404419,lymphocyte,lymphocyte,True
CVCL_2976,CVCL_1630,0.5114237070083618,lymphocyte,blood,False
CVCL_2976,CVCL_1327,0.5072979927062988,lymphocyte,blood,False
CVCL_2976,CVCL_8796,0.501992404460907,lymphocyte,lymphocyte,True
CVCL_2976,CVCL_3526,0.49597668647766113,lymphocyte,lymphocyte,True
CVCL_2976,CVCL_2022,0.4756096601486206,lymphocyte,blood,False
CVCL_2976,CVCL_H614,0.4741542339324951,lymphocyte,lymphocyte,True
CVCL_2976,CVCL_1380,0.4640887379646301,lymphocyte,blood,False
CVCL_2977,CVCL_1808,0.5719592571258545,urinary_tract,urinary_tract,True
CVCL_2977,CVCL_5005,0.5547539591789246,urinary_tract,upper_aerodigestive,False
CVCL_2977,CVCL_1767,0.5509957075119019,urinary_tract,esophagus,False
CVCL_2977,CVCL_L085,0.5261000990867615,urinary_tract,upper_aerodigestive,False
CVCL_2977,CVCL_4718,0.5027180910110474,urinary_tract,pancreas,False
CVCL_2977,CVCL_2678,0.49529895186424255,urinary_tract,upper_aerodigestive,False
CVCL_2977,CVCL_6950,0.4920080304145813,urinary_tract,cervix,False
CVCL_2977,CVCL_1482,0.4853387475013733,urinary_tract,lung,False
CVCL_2979,CVCL_B371,0.6730767488479614,lymphocyte,lymphocyte,True
CVCL_2979,CVCL_1660,0.6632023453712463,lymphocyte,lymphocyte,True
CVCL_2979,CVCL_1735,0.6475584506988525,lymphocyte,lymphocyte,True
CVCL_2979,CVCL_0539,0.6360087394714355,lymphocyte,lymphocyte,True
CVCL_2979,CVCL_2676,0.6169326305389404,lymphocyte,lymphocyte,True
CVCL_2979,CVCL_1399,0.6062811613082886,lymphocyte,lymphocyte,True
CVCL_2979,CVCL_0511,0.6040230989456177,lymphocyte,lymphocyte,True
CVCL_2979,CVCL_1793,0.596956729888916,lymphocyte,lymphocyte,True
CVCL_2979,CVCL_0008,0.5915884971618652,lymphocyte,lymphocyte,True
CVCL_2979,CVCL_1290,0.5913192629814148,lymphocyte,lymphocyte,True
CVCL_2979,CVCL_1179,0.5906955599784851,lymphocyte,lymphocyte,True
CVCL_2979,CVCL_1087,0.588504433631897,lymphocyte,lymphocyte,True
CVCL_2979,CVCL_1222,0.5878534317016602,lymphocyte,lymphocyte,True
CVCL_2979,CVCL_1889,0.5866813063621521,lymphocyte,lymphocyte,True
CVCL_2980,CVCL_2019,0.42224982380867004,soft_tissue,fibroblast,False
CVCL_2980,CVCL_0846,0.4153345823287964,soft_tissue,fibroblast,False
CVCL_2980,CVCL_0715,0.41087082028388977,soft_tissue,fibroblast,False
CVCL_2980,CVCL_0993,0.40559911727905273,soft_tissue,fibroblast,False
CVCL_2980,CVCL_0819,0.4008815884590149,soft_tissue,fibroblast,False
CVCL_2980,CVCL_0698,0.39811086654663086,soft_tissue,fibroblast,False
CVCL_2980,CVCL_3167,0.39646801352500916,soft_tissue,uterus,False
CVCL_2980,CVCL_0882,0.3962307572364807,soft_tissue,fibroblast,False
CVCL_2980,CVCL_1809,0.39124491810798645,soft_tissue,bone,False
CVCL_2980,CVCL_A1UY,0.38792917132377625,soft_tissue,soft_tissue,True
CVCL_2980,CVCL_M823,0.37922585010528564,soft_tissue,soft_tissue,True
CVCL_2980,CVCL_2255,0.37602129578590393,soft_tissue,fibroblast,False
CVCL_2980,CVCL_0582,0.3738399147987366,soft_tissue,thyroid,False
CVCL_2980,CVCL_1R16,0.37320131063461304,soft_tissue,central_nervous_system,False
CVCL_2980,CVCL_0871,0.36915138363838196,soft_tissue,soft_tissue,True
CVCL_2981,CVCL_2991,0.5154286623001099,plasma_cell,plasma_cell,True
CVCL_2981,CVCL_E333,0.5107083320617676,plasma_cell,plasma_cell,True
CVCL_2981,CVCL_0566,0.4827630817890167,plasma_cell,plasma_cell,True
CVCL_2981,CVCL_1625,0.4679822623729706,plasma_cell,plasma_cell,True
CVCL_2981,CVCL_5210,0.4556884467601776,plasma_cell,plasma_cell,True
CVCL_2981,CVCL_5209,0.45137646794319153,plasma_cell,plasma_cell,True
CVCL_2981,CVCL_1600,0.4455544650554657,plasma_cell,plasma_cell,True
CVCL_2981,CVCL_2030,0.43453654646873474,plasma_cell,plasma_cell,True
CVCL_2981,CVCL_2992,0.43047022819519043,plasma_cell,plasma_cell,True
CVCL_2981,CVCL_5158,0.4159269332885742,plasma_cell,lung,False
CVCL_2981,CVCL_0012,0.40539970993995667,plasma_cell,plasma_cell,True
CVCL_2981,CVCL_1064,0.4040549397468567,plasma_cell,lymphocyte,False
CVCL_2983,CVCL_B076,0.5029126405715942,kidney,kidney,True
CVCL_2983,CVCL_E115,0.5007032752037048,kidney,uterus,False
CVCL_2983,CVCL_2984,0.4889298677444458,kidney,kidney,True
CVCL_2983,CVCL_1050,0.44077154994010925,kidney,kidney,True
CVCL_2983,CVCL_0234,0.4298669695854187,kidney,kidney,True
CVCL_2983,CVCL_8788,0.4243159294128418,kidney,kidney,True
CVCL_2983,CVCL_V612,0.4111987054347992,kidney,kidney,True
CVCL_2983,CVCL_1911,0.40922412276268005,kidney,kidney,True
CVCL_2983,CVCL_1791,0.400871217250824,kidney,kidney,True
CVCL_2983,CVCL_5957,0.3983009457588196,kidney,kidney,True
CVCL_2983,CVCL_5952,0.39447343349456787,kidney,kidney,True
CVCL_2983,CVCL_1721,0.3928506076335907,kidney,urinary_tract,False
CVCL_2983,CVCL_1626,0.3877727687358856,kidney,kidney,True
CVCL_2983,CVCL_1719,0.38458073139190674,kidney,kidney,True
CVCL_2984,CVCL_8788,0.7387315034866333,kidney,kidney,True
CVCL_2984,CVCL_6186,0.6645275354385376,kidney,kidney,True
CVCL_2984,CVCL_V610,0.6414984464645386,kidney,kidney,True
CVCL_2984,CVCL_5957,0.6332306861877441,kidney,kidney,True
CVCL_2984,CVCL_V607,0.5985738635063171,kidney,kidney,True
CVCL_2984,CVCL_V612,0.5973629951477051,kidney,kidney,True
CVCL_2984,CVCL_5953,0.5859975218772888,kidney,kidney,True
CVCL_2984,CVCL_2985,0.5535096526145935,kidney,kidney,True
CVCL_2985,CVCL_6186,0.6580869555473328,kidney,kidney,True
CVCL_2985,CVCL_5054,0.6436859965324402,kidney,kidney,True
CVCL_2985,CVCL_8788,0.6412222981452942,kidney,kidney,True
CVCL_2985,CVCL_V610,0.6203514933586121,kidney,kidney,True
CVCL_2985,CVCL_5953,0.5680359601974487,kidney,kidney,True
CVCL_2985,CVCL_V607,0.5550629496574402,kidney,kidney,True
CVCL_2985,CVCL_5952,0.5471398234367371,kidney,kidney,True
CVCL_2985,CVCL_5957,0.5308021903038025,kidney,kidney,True
CVCL_2985,CVCL_1721,0.5216711163520813,kidney,urinary_tract,False
CVCL_2985,CVCL_1791,0.5136920809745789,kidney,kidney,True
CVCL_2986,CVCL_V610,0.5930666923522949,kidney,kidney,True
CVCL_2986,CVCL_1050,0.5365223288536072,kidney,kidney,True
CVCL_2986,CVCL_B076,0.5257991552352905,kidney,kidney,True
CVCL_2986,CVCL_1065,0.5199868679046631,kidney,kidney,True
CVCL_2986,CVCL_V607,0.5194106698036194,kidney,kidney,True
CVCL_2986,CVCL_8788,0.5178690552711487,kidney,kidney,True
CVCL_2986,CVCL_1626,0.5162801146507263,kidney,kidney,True
CVCL_2986,CVCL_6186,0.5134382247924805,kidney,kidney,True
CVCL_2986,CVCL_5957,0.5090047121047974,kidney,kidney,True
CVCL_2989,CVCL_2992,0.6122875809669495,plasma_cell,plasma_cell,True
CVCL_2989,CVCL_5210,0.6052911877632141,plasma_cell,plasma_cell,True
CVCL_2989,CVCL_2995,0.5971099138259888,plasma_cell,plasma_cell,True
CVCL_2989,CVCL_2994,0.5944044589996338,plasma_cell,plasma_cell,True
CVCL_2989,CVCL_1625,0.5168279409408569,plasma_cell,plasma_cell,True
CVCL_2989,CVCL_8792,0.5088186264038086,plasma_cell,plasma_cell,True
CVCL_2989,CVCL_2996,0.4895314872264862,plasma_cell,plasma_cell,True
CVCL_2989,CVCL_E332,0.4765506386756897,plasma_cell,plasma_cell,True
CVCL_2989,CVCL_0566,0.46756818890571594,plasma_cell,plasma_cell,True
CVCL_2989,CVCL_1600,0.46550309658050537,plasma_cell,plasma_cell,True
CVCL_2989,CVCL_1806,0.4320361316204071,plasma_cell,plasma_cell,True
CVCL_2989,CVCL_1699,0.42280927300453186,plasma_cell,plasma_cell,True
CVCL_2989,CVCL_1357,0.4147314727306366,plasma_cell,plasma_cell,True
CVCL_2991,CVCL_5209,0.558693528175354,plasma_cell,plasma_cell,True
CVCL_2991,CVCL_E333,0.5234074592590332,plasma_cell,plasma_cell,True
CVCL_2991,CVCL_2123,0.5210481286048889,plasma_cell,plasma_cell,True
CVCL_2991,CVCL_0012,0.519877016544342,plasma_cell,plasma_cell,True
CVCL_2991,CVCL_1600,0.5161277651786804,plasma_cell,plasma_cell,True
CVCL_2991,CVCL_1823,0.5160229802131653,plasma_cell,plasma_cell,True
CVCL_2991,CVCL_8792,0.4931676387786865,plasma_cell,plasma_cell,True
CVCL_2991,CVCL_1625,0.4930872321128845,plasma_cell,plasma_cell,True
CVCL_2992,CVCL_E332,0.6768325567245483,plasma_cell,plasma_cell,True
CVCL_2992,CVCL_2994,0.6758618950843811,plasma_cell,plasma_cell,True
CVCL_2992,CVCL_5210,0.6753458380699158,plasma_cell,plasma_cell,True
CVCL_2992,CVCL_8792,0.6289426684379578,plasma_cell,plasma_cell,True
CVCL_2992,CVCL_2996,0.6273573040962219,plasma_cell,plasma_cell,True
CVCL_2992,CVCL_2993,0.6154832243919373,plasma_cell,plasma_cell,True
CVCL_2993,CVCL_2996,0.6104241013526917,plasma_cell,plasma_cell,True
CVCL_2993,CVCL_8792,0.6027899980545044,plasma_cell,plasma_cell,True
CVCL_2993,CVCL_E332,0.5558624267578125,plasma_cell,plasma_cell,True
CVCL_2993,CVCL_5209,0.54045569896698,plasma_cell,plasma_cell,True
CVCL_2993,CVCL_5210,0.523013710975647,plasma_cell,plasma_cell,True
CVCL_2993,CVCL_1806,0.5089900493621826,plasma_cell,plasma_cell,True
CVCL_2993,CVCL_1823,0.4967649281024933,plasma_cell,plasma_cell,True
CVCL_2994,CVCL_2995,0.743270218372345,plasma_cell,plasma_cell,True
CVCL_2994,CVCL_5210,0.5698872804641724,plasma_cell,plasma_cell,True
CVCL_2994,CVCL_2996,0.5512163639068604,plasma_cell,plasma_cell,True
CVCL_2994,CVCL_8792,0.5435124039649963,plasma_cell,plasma_cell,True
CVCL_2994,CVCL_1357,0.5096017718315125,plasma_cell,plasma_cell,True
CVCL_2994,CVCL_2993,0.49251338839530945,plasma_cell,plasma_cell,True
CVCL_2994,CVCL_0566,0.48653602600097656,plasma_cell,plasma_cell,True
CVCL_2994,CVCL_5209,0.48612281680107117,plasma_cell,plasma_cell,True
CVCL_2995,CVCL_5210,0.530535876750946,plasma_cell,plasma_cell,True
CVCL_2995,CVCL_1625,0.5283782482147217,plasma_cell,plasma_cell,True
CVCL_2995,CVCL_2992,0.519912838935852,plasma_cell,plasma_cell,True
CVCL_2995,CVCL_2996,0.4760233163833618,plasma_cell,plasma_cell,True
CVCL_2995,CVCL_8792,0.45563772320747375,plasma_cell,plasma_cell,True
CVCL_2995,CVCL_0012,0.450664222240448,plasma_cell,plasma_cell,True
CVCL_2995,CVCL_1699,0.4465935528278351,plasma_cell,plasma_cell,True
CVCL_2995,CVCL_1600,0.44325026869773865,plasma_cell,plasma_cell,True
CVCL_2995,CVCL_1806,0.41898027062416077,plasma_cell,plasma_cell,True
CVCL_2995,CVCL_2078,0.4106748104095459,plasma_cell,plasma_cell,True
CVCL_2995,CVCL_2993,0.394345223903656,plasma_cell,plasma_cell,True
CVCL_2995,CVCL_0566,0.3938700258731842,plasma_cell,plasma_cell,True
CVCL_2995,CVCL_5209,0.38693565130233765,plasma_cell,plasma_cell,True
CVCL_2996,CVCL_8792,0.5810959935188293,plasma_cell,plasma_cell,True
CVCL_2996,CVCL_1600,0.544883131980896,plasma_cell,plasma_cell,True
CVCL_2996,CVCL_E332,0.5438519716262817,plasma_cell,plasma_cell,True
CVCL_2996,CVCL_5210,0.5347929000854492,plasma_cell,plasma_cell,True
CVCL_2996,CVCL_1806,0.5068953633308411,plasma_cell,plasma_cell,True
CVCL_2996,CVCL_5209,0.4972504675388336,plasma_cell,plasma_cell,True
CVCL_3001,CVCL_1761,0.559288740158081,upper_aerodigestive,esophagus,False
CVCL_3001,CVCL_1086,0.5516909956932068,upper_aerodigestive,upper_aerodigestive,True
CVCL_3001,CVCL_1287,0.5437524318695068,upper_aerodigestive,upper_aerodigestive,True
CVCL_3001,CVCL_2582,0.5395746231079102,upper_aerodigestive,lung,False
CVCL_3001,CVCL_1767,0.5327355861663818,upper_aerodigestive,esophagus,False
CVCL_3001,CVCL_1063,0.5283454060554504,upper_aerodigestive,epidermoid_carcinoma,False
CVCL_3001,CVCL_3160,0.5256366729736328,upper_aerodigestive,upper_aerodigestive,True
CVCL_3001,CVCL_2681,0.5180285573005676,upper_aerodigestive,upper_aerodigestive,True
CVCL_3001,CVCL_3599,0.5079227089881897,upper_aerodigestive,urinary_tract,False
CVCL_3001,CVCL_2784,0.49749478697776794,upper_aerodigestive,upper_aerodigestive,True
CVCL_3001,CVCL_5137,0.4970822036266327,upper_aerodigestive,lung,False
CVCL_3001,CVCL_2661,0.49188947677612305,upper_aerodigestive,esophagus,False
CVCL_3001,CVCL_1675,0.4851819574832916,upper_aerodigestive,upper_aerodigestive,True
CVCL_3004,CVCL_4717,0.534393846988678,pancreas,pancreas,True
CVCL_3004,CVCL_0026,0.47733181715011597,pancreas,pancreas,True
CVCL_3004,CVCL_5034,0.47622281312942505,pancreas,pancreas,True
CVCL_3004,CVCL_1634,0.4539414942264557,pancreas,pancreas,True
CVCL_3004,CVCL_EG28,0.43871310353279114,pancreas,colorectal,False
CVCL_3004,CVCL_1131,0.4273008704185486,pancreas,esophagus,False
CVCL_3004,CVCL_1652,0.41761693358421326,pancreas,lung,False
CVCL_3004,CVCL_1633,0.41270408034324646,pancreas,pancreas,True
CVCL_3004,CVCL_1764,0.40760916471481323,pancreas,esophagus,False
CVCL_3004,CVCL_M261,0.40470457077026367,pancreas,bile_duct,False
CVCL_3004,CVCL_1300,0.4043826162815094,pancreas,pancreas,True
CVCL_3004,CVCL_L085,0.403374582529068,pancreas,upper_aerodigestive,False
CVCL_3004,CVCL_1482,0.4013935923576355,pancreas,lung,False
CVCL_3005,CVCL_1628,0.4133181869983673,pancreas,ovary,False
CVCL_3005,CVCL_5599,0.37487921118736267,pancreas,bile_duct,False
CVCL_3005,CVCL_3178,0.3602592349052429,pancreas,pancreas,True
CVCL_3005,CVCL_6899,0.358407199382782,pancreas,bile_duct,False
CVCL_3005,CVCL_0609,0.3570933938026428,pancreas,lung,False
CVCL_3005,CVCL_3172,0.3519938290119171,pancreas,pancreas,True
CVCL_3005,CVCL_0152,0.34745946526527405,pancreas,pancreas,True
CVCL_3005,CVCL_0078,0.34722426533699036,pancreas,gastric,False
CVCL_3005,CVCL_LM84,0.3405073583126068,pancreas,pancreas,True
CVCL_3005,CVCL_4896,0.3388323187828064,pancreas,bile_duct,False
CVCL_3005,CVCL_1790,0.33508825302124023,pancreas,kidney,False
CVCL_3005,CVCL_A1VI,0.33050644397735596,pancreas,bile_duct,False
CVCL_3005,CVCL_2742,0.3293980658054352,pancreas,kidney,False
CVCL_3005,CVCL_5089,0.31502845883369446,pancreas,liver,False
CVCL_3005,CVCL_5136,0.31441882252693176,pancreas,lung,False
CVCL_3007,CVCL_1479,0.3971961438655853,soft_tissue,lung,False
CVCL_3007,CVCL_1577,0.3662097454071045,soft_tissue,lung,False
CVCL_3007,CVCL_0134,0.31411683559417725,soft_tissue,ovary,False
CVCL_3007,CVCL_1Y70,0.31341004371643066,soft_tissue,peripheral_nervous_system,False
CVCL_3007,CVCL_8005,0.3125556707382202,soft_tissue,soft_tissue,True
CVCL_3007,CVCL_1567,0.30443140864372253,soft_tissue,lung,False
CVCL_3007,CVCL_0077,0.30177468061447144,soft_tissue,liver,False
CVCL_3007,CVCL_1755,0.2993599772453308,soft_tissue,soft_tissue,True
CVCL_3007,CVCL_3612,0.2904687821865082,soft_tissue,ovary,False
CVCL_3007,CVCL_0542,0.27696800231933594,soft_tissue,adrenal_cortex,False
CVCL_3007,CVCL_1301,0.2666001319885254,soft_tissue,gastric,False
CVCL_3007,CVCL_1279,0.26390963792800903,soft_tissue,gastric,False
CVCL_3007,CVCL_VU69,0.25543084740638733,soft_tissue,ovary,False
CVCL_3007,CVCL_6C44,0.2535032331943512,soft_tissue,soft_tissue,True
CVCL_3015,CVCL_5128,0.36374959349632263,lung,lung,True
CVCL_3015,CVCL_4402,0.3545672595500946,lung,lung,True
CVCL_3015,CVCL_4W66,0.3191074728965759,lung,central_nervous_system,False
CVCL_3015,CVCL_1518,0.3172764480113983,lung,lung,True
CVCL_3015,CVCL_1070,0.3127024471759796,lung,central_nervous_system,False
CVCL_3015,CVCL_3603,0.31228309869766235,lung,thyroid,False
CVCL_3015,CVCL_8878,0.31134656071662903,lung,ovary,False
CVCL_3015,CVCL_1054,0.30725452303886414,lung,thyroid,False
CVCL_3015,CVCL_2270,0.3039860725402832,lung,bone,False
CVCL_3015,CVCL_5126,0.30372756719589233,lung,lung,True
CVCL_3015,CVCL_1381,0.2976129353046417,lung,skin,False
CVCL_3020,CVCL_4897,0.4908025562763214,ovary,pancreas,False
CVCL_3020,CVCL_5016,0.47316741943359375,ovary,colorectal,False
CVCL_3020,CVCL_0026,0.4689059257507324,ovary,pancreas,False
CVCL_3020,CVCL_1119,0.46224746108055115,ovary,pancreas,False
CVCL_3020,CVCL_A1UH,0.4560326635837555,ovary,pancreas,False
CVCL_3020,CVCL_A1VC,0.4553335905075073,ovary,bile_duct,False
CVCL_3020,CVCL_5034,0.4538440704345703,ovary,pancreas,False
CVCL_3020,CVCL_A1VG,0.4523025453090668,ovary,bile_duct,False
CVCL_3020,CVCL_A1VH,0.44323045015335083,ovary,bile_duct,False
CVCL_3020,CVCL_M465,0.43987998366355896,ovary,pancreas,False
CVCL_3020,CVCL_S507,0.43874630331993103,ovary,pancreas,False
CVCL_3020,CVCL_M466,0.4280000329017639,ovary,pancreas,False
CVCL_3032,CVCL_RL84,0.6590010523796082,lymphocyte,lymphocyte,True
CVCL_3032,CVCL_1424,0.5585576891899109,lymphocyte,blood,False
CVCL_3032,CVCL_8796,0.5431394577026367,lymphocyte,lymphocyte,True
CVCL_3032,CVCL_H614,0.528380274772644,lymphocyte,lymphocyte,True
CVCL_3032,CVCL_1126,0.5271164774894714,lymphocyte,blood,False
CVCL_3032,CVCL_3526,0.5252265930175781,lymphocyte,lymphocyte,True
CVCL_3032,CVCL_1630,0.5156792998313904,lymphocyte,blood,False
CVCL_3032,CVCL_1327,0.5018881559371948,lymphocyte,blood,False
CVCL_3055,CVCL_3152,0.6608346104621887,gastric,gastric,True
CVCL_3055,CVCL_1767,0.5253325700759888,gastric,esophagus,False
CVCL_3055,CVCL_2312,0.5089114308357239,gastric,upper_aerodigestive,False
CVCL_3055,CVCL_1086,0.5038968324661255,gastric,upper_aerodigestive,False
CVCL_3055,CVCL_4056,0.49363547563552856,gastric,pancreas,False
CVCL_3055,CVCL_2232,0.49025532603263855,gastric,upper_aerodigestive,False
CVCL_3055,CVCL_1289,0.4804293215274811,gastric,upper_aerodigestive,False
CVCL_3055,CVCL_1763,0.47918960452079773,gastric,esophagus,False
CVCL_3055,CVCL_1685,0.4734307825565338,gastric,upper_aerodigestive,False
CVCL_3055,CVCL_3174,0.4710250496864319,gastric,esophagus,False
CVCL_3055,CVCL_1670,0.4698527753353119,gastric,urinary_tract,False
CVCL_3055,CVCL_5005,0.46620744466781616,gastric,upper_aerodigestive,False
CVCL_3055,CVCL_A429,0.46266868710517883,gastric,bile_duct,False
CVCL_3075,CVCL_5069,0.5717098116874695,central_nervous_system,central_nervous_system,True
CVCL_3075,CVCL_5010,0.5633485913276672,central_nervous_system,central_nervous_system,True
CVCL_3075,CVCL_3957,0.5187355279922485,central_nervous_system,central_nervous_system,True
CVCL_3075,CVCL_1117,0.5088880062103271,central_nervous_system,central_nervous_system,True
CVCL_3075,CVCL_0846,0.48446473479270935,central_nervous_system,fibroblast,False
CVCL_3075,CVCL_5033,0.46831390261650085,central_nervous_system,central_nervous_system,True
CVCL_3075,CVCL_4W66,0.4640445113182068,central_nervous_system,central_nervous_system,True
CVCL_3075,CVCL_8585,0.4610651731491089,central_nervous_system,central_nervous_system,True
CVCL_3075,CVCL_0844,0.4592687487602234,central_nervous_system,central_nervous_system,True
CVCL_3075,CVCL_1323,0.4523507356643677,central_nervous_system,central_nervous_system,True
CVCL_3075,CVCL_1798,0.4487961232662201,central_nervous_system,central_nervous_system,True
CVCL_3079,CVCL_1628,0.3804883360862732,bile_duct,ovary,False
CVCL_3079,CVCL_1987,0.351621150970459,bile_duct,colorectal,False
CVCL_3079,CVCL_5016,0.33559417724609375,bile_duct,colorectal,False
CVCL_3079,CVCL_1794,0.32877829670906067,bile_duct,pancreas,False
CVCL_3079,CVCL_5101,0.3227032423019409,bile_duct,bile_duct,True
CVCL_3079,CVCL_0313,0.3222108483314514,bile_duct,pancreas,False
CVCL_3079,CVCL_1638,0.32151713967323303,bile_duct,pancreas,False
CVCL_3079,CVCL_1725,0.3196479380130768,bile_duct,colorectal,False
CVCL_3079,CVCL_A1VC,0.31916725635528564,bile_duct,bile_duct,True
CVCL_3079,CVCL_1978,0.3089620769023895,bile_duct,colorectal,False
CVCL_3079,CVCL_1465,0.3062765300273895,bile_duct,lung,False
CVCL_3079,CVCL_5002,0.30145010352134705,bile_duct,colorectal,False
CVCL_3079,CVCL_5159,0.2948817312717438,bile_duct,lung,False
CVCL_3079,CVCL_5015,0.29377463459968567,bile_duct,bile_duct,True
CVCL_3082,CVCL_LM84,0.5385599136352539,gastric,pancreas,False
CVCL_3082,CVCL_0320,0.5282368063926697,gastric,colorectal,False
CVCL_3082,CVCL_8877,0.4980606436729431,gastric,gastric,True
CVCL_3082,CVCL_1622,0.4808856248855591,gastric,esophagus,False
CVCL_3082,CVCL_4846,0.4790140986442566,gastric,gastric,True
CVCL_3082,CVCL_A1VI,0.4758756160736084,gastric,bile_duct,False
CVCL_3082,CVCL_5098,0.47329020500183105,gastric,colorectal,False
CVCL_3082,CVCL_5072,0.47322770953178406,gastric,gastric,True
CVCL_3082,CVCL_2961,0.46301040053367615,gastric,gastric,True
CVCL_3082,CVCL_0101,0.4598596394062042,gastric,gastric,True
CVCL_3082,CVCL_0313,0.4410300552845001,gastric,pancreas,False
CVCL_3082,CVCL_EG22,0.44034940004348755,gastric,colorectal,False
CVCL_3083,CVCL_2788,0.324720174074173,bile_duct,liver,False
CVCL_3083,CVCL_2956,0.3083735704421997,bile_duct,liver,False
CVCL_3083,CVCL_1056,0.29548513889312744,bile_duct,kidney,False
CVCL_3083,CVCL_4902,0.2947114109992981,bile_duct,bile_duct,True
CVCL_3083,CVCL_1508,0.28834521770477295,bile_duct,lung,False
CVCL_3083,CVCL_0234,0.2859703004360199,bile_duct,kidney,False
CVCL_3083,CVCL_1274,0.28571411967277527,bile_duct,uterus,False
CVCL_3083,CVCL_B076,0.28436994552612305,bile_duct,kidney,False
CVCL_3083,CVCL_1655,0.2810814380645752,bile_duct,lung,False
CVCL_3083,CVCL_5089,0.2743314802646637,bile_duct,liver,False
CVCL_3083,CVCL_5102,0.27262505888938904,bile_duct,liver,False
CVCL_3083,CVCL_1911,0.2711043953895569,bile_duct,kidney,False
CVCL_3083,CVCL_1085,0.26970672607421875,bile_duct,thyroid,False
CVCL_3083,CVCL_5103,0.265238881111145,bile_duct,liver,False
CVCL_3083,CVCL_3840,0.26434850692749023,bile_duct,liver,False
CVCL_3084,CVCL_1648,0.6392731070518494,gastric,colorectal,False
CVCL_3084,CVCL_1294,0.5898359417915344,gastric,colorectal,False
CVCL_3084,CVCL_1382,0.5871342420578003,gastric,colorectal,False
CVCL_3084,CVCL_5038,0.5856226086616516,gastric,bile_duct,False
CVCL_3084,CVCL_1386,0.5847869515419006,gastric,colorectal,False
CVCL_3084,CVCL_1982,0.5750932097434998,gastric,colorectal,False
CVCL_3084,CVCL_1718,0.5749958753585815,gastric,colorectal,False
CVCL_3084,CVCL_0626,0.5723674297332764,gastric,colorectal,False
CVCL_3084,CVCL_5002,0.5688484311103821,gastric,colorectal,False
CVCL_3084,CVCL_EG22,0.5681840777397156,gastric,colorectal,False
CVCL_3084,CVCL_4846,0.5664291977882385,gastric,gastric,True
CVCL_3084,CVCL_4645,0.5587465763092041,gastric,ovary,False
CVCL_3084,CVCL_0320,0.5517288446426392,gastric,colorectal,False
CVCL_3084,CVCL_5250,0.5512080192565918,gastric,colorectal,False
CVCL_3084,CVCL_0545,0.5491476058959961,gastric,colorectal,False
CVCL_3086,CVCL_1063,0.6963863372802734,upper_aerodigestive,epidermoid_carcinoma,False
CVCL_3086,CVCL_2222,0.6865068674087524,upper_aerodigestive,upper_aerodigestive,True
CVCL_3086,CVCL_2679,0.6711695790290833,upper_aerodigestive,upper_aerodigestive,True
CVCL_3086,CVCL_3599,0.6644814610481262,upper_aerodigestive,urinary_tract,False
CVCL_3086,CVCL_0037,0.6590630412101746,upper_aerodigestive,skin,False
CVCL_3086,CVCL_2661,0.6574708819389343,upper_aerodigestive,esophagus,False
CVCL_3086,CVCL_1681,0.6431940793991089,upper_aerodigestive,upper_aerodigestive,True
CVCL_3086,CVCL_3160,0.6364678144454956,upper_aerodigestive,upper_aerodigestive,True
CVCL_3086,CVCL_1287,0.6349651217460632,upper_aerodigestive,upper_aerodigestive,True
CVCL_3086,CVCL_2221,0.6347849369049072,upper_aerodigestive,upper_aerodigestive,True
CVCL_3086,CVCL_1091,0.6322560906410217,upper_aerodigestive,prostate,False
CVCL_3086,CVCL_1102,0.6316028833389282,upper_aerodigestive,upper_aerodigestive,True
CVCL_3087,CVCL_3086,0.617503821849823,upper_aerodigestive,upper_aerodigestive,True
CVCL_3087,CVCL_1289,0.5675155520439148,upper_aerodigestive,upper_aerodigestive,True
CVCL_3087,CVCL_2222,0.5627894997596741,upper_aerodigestive,upper_aerodigestive,True
CVCL_3087,CVCL_2679,0.557991623878479,upper_aerodigestive,upper_aerodigestive,True
CVCL_3087,CVCL_6950,0.5556411743164062,upper_aerodigestive,cervix,False
CVCL_3087,CVCL_2232,0.5549785494804382,upper_aerodigestive,upper_aerodigestive,True
CVCL_3087,CVCL_1287,0.5525987148284912,upper_aerodigestive,upper_aerodigestive,True
CVCL_3087,CVCL_2680,0.5502098202705383,upper_aerodigestive,upper_aerodigestive,True
CVCL_3087,CVCL_2308,0.5489813089370728,upper_aerodigestive,upper_aerodigestive,True
CVCL_3087,CVCL_2229,0.5439043045043945,upper_aerodigestive,upper_aerodigestive,True
CVCL_3087,CVCL_1107,0.5418335795402527,upper_aerodigestive,upper_aerodigestive,True
CVCL_3087,CVCL_1060,0.5400713086128235,upper_aerodigestive,upper_aerodigestive,True
CVCL_3087,CVCL_3599,0.5372244119644165,upper_aerodigestive,urinary_tract,False
CVCL_3087,CVCL_1063,0.53648442029953,upper_aerodigestive,epidermoid_carcinoma,False
CVCL_3087,CVCL_8929,0.5359078645706177,upper_aerodigestive,upper_aerodigestive,True
CVCL_3088,CVCL_8065,0.5807964205741882,colorectal,uterus,False
CVCL_3088,CVCL_3152,0.47372451424598694,colorectal,gastric,False
CVCL_3088,CVCL_4381,0.47279417514801025,colorectal,liver,False
CVCL_3088,CVCL_L280,0.42036041617393494,colorectal,embryo,False
CVCL_3088,CVCL_8764,0.41325125098228455,colorectal,colorectal,True
CVCL_3088,CVCL_3055,0.41070595383644104,colorectal,gastric,False
CVCL_3088,CVCL_1979,0.39450621604919434,colorectal,colorectal,True
CVCL_3088,CVCL_1291,0.3886735439300537,colorectal,urinary_tract,False
CVCL_3088,CVCL_3407,0.37721750140190125,colorectal,embryo,False
CVCL_3088,CVCL_1523,0.37520548701286316,colorectal,lung,False
CVCL_3088,CVCL_1497,0.36356934905052185,colorectal,lung,False
CVCL_3110,CVCL_5014,0.5407965183258057,ovary,ovary,True
CVCL_3110,CVCL_1627,0.5098352432250977,ovary,ovary,True
CVCL_3110,CVCL_4647,0.5075295567512512,ovary,ovary,True
CVCL_3110,CVCL_4649,0.504728376865387,ovary,ovary,True
CVCL_3110,CVCL_B079,0.48528897762298584,ovary,ovary,True
CVCL_3110,CVCL_3114,0.4744707942008972,ovary,ovary,True
CVCL_3110,CVCL_2420,0.457154780626297,ovary,ovary,True
CVCL_3111,CVCL_3116,0.5803526639938354,ovary,ovary,True
CVCL_3111,CVCL_E063,0.5508890748023987,ovary,uterus,False
CVCL_3111,CVCL_DH06,0.5419231653213501,ovary,ovary,True
CVCL_3111,CVCL_4658,0.5393249988555908,ovary,uterus,False
CVCL_3111,CVCL_3867,0.5331627726554871,ovary,uterus,False
CVCL_3111,CVCL_5007,0.47645771503448486,ovary,uterus,False
CVCL_3111,CVCL_3117,0.4742107391357422,ovary,ovary,True
CVCL_3111,CVCL_2930,0.46648675203323364,ovary,uterus,False
CVCL_3111,CVCL_0029,0.4341427981853485,ovary,ovary,True
CVCL_3111,CVCL_0532,0.42890995740890503,ovary,ovary,True
CVCL_3114,CVCL_4649,0.5490344762802124,ovary,ovary,True
CVCL_3114,CVCL_5014,0.5347049832344055,ovary,ovary,True
CVCL_3114,CVCL_4655,0.4885781705379486,ovary,uterus,False
CVCL_3116,CVCL_5007,0.6026183366775513,ovary,uterus,False
CVCL_3116,CVCL_E063,0.5945594906806946,ovary,uterus,False
CVCL_3116,CVCL_DH06,0.5376918315887451,ovary,ovary,True
CVCL_3116,CVCL_4658,0.5240010023117065,ovary,uterus,False
CVCL_3116,CVCL_3117,0.4802628457546234,ovary,ovary,True
CVCL_3117,CVCL_4658,0.5353958606719971,ovary,uterus,False
CVCL_3117,CVCL_1111,0.5352573394775391,ovary,kidney,False
CVCL_3117,CVCL_E063,0.512557864189148,ovary,uterus,False
CVCL_3117,CVCL_E115,0.47798454761505127,ovary,uterus,False
CVCL_3117,CVCL_DH06,0.47779205441474915,ovary,ovary,True
CVCL_3117,CVCL_5007,0.46418288350105286,ovary,uterus,False
CVCL_3143,CVCL_1175,0.5905208587646484,pancreas,lung,False
CVCL_3143,CVCL_1466,0.5729134678840637,pancreas,lung,False
CVCL_3143,CVCL_1082,0.5613439679145813,pancreas,lung,False
CVCL_3143,CVCL_1522,0.5605053305625916,pancreas,lung,False
CVCL_3143,CVCL_1128,0.5556967854499817,pancreas,lung,False
CVCL_3143,CVCL_5129,0.5551257133483887,pancreas,lung,False
CVCL_3143,CVCL_1525,0.5505263805389404,pancreas,lung,False
CVCL_3143,CVCL_1516,0.5503991842269897,pancreas,lung,False
CVCL_3143,CVCL_2438,0.5439041256904602,pancreas,lung,False
CVCL_3143,CVCL_1141,0.5419670343399048,pancreas,lung,False
CVCL_3143,CVCL_1693,0.53359454870224,pancreas,lung,False
CVCL_3143,CVCL_2418,0.5220910310745239,pancreas,lung,False
CVCL_3143,CVCL_1387,0.5191375613212585,pancreas,lung,False
CVCL_3143,CVCL_1539,0.5166734457015991,pancreas,lung,False
CVCL_3152,CVCL_1767,0.4605761170387268,gastric,esophagus,False
CVCL_3152,CVCL_1611,0.4413492679595947,gastric,gastric,True
CVCL_3152,CVCL_2312,0.43812042474746704,gastric,upper_aerodigestive,False
CVCL_3152,CVCL_1131,0.4355278015136719,gastric,esophagus,False
CVCL_3152,CVCL_5005,0.4301055073738098,gastric,upper_aerodigestive,False
CVCL_3152,CVCL_1289,0.42363882064819336,gastric,upper_aerodigestive,False
CVCL_3152,CVCL_0025,0.4171580672264099,gastric,colorectal,False
CVCL_3152,CVCL_A429,0.41437938809394836,gastric,bile_duct,False
CVCL_3156,CVCL_DH18,0.4095902144908905,soft_tissue,ovary,False
CVCL_3156,CVCL_8481,0.37561485171318054,soft_tissue,central_nervous_system,False
CVCL_3156,CVCL_2971,0.34283092617988586,soft_tissue,central_nervous_system,False
CVCL_3156,CVCL_3603,0.33676502108573914,soft_tissue,thyroid,False
CVCL_3156,CVCL_WS73,0.33612871170043945,soft_tissue,central_nervous_system,False
CVCL_3156,CVCL_5128,0.33293843269348145,soft_tissue,lung,False
CVCL_3156,CVCL_8717,0.324994295835495,soft_tissue,central_nervous_system,False
CVCL_3156,CVCL_5723,0.3161573112010956,soft_tissue,central_nervous_system,False
CVCL_3156,CVCL_1911,0.31478726863861084,soft_tissue,kidney,False
CVCL_3156,CVCL_U613,0.3122456967830658,soft_tissue,soft_tissue,True
CVCL_3156,CVCL_0582,0.3096535801887512,soft_tissue,thyroid,False
CVCL_3156,CVCL_3960,0.30764058232307434,soft_tissue,central_nervous_system,False
CVCL_3156,CVCL_0022,0.30653080344200134,soft_tissue,central_nervous_system,False
CVCL_3156,CVCL_1722,0.3060108721256256,soft_tissue,central_nervous_system,False
CVCL_3158,CVCL_VV27,0.4976673424243927,ovary,bile_duct,False
CVCL_3158,CVCL_2465,0.4952215254306793,ovary,upper_aerodigestive,False
CVCL_3158,CVCL_3629,0.44675973057746887,ovary,bile_duct,False
CVCL_3158,CVCL_3055,0.4346773326396942,ovary,gastric,False
CVCL_3160,CVCL_6950,0.625010073184967,upper_aerodigestive,cervix,False
CVCL_3160,CVCL_1287,0.6161970496177673,upper_aerodigestive,upper_aerodigestive,True
CVCL_3160,CVCL_1761,0.6120017170906067,upper_aerodigestive,esophagus,False
CVCL_3160,CVCL_1763,0.5995694994926453,upper_aerodigestive,esophagus,False
CVCL_3160,CVCL_2222,0.5887560248374939,upper_aerodigestive,upper_aerodigestive,True
CVCL_3160,CVCL_2229,0.5875159502029419,upper_aerodigestive,upper_aerodigestive,True
CVCL_3160,CVCL_3599,0.581125020980835,upper_aerodigestive,urinary_tract,False
CVCL_3160,CVCL_2943,0.5798466801643372,upper_aerodigestive,skin,False
CVCL_3160,CVCL_2228,0.5792491436004639,upper_aerodigestive,upper_aerodigestive,True
CVCL_3160,CVCL_2315,0.579067587852478,upper_aerodigestive,upper_aerodigestive,True
CVCL_3162,CVCL_A1VN,0.5959674119949341,skin,skin,True
CVCL_3162,CVCL_1780,0.5935221910476685,skin,skin,True
CVCL_3162,CVCL_A1VP,0.5852295756340027,skin,skin,True
CVCL_3162,CVCL_B3PJ,0.5831706523895264,skin,skin,True
CVCL_3162,CVCL_2408,0.5462581515312195,skin,skin,True
CVCL_3162,CVCL_0599,0.5460765361785889,skin,skin,True
CVCL_3162,CVCL_1130,0.5378589034080505,skin,skin,True
CVCL_3162,CVCL_2765,0.5360665321350098,skin,skin,True
CVCL_3162,CVCL_1097,0.5266009569168091,skin,skin,True
CVCL_3162,CVCL_0600,0.5214118957519531,skin,skin,True
CVCL_3162,CVCL_6805,0.5168556571006775,skin,skin,True
CVCL_3162,CVCL_1137,0.5142083764076233,skin,skin,True
CVCL_3162,CVCL_A1VK,0.5126057863235474,skin,skin,True
CVCL_3162,CVCL_A341,0.5086034536361694,skin,skin,True
CVCL_3167,CVCL_0932,0.4215710759162903,uterus,fibroblast,False
CVCL_3167,CVCL_0332,0.4109248220920563,uterus,breast,False
CVCL_3167,CVCL_8721,0.3898457884788513,uterus,uterus,True
CVCL_3167,CVCL_U614,0.38736820220947266,uterus,soft_tissue,False
CVCL_3167,CVCL_0582,0.384342759847641,uterus,thyroid,False
CVCL_3167,CVCL_0993,0.38216468691825867,uterus,fibroblast,False
CVCL_3167,CVCL_2182,0.38156285881996155,uterus,fibroblast,False
CVCL_3167,CVCL_1173,0.3787994086742401,uterus,central_nervous_system,False
CVCL_3167,CVCL_1798,0.36682626605033875,uterus,central_nervous_system,False
CVCL_3167,CVCL_0878,0.3642142415046692,uterus,fibroblast,False
CVCL_3167,CVCL_0966,0.36311203241348267,uterus,fibroblast,False
CVCL_3167,CVCL_LK56,0.3629579544067383,uterus,soft_tissue,False
CVCL_3167,CVCL_1R16,0.36195266246795654,uterus,central_nervous_system,False
CVCL_3167,CVCL_0863,0.3566306233406067,uterus,fibroblast,False
CVCL_3169,CVCL_3386,0.7434041500091553,lymphocyte,plasma_cell,False
CVCL_3169,CVCL_Y549,0.7208899855613708,lymphocyte,blood,False
CVCL_3169,CVCL_Y548,0.7143859267234802,lymphocyte,blood,False
CVCL_3169,CVCL_0823,0.7025917768478394,lymphocyte,lymphocyte,True
CVCL_3169,CVCL_4613,0.6938530802726746,lymphocyte,blood,False
CVCL_3169,CVCL_1870,0.685655951499939,lymphocyte,blood,False
CVCL_3169,CVCL_1861,0.6841304898262024,lymphocyte,lymphocyte,True
CVCL_3169,CVCL_2539,0.6577919125556946,lymphocyte,lymphocyte,True
CVCL_3169,CVCL_1319,0.6453409194946289,lymphocyte,lymphocyte,True
CVCL_3169,CVCL_2027,0.6357906460762024,lymphocyte,lymphocyte,True
CVCL_3169,CVCL_Y545,0.6352061629295349,lymphocyte,blood,False
CVCL_3172,CVCL_3178,0.5774958729743958,pancreas,pancreas,True
CVCL_3172,CVCL_6899,0.4972478449344635,pancreas,bile_duct,False
CVCL_3172,CVCL_3084,0.4777660071849823,pancreas,gastric,False
CVCL_3172,CVCL_0313,0.4637993276119232,pancreas,pancreas,True
CVCL_3172,CVCL_1846,0.461552232503891,pancreas,pancreas,True
CVCL_3172,CVCL_8877,0.45661455392837524,pancreas,gastric,False
CVCL_3172,CVCL_0544,0.45008352398872375,pancreas,colorectal,False
CVCL_3172,CVCL_5078,0.42512473464012146,pancreas,colorectal,False
CVCL_3172,CVCL_0399,0.42002958059310913,pancreas,colorectal,False
CVCL_3172,CVCL_0320,0.4195929765701294,pancreas,colorectal,False
CVCL_3172,CVCL_0237,0.41890230774879456,pancreas,pancreas,True
CVCL_3172,CVCL_8175,0.41545212268829346,pancreas,colorectal,False
CVCL_3174,CVCL_5071,0.7206609845161438,esophagus,colorectal,False
CVCL_3174,CVCL_V586,0.7042402029037476,esophagus,lung,False
CVCL_3174,CVCL_2679,0.6858190298080444,esophagus,upper_aerodigestive,False
CVCL_3174,CVCL_6950,0.6535878777503967,esophagus,cervix,False
CVCL_3174,CVCL_5017,0.6511321067810059,esophagus,upper_aerodigestive,False
CVCL_3174,CVCL_1063,0.6360379457473755,esophagus,epidermoid_carcinoma,False
CVCL_3174,CVCL_3336,0.634907066822052,esophagus,esophagus,True
CVCL_3174,CVCL_2222,0.6189871430397034,esophagus,upper_aerodigestive,False
CVCL_3174,CVCL_2313,0.6166598796844482,esophagus,upper_aerodigestive,False
CVCL_3174,CVCL_2722,0.6126171946525574,esophagus,prostate,False
CVCL_3174,CVCL_2943,0.6115596890449524,esophagus,skin,False
CVCL_3174,CVCL_1767,0.6107533574104309,esophagus,esophagus,True
CVCL_3174,CVCL_C058,0.6078193783760071,esophagus,upper_aerodigestive,False
CVCL_3174,CVCL_1763,0.6052318215370178,esophagus,esophagus,True
CVCL_3177,CVCL_S740,0.7009444236755371,peripheral_nervous_system,bone,False
CVCL_3177,CVCL_M150,0.6964817643165588,peripheral_nervous_system,bone,False
CVCL_3177,CVCL_V618,0.6860738396644592,peripheral_nervous_system,bone,False
CVCL_3177,CVCL_4Z30,0.6595983505249023,peripheral_nervous_system,bone,False
CVCL_3177,CVCL_0627,0.6589624285697937,peripheral_nervous_system,bone,False
CVCL_3177,CVCL_F531,0.658423900604248,peripheral_nervous_system,bone,False
CVCL_3177,CVCL_6583,0.6580443382263184,peripheral_nervous_system,bone,False
CVCL_3178,CVCL_6899,0.5583299994468689,pancreas,bile_duct,False
CVCL_3178,CVCL_1846,0.52117520570755,pancreas,pancreas,True
CVCL_3178,CVCL_4846,0.47536683082580566,pancreas,gastric,False
CVCL_3178,CVCL_M469,0.4560098648071289,pancreas,pancreas,True
CVCL_3178,CVCL_9980,0.45492854714393616,pancreas,colorectal,False
CVCL_3178,CVCL_0237,0.44390204548835754,pancreas,pancreas,True
CVCL_3178,CVCL_A1VD,0.4404814839363098,pancreas,bile_duct,False
CVCL_3178,CVCL_3082,0.4376623034477234,pancreas,gastric,False
CVCL_3178,CVCL_8877,0.43509572744369507,pancreas,gastric,False
CVCL_3302,CVCL_0511,0.6911638379096985,lymphocyte,lymphocyte,True
CVCL_3302,CVCL_1861,0.6871050596237183,lymphocyte,lymphocyte,True
CVCL_3302,CVCL_Y548,0.6555677056312561,lymphocyte,blood,False
CVCL_3302,CVCL_0539,0.6503293514251709,lymphocyte,lymphocyte,True
CVCL_3302,CVCL_1870,0.6489400267601013,lymphocyte,blood,False
CVCL_3302,CVCL_1088,0.648503303527832,lymphocyte,lymphocyte,True
CVCL_3302,CVCL_1222,0.6448166370391846,lymphocyte,lymphocyte,True
CVCL_3302,CVCL_B371,0.6443178057670593,lymphocyte,lymphocyte,True
CVCL_3302,CVCL_1889,0.6407747268676758,lymphocyte,lymphocyte,True
CVCL_3302,CVCL_2676,0.6390087604522705,lymphocyte,lymphocyte,True
CVCL_3317,CVCL_A1UE,0.42811399698257446,skin,skin,True
CVCL_3317,CVCL_0040,0.4225655496120453,skin,skin,True
CVCL_3317,CVCL_A1UG,0.4100067615509033,skin,skin,True
CVCL_3317,CVCL_0132,0.40773019194602966,skin,skin,True
CVCL_3317,CVCL_0599,0.40175044536590576,skin,skin,True
CVCL_3317,CVCL_1780,0.39474573731422424,skin,skin,True
CVCL_3317,CVCL_A1VK,0.39220893383026123,skin,skin,True
CVCL_3317,CVCL_2606,0.3896695077419281,skin,skin,True
CVCL_3317,CVCL_A1VP,0.3830372393131256,skin,skin,True
CVCL_3317,CVCL_1135,0.38145190477371216,skin,skin,True
CVCL_3317,CVCL_1137,0.37831151485443115,skin,skin,True
CVCL_3317,CVCL_6805,0.37778809666633606,skin,skin,True
CVCL_3317,CVCL_A1VJ,0.3761104643344879,skin,skin,True
CVCL_3317,CVCL_0318,0.3746342658996582,skin,skin,True
CVCL_3326,CVCL_1222,0.5874564051628113,lymphocyte,lymphocyte,True
CVCL_3326,CVCL_1885,0.5749431252479553,lymphocyte,lymphocyte,True
CVCL_3326,CVCL_0823,0.5426456332206726,lymphocyte,lymphocyte,True
CVCL_3326,CVCL_1087,0.5419333577156067,lymphocyte,lymphocyte,True
CVCL_3326,CVCL_B371,0.5403838753700256,lymphocyte,lymphocyte,True
CVCL_3326,CVCL_2206,0.5316677689552307,lymphocyte,lymphocyte,True
CVCL_3326,CVCL_1865,0.5308873653411865,lymphocyte,lymphocyte,True
CVCL_3326,CVCL_1967,0.5306721925735474,lymphocyte,lymphocyte,True
CVCL_3326,CVCL_1088,0.5254526138305664,lymphocyte,lymphocyte,True
CVCL_3326,CVCL_1880,0.5194466710090637,lymphocyte,lymphocyte,True
CVCL_3326,CVCL_1101,0.5191358923912048,lymphocyte,lymphocyte,True
CVCL_3326,CVCL_0511,0.5186709761619568,lymphocyte,lymphocyte,True
CVCL_3326,CVCL_2539,0.5130214095115662,lymphocyte,lymphocyte,True
CVCL_3326,CVCL_8800,0.5130005478858948,lymphocyte,lymphocyte,True
CVCL_3336,CVCL_5071,0.6502973437309265,esophagus,colorectal,False
CVCL_3336,CVCL_2679,0.6263627409934998,esophagus,upper_aerodigestive,False
CVCL_3336,CVCL_1107,0.6061118245124817,esophagus,upper_aerodigestive,False
CVCL_3336,CVCL_2661,0.6022902727127075,esophagus,esophagus,True
CVCL_3336,CVCL_0037,0.5982990860939026,esophagus,skin,False
CVCL_3336,CVCL_2222,0.5934832096099854,esophagus,upper_aerodigestive,False
CVCL_3336,CVCL_6950,0.5886893272399902,esophagus,cervix,False
CVCL_3336,CVCL_2312,0.5855734944343567,esophagus,upper_aerodigestive,False
CVCL_3336,CVCL_5017,0.5836774706840515,esophagus,upper_aerodigestive,False
CVCL_3336,CVCL_1102,0.5813087821006775,esophagus,upper_aerodigestive,False
CVCL_3336,CVCL_1761,0.5804353356361389,esophagus,esophagus,True
CVCL_3337,CVCL_5160,0.4757761061191559,esophagus,lung,False
CVCL_3337,CVCL_6831,0.46628493070602417,esophagus,lung,False
CVCL_3337,CVCL_3055,0.4298219382762909,esophagus,gastric,False
CVCL_3337,CVCL_5245,0.4125128388404846,esophagus,colorectal,False
CVCL_3337,CVCL_1532,0.411994069814682,esophagus,lung,False
CVCL_3337,CVCL_0620,0.4044356644153595,esophagus,breast,False
CVCL_3337,CVCL_1482,0.39936724305152893,esophagus,lung,False
CVCL_3337,CVCL_1524,0.39206358790397644,esophagus,lung,False
CVCL_3337,CVCL_1531,0.3901844918727875,esophagus,lung,False
CVCL_3337,CVCL_1767,0.3885928988456726,esophagus,esophagus,True
CVCL_3338,CVCL_5101,0.5124208927154541,colorectal,bile_duct,False
CVCL_3338,CVCL_5015,0.48882612586021423,colorectal,bile_duct,False
CVCL_3338,CVCL_8098,0.47220107913017273,colorectal,esophagus,False
CVCL_3338,CVCL_A1UI,0.47134578227996826,colorectal,bile_duct,False
CVCL_3338,CVCL_5016,0.4692324697971344,colorectal,colorectal,True
CVCL_3338,CVCL_1849,0.46069952845573425,colorectal,pancreas,False
CVCL_3338,CVCL_0371,0.4511054754257202,colorectal,gastric,False
CVCL_3338,CVCL_S507,0.43991023302078247,colorectal,pancreas,False
CVCL_3338,CVCL_0026,0.43591466546058655,colorectal,pancreas,False
CVCL_3338,CVCL_5002,0.4314345419406891,colorectal,colorectal,True
CVCL_3338,CVCL_EG28,0.42177945375442505,colorectal,colorectal,True
CVCL_3385,CVCL_5079,0.5547186732292175,gastric,gastric,True
CVCL_3385,CVCL_LM84,0.4786263406276703,gastric,pancreas,False
CVCL_3385,CVCL_8234,0.46338188648223877,gastric,ovary,False
CVCL_3385,CVCL_5086,0.45789143443107605,gastric,gastric,True
CVCL_3385,CVCL_0371,0.4577711224555969,gastric,gastric,True
CVCL_3385,CVCL_0101,0.4397946894168854,gastric,gastric,True
CVCL_3385,CVCL_8877,0.42712321877479553,gastric,gastric,True
CVCL_3385,CVCL_5002,0.42638835310935974,gastric,colorectal,False
CVCL_3385,CVCL_0237,0.42166441679000854,gastric,pancreas,False
CVCL_3385,CVCL_5098,0.42073342204093933,gastric,colorectal,False
CVCL_3385,CVCL_A1UH,0.41834932565689087,gastric,pancreas,False
CVCL_3385,CVCL_5101,0.41709446907043457,gastric,bile_duct,False
CVCL_3385,CVCL_1385,0.4151238799095154,gastric,colorectal,False
CVCL_3385,CVCL_1603,0.4092399477958679,gastric,gastric,True
CVCL_3386,CVCL_Y549,0.7869558930397034,plasma_cell,blood,False
CVCL_3386,CVCL_4613,0.7857823967933655,plasma_cell,blood,False
CVCL_3386,CVCL_Y548,0.7734839916229248,plasma_cell,blood,False
CVCL_3386,CVCL_0823,0.7002596259117126,plasma_cell,lymphocyte,False
CVCL_3386,CVCL_Y545,0.6828679442405701,plasma_cell,blood,False
CVCL_3407,CVCL_L280,0.6938830614089966,embryo,embryo,True
CVCL_3407,CVCL_2105,0.4813409149646759,embryo,peripheral_nervous_system,False
CVCL_3407,CVCL_1542,0.4621046185493469,embryo,lung,False
CVCL_3407,CVCL_1458,0.44578859210014343,embryo,lung,False
CVCL_3407,CVCL_1503,0.43068164587020874,embryo,lung,False
CVCL_3407,CVCL_1701,0.4279504418373108,embryo,peripheral_nervous_system,False
CVCL_3407,CVCL_1234,0.4191894829273224,embryo,peripheral_nervous_system,False
CVCL_3407,CVCL_Y019,0.4157297909259796,embryo,blood,False
CVCL_3407,CVCL_1771,0.4138314723968506,embryo,peripheral_nervous_system,False
CVCL_3407,CVCL_1829,0.4135374128818512,embryo,peripheral_nervous_system,False
CVCL_3407,CVCL_5627,0.40970730781555176,embryo,peripheral_nervous_system,False
CVCL_3421,CVCL_2228,0.5857760906219482,breast,upper_aerodigestive,False
CVCL_3421,CVCL_1732,0.5791548490524292,breast,cervix,False
CVCL_3421,CVCL_2722,0.5433804392814636,breast,prostate,False
CVCL_3421,CVCL_2313,0.5279790163040161,breast,upper_aerodigestive,False
CVCL_3421,CVCL_2310,0.5221415758132935,breast,upper_aerodigestive,False
CVCL_3421,CVCL_2232,0.5092423558235168,breast,upper_aerodigestive,False
CVCL_3421,CVCL_2314,0.5027517676353455,breast,upper_aerodigestive,False
CVCL_3421,CVCL_2462,0.49915480613708496,breast,upper_aerodigestive,False
CVCL_3421,CVCL_IZ34,0.49403706192970276,breast,breast,True
CVCL_3421,CVCL_2315,0.49191054701805115,breast,upper_aerodigestive,False
CVCL_3421,CVCL_2308,0.4874703586101532,breast,upper_aerodigestive,False
CVCL_3421,CVCL_3810,0.4841277003288269,breast,prostate,False
CVCL_3421,CVCL_1293,0.4758281409740448,breast,cervix,False
CVCL_3421,CVCL_1685,0.4755207896232605,breast,upper_aerodigestive,False
CVCL_3421,CVCL_2661,0.4695222079753876,breast,esophagus,False
CVCL_3422,CVCL_2463,0.5335152745246887,breast,upper_aerodigestive,False
CVCL_3422,CVCL_5594,0.4892093539237976,breast,breast,True
CVCL_3422,CVCL_1485,0.4327229857444763,breast,lung,False
CVCL_3422,CVCL_2723,0.4247289001941681,breast,prostate,False
CVCL_3422,CVCL_2308,0.4103839695453644,breast,upper_aerodigestive,False
CVCL_3422,CVCL_1293,0.40363746881484985,breast,cervix,False
CVCL_3422,CVCL_2457,0.38797417283058167,breast,upper_aerodigestive,False
CVCL_3422,CVCL_2458,0.3811355531215668,breast,upper_aerodigestive,False
CVCL_3422,CVCL_2315,0.3779478669166565,breast,upper_aerodigestive,False
CVCL_3422,CVCL_2677,0.3773699402809143,breast,prostate,False
CVCL_3422,CVCL_1732,0.37246546149253845,breast,cervix,False
CVCL_3422,CVCL_1681,0.3618735671043396,breast,upper_aerodigestive,False
CVCL_3422,CVCL_IZ34,0.3612976670265198,breast,breast,True
CVCL_3422,CVCL_2722,0.3575044870376587,breast,prostate,False
CVCL_3423,CVCL_3425,0.6272453665733337,breast,breast,True
CVCL_3423,CVCL_2062,0.4380655884742737,breast,breast,True
CVCL_3423,CVCL_1400,0.4338814616203308,breast,breast,True
CVCL_3423,CVCL_1812,0.4109122157096863,breast,breast,True
CVCL_3423,CVCL_1263,0.4044499099254608,breast,breast,True
CVCL_3423,CVCL_0033,0.4018568992614746,breast,breast,True
CVCL_3423,CVCL_3424,0.3939898908138275,breast,breast,True
CVCL_3424,CVCL_0588,0.4864642918109894,breast,breast,True
CVCL_3424,CVCL_3425,0.449522465467453,breast,breast,True
CVCL_3424,CVCL_1782,0.41375574469566345,breast,breast,True
CVCL_3424,CVCL_1781,0.40253010392189026,breast,breast,True
CVCL_3424,CVCL_0179,0.39434733986854553,breast,breast,True
CVCL_3424,CVCL_1251,0.3912476897239685,breast,breast,True
CVCL_3424,CVCL_0620,0.3911880552768707,breast,breast,True
CVCL_3424,CVCL_5591,0.3731553256511688,breast,breast,True
CVCL_3425,CVCL_0588,0.49434319138526917,breast,breast,True
CVCL_3425,CVCL_1812,0.4283474385738373,breast,breast,True
CVCL_3425,CVCL_1400,0.4191736876964569,breast,breast,True
CVCL_3425,CVCL_0033,0.4048387110233307,breast,breast,True
CVCL_3425,CVCL_2062,0.3946602940559387,breast,breast,True
CVCL_3425,CVCL_1251,0.3930302560329437,breast,breast,True
CVCL_3425,CVCL_1408,0.3913402259349823,breast,breast,True
CVCL_3425,CVCL_1654,0.3866298496723175,breast,lung,False
CVCL_3425,CVCL_0553,0.3809215724468231,breast,breast,True
CVCL_3425,CVCL_0621,0.3582395017147064,breast,breast,True
CVCL_3509,CVCL_5723,0.5495165586471558,ovary,central_nervous_system,False
CVCL_3509,CVCL_8717,0.4639374613761902,ovary,central_nervous_system,False
CVCL_3509,CVCL_4849,0.4162125885486603,ovary,gastric,False
CVCL_3509,CVCL_VU89,0.3905356824398041,ovary,kidney,False
CVCL_3509,CVCL_J521,0.3904072046279907,ovary,unknown,False
CVCL_3509,CVCL_6797,0.37968966364860535,ovary,skin,False
CVCL_3509,CVCL_0153,0.3756566345691681,ovary,thyroid,False
CVCL_3517,CVCL_S507,0.486153244972229,pancreas,pancreas,True
CVCL_3517,CVCL_LM83,0.47720465064048767,pancreas,gastric,False
CVCL_3517,CVCL_M466,0.47480350732803345,pancreas,pancreas,True
CVCL_3517,CVCL_5594,0.4727657735347748,pancreas,breast,False
CVCL_3517,CVCL_A1VG,0.46550068259239197,pancreas,bile_duct,False
CVCL_3517,CVCL_A1UH,0.459062784910202,pancreas,pancreas,True
CVCL_3517,CVCL_M469,0.4414273202419281,pancreas,pancreas,True
CVCL_3517,CVCL_2314,0.43898800015449524,pancreas,upper_aerodigestive,False
CVCL_3517,CVCL_0237,0.43288999795913696,pancreas,pancreas,True
CVCL_3517,CVCL_1638,0.4281308054924011,pancreas,pancreas,True
CVCL_3517,CVCL_1636,0.40309837460517883,pancreas,pancreas,True
CVCL_3517,CVCL_E329,0.40147390961647034,pancreas,bile_duct,False
CVCL_3526,CVCL_RL84,0.5531641244888306,lymphocyte,lymphocyte,True
CVCL_3526,CVCL_8796,0.5365469455718994,lymphocyte,lymphocyte,True
CVCL_3526,CVCL_1319,0.53363037109375,lymphocyte,lymphocyte,True
CVCL_3526,CVCL_1126,0.503983736038208,lymphocyte,blood,False
CVCL_3526,CVCL_1424,0.4873234033584595,lymphocyte,blood,False
CVCL_3532,CVCL_3611,0.7661383748054504,blood,lymphocyte,False
CVCL_3532,CVCL_X504,0.7273731231689453,blood,lymphocyte,False
CVCL_3532,CVCL_0067,0.6548893451690674,blood,lymphocyte,False
CVCL_3532,CVCL_1222,0.6435001492500305,blood,lymphocyte,False
CVCL_3532,CVCL_2539,0.6411815881729126,blood,lymphocyte,False
CVCL_3532,CVCL_1087,0.5890917778015137,blood,lymphocyte,False
CVCL_3532,CVCL_1179,0.5711027979850769,blood,lymphocyte,False
CVCL_3532,CVCL_1852,0.5655887722969055,blood,blood,True
CVCL_3532,CVCL_1712,0.5642295479774475,blood,lymphocyte,False
CVCL_3532,CVCL_2027,0.5607421398162842,blood,lymphocyte,False
CVCL_3532,CVCL_0539,0.5599463582038879,blood,lymphocyte,False
CVCL_3599,CVCL_1063,0.7012993693351746,urinary_tract,epidermoid_carcinoma,False
CVCL_3599,CVCL_2229,0.6774419546127319,urinary_tract,upper_aerodigestive,False
CVCL_3599,CVCL_1107,0.6655362248420715,urinary_tract,upper_aerodigestive,False
CVCL_3599,CVCL_2462,0.6591933965682983,urinary_tract,upper_aerodigestive,False
CVCL_3599,CVCL_1682,0.6486427187919617,urinary_tract,upper_aerodigestive,False
CVCL_3603,CVCL_0882,0.6450276970863342,thyroid,fibroblast,False
CVCL_3603,CVCL_0942,0.622711181640625,thyroid,fibroblast,False
CVCL_3603,CVCL_0715,0.6075412631034851,thyroid,fibroblast,False
CVCL_3603,CVCL_0726,0.6010525822639465,thyroid,fibroblast,False
CVCL_3603,CVCL_0819,0.5945992469787598,thyroid,fibroblast,False
CVCL_3603,CVCL_0846,0.5855945348739624,thyroid,fibroblast,False
CVCL_3603,CVCL_0878,0.5808395147323608,thyroid,fibroblast,False
CVCL_3603,CVCL_V414,0.5768797993659973,thyroid,soft_tissue,False
CVCL_3603,CVCL_0827,0.5665163993835449,thyroid,fibroblast,False
CVCL_3603,CVCL_0941,0.5660020112991333,thyroid,fibroblast,False
CVCL_3603,CVCL_V617,0.565776526927948,thyroid,fibroblast,False
CVCL_3603,CVCL_3960,0.5603141784667969,thyroid,central_nervous_system,False
CVCL_3603,CVCL_3605,0.5518630743026733,thyroid,fibroblast,False
CVCL_3605,CVCL_A1UX,0.852006196975708,fibroblast,bone,False
CVCL_3605,CVCL_3806,0.8353139758110046,fibroblast,fibroblast,True
CVCL_3611,CVCL_X504,0.7503921985626221,lymphocyte,lymphocyte,True
CVCL_3611,CVCL_0067,0.6820015907287598,lymphocyte,lymphocyte,True
CVCL_3611,CVCL_1222,0.6502584218978882,lymphocyte,lymphocyte,True
CVCL_3611,CVCL_2027,0.6287276148796082,lymphocyte,lymphocyte,True
CVCL_3611,CVCL_1186,0.6196231842041016,lymphocyte,lymphocyte,True
CVCL_3611,CVCL_0823,0.6126307845115662,lymphocyte,lymphocyte,True
CVCL_3611,CVCL_2539,0.6104046106338501,lymphocyte,lymphocyte,True
CVCL_3611,CVCL_1087,0.5988810658454895,lymphocyte,lymphocyte,True
CVCL_3611,CVCL_1818,0.5941610932350159,lymphocyte,lymphocyte,True
CVCL_3612,CVCL_4656,0.4210268557071686,ovary,uterus,False
CVCL_3612,CVCL_WU91,0.407477468252182,ovary,soft_tissue,False
CVCL_3612,CVCL_7146,0.3953508138656616,ovary,soft_tissue,False
CVCL_3612,CVCL_1542,0.36593154072761536,ovary,lung,False
CVCL_3612,CVCL_8001,0.3645796775817871,ovary,soft_tissue,False
CVCL_3612,CVCL_2141,0.3585551679134369,ovary,peripheral_nervous_system,False
CVCL_3612,CVCL_5627,0.3529597818851471,ovary,peripheral_nervous_system,False
CVCL_3613,CVCL_3866,0.4821922481060028,ovary,uterus,False
CVCL_3613,CVCL_1111,0.48065969347953796,ovary,kidney,False
CVCL_3613,CVCL_V607,0.4689946472644806,ovary,kidney,False
CVCL_3613,CVCL_2929,0.44793689250946045,ovary,uterus,False
CVCL_3613,CVCL_0235,0.445663183927536,ovary,kidney,False
CVCL_3613,CVCL_E115,0.4331623315811157,ovary,uterus,False
CVCL_3613,CVCL_DH05,0.4297400414943695,ovary,ovary,True
CVCL_3613,CVCL_1067,0.42510145902633667,ovary,kidney,False
CVCL_3613,CVCL_2924,0.4141916036605835,ovary,uterus,False
CVCL_3613,CVCL_2682,0.4141356348991394,ovary,ovary,True
CVCL_3613,CVCL_1274,0.40666207671165466,ovary,uterus,False
CVCL_3629,CVCL_3946,0.4272003471851349,bile_duct,gastric,False
CVCL_3629,CVCL_3055,0.4077779948711395,bile_duct,gastric,False
CVCL_3629,CVCL_1769,0.40580281615257263,bile_duct,bile_duct,True
CVCL_3629,CVCL_2465,0.40351396799087524,bile_duct,upper_aerodigestive,False
CVCL_3629,CVCL_1291,0.3817461133003235,bile_duct,urinary_tract,False
CVCL_3629,CVCL_0419,0.3809172511100769,bile_duct,breast,False
CVCL_3629,CVCL_2752,0.3783683776855469,bile_duct,urinary_tract,False
CVCL_3629,CVCL_1483,0.37546980381011963,bile_duct,lung,False
CVCL_3629,CVCL_1652,0.374812513589859,bile_duct,lung,False
CVCL_3768,CVCL_A1VD,0.48274245858192444,ovary,bile_duct,False
CVCL_3768,CVCL_3840,0.46514245867729187,ovary,liver,False
CVCL_3768,CVCL_0364,0.4591708183288574,ovary,liver,False
CVCL_3768,CVCL_2805,0.45664215087890625,ovary,liver,False
CVCL_3768,CVCL_0336,0.4339025318622589,ovary,liver,False
CVCL_3768,CVCL_1850,0.4241006374359131,ovary,pancreas,False
CVCL_3768,CVCL_5089,0.41623255610466003,ovary,liver,False
CVCL_3768,CVCL_B4KV,0.4101289212703705,ovary,gastric,False
CVCL_3768,CVCL_0326,0.3893837332725525,ovary,liver,False
CVCL_3768,CVCL_0025,0.37589845061302185,ovary,colorectal,False
CVCL_3768,CVCL_LM84,0.36370277404785156,ovary,pancreas,False
CVCL_3768,CVCL_1096,0.36344850063323975,ovary,colorectal,False
CVCL_3768,CVCL_0485,0.3634295165538788,ovary,liver,False
CVCL_3770,CVCL_1Y70,0.30886712670326233,ovary,peripheral_nervous_system,False
CVCL_3770,CVCL_1103,0.2954986095428467,ovary,bone,False
CVCL_3770,CVCL_V618,0.2935200333595276,ovary,bone,False
CVCL_3770,CVCL_N586,0.2901608645915985,ovary,soft_tissue,False
CVCL_3770,CVCL_0060,0.2895539402961731,ovary,lung,False
CVCL_3770,CVCL_1679,0.28927767276763916,ovary,lung,False
CVCL_3770,CVCL_2062,0.2790851593017578,ovary,breast,False
CVCL_3770,CVCL_3612,0.27477699518203735,ovary,ovary,True
CVCL_3770,CVCL_3407,0.2714076042175293,ovary,embryo,False
CVCL_3770,CVCL_1703,0.271023690700531,ovary,bone,False
CVCL_3770,CVCL_WU91,0.2680087387561798,ovary,soft_tissue,False
CVCL_3770,CVCL_1406,0.2669147253036499,ovary,uterus,False
CVCL_3770,CVCL_0542,0.26681801676750183,ovary,adrenal_cortex,False
CVCL_3770,CVCL_1547,0.26463642716407776,ovary,lung,False
CVCL_3770,CVCL_2734,0.2643737196922302,ovary,ovary,True
CVCL_3810,CVCL_1681,0.6807754635810852,prostate,upper_aerodigestive,False
CVCL_3810,CVCL_1063,0.6801345348358154,prostate,epidermoid_carcinoma,False
CVCL_3810,CVCL_2229,0.6659358143806458,prostate,upper_aerodigestive,False
CVCL_3810,CVCL_1091,0.6602898240089417,prostate,prostate,True
CVCL_3810,CVCL_2308,0.6457611322402954,prostate,upper_aerodigestive,False
CVCL_3810,CVCL_1293,0.6420295238494873,prostate,cervix,False
CVCL_3810,CVCL_1685,0.6365357637405396,prostate,upper_aerodigestive,False
CVCL_3810,CVCL_2232,0.6286287307739258,prostate,upper_aerodigestive,False
CVCL_3810,CVCL_IZ34,0.6256458759307861,prostate,breast,False
CVCL_3810,CVCL_A1VE,0.6224638819694519,prostate,bile_duct,False
CVCL_3810,CVCL_1107,0.6174208521842957,prostate,upper_aerodigestive,False
CVCL_3840,CVCL_A1VD,0.6086797714233398,liver,bile_duct,False
CVCL_3840,CVCL_5102,0.5661377906799316,liver,liver,True
CVCL_3840,CVCL_5089,0.479499876499176,liver,liver,True
CVCL_3840,CVCL_5103,0.46791166067123413,liver,liver,True
CVCL_3840,CVCL_6899,0.4557478129863739,liver,bile_duct,False
CVCL_3840,CVCL_4896,0.44258880615234375,liver,bile_duct,False
CVCL_3840,CVCL_A1VI,0.4222498834133148,liver,bile_duct,False
CVCL_3866,CVCL_1111,0.46015745401382446,uterus,kidney,False
CVCL_3866,CVCL_8788,0.4542147219181061,uterus,kidney,False
CVCL_3866,CVCL_2929,0.4395567774772644,uterus,uterus,True
CVCL_3866,CVCL_0293,0.4369874596595764,uterus,uterus,True
CVCL_3866,CVCL_1555,0.4310261309146881,uterus,lung,False
CVCL_3866,CVCL_V607,0.4299178123474121,uterus,kidney,False
CVCL_3866,CVCL_2984,0.4256720244884491,uterus,kidney,False
CVCL_3866,CVCL_V610,0.4227122664451599,uterus,kidney,False
CVCL_3867,CVCL_DH06,0.5368313789367676,uterus,ovary,False
CVCL_3867,CVCL_4658,0.5139725804328918,uterus,uterus,True
CVCL_3867,CVCL_3116,0.4605693221092224,uterus,ovary,False
CVCL_3867,CVCL_2927,0.43866947293281555,uterus,uterus,True
CVCL_3867,CVCL_1615,0.43494144082069397,uterus,ovary,False
CVCL_3867,CVCL_0029,0.43104761838912964,uterus,ovary,False
CVCL_3867,CVCL_E063,0.4268185794353485,uterus,uterus,True
CVCL_3867,CVCL_5007,0.416105180978775,uterus,uterus,True
CVCL_3867,CVCL_2930,0.41551414132118225,uterus,uterus,True
CVCL_3867,CVCL_3117,0.40949738025665283,uterus,ovary,False
CVCL_3881,CVCL_5101,0.5153969526290894,pancreas,bile_duct,False
CVCL_3881,CVCL_A1UH,0.5098496079444885,pancreas,pancreas,True
CVCL_3881,CVCL_1119,0.49641939997673035,pancreas,pancreas,True
CVCL_3881,CVCL_5034,0.47888320684432983,pancreas,pancreas,True
CVCL_3881,CVCL_1634,0.4710034728050232,pancreas,pancreas,True
CVCL_3881,CVCL_A1VG,0.4709791839122772,pancreas,bile_duct,False
CVCL_3881,CVCL_A1VC,0.47061821818351746,pancreas,bile_duct,False
CVCL_3881,CVCL_1638,0.4703890085220337,pancreas,pancreas,True
CVCL_3881,CVCL_0026,0.46504560112953186,pancreas,pancreas,True
CVCL_3881,CVCL_S507,0.45089006423950195,pancreas,pancreas,True
CVCL_3881,CVCL_0609,0.4334191679954529,pancreas,lung,False
CVCL_3946,CVCL_1652,0.4713488221168518,gastric,lung,False
CVCL_3946,CVCL_4717,0.42029085755348206,gastric,pancreas,False
CVCL_3946,CVCL_VV27,0.4190817177295685,gastric,bile_duct,False
CVCL_3946,CVCL_0419,0.4172019958496094,gastric,breast,False
CVCL_3946,CVCL_1095,0.41553226113319397,gastric,cervix,False
CVCL_3946,CVCL_B260,0.4039064049720764,gastric,lung,False
CVCL_3946,CVCL_V613,0.40388840436935425,gastric,central_nervous_system,False
CVCL_3946,CVCL_3158,0.4038795530796051,gastric,ovary,False
CVCL_3946,CVCL_0290,0.39474165439605713,gastric,breast,False
CVCL_3954,CVCL_5069,0.4957531690597534,central_nervous_system,central_nervous_system,True
CVCL_3954,CVCL_3959,0.47948694229125977,central_nervous_system,central_nervous_system,True
CVCL_3954,CVCL_8585,0.46326950192451477,central_nervous_system,central_nervous_system,True
CVCL_3954,CVCL_5423,0.45237767696380615,central_nervous_system,breast,False
CVCL_3954,CVCL_A758,0.44413885474205017,central_nervous_system,central_nervous_system,True
CVCL_3954,CVCL_4W66,0.4237012267112732,central_nervous_system,central_nervous_system,True
CVCL_3954,CVCL_4849,0.4201905131340027,central_nervous_system,gastric,False
CVCL_3954,CVCL_5010,0.41384357213974,central_nervous_system,central_nervous_system,True
CVCL_3954,CVCL_0863,0.41245037317276,central_nervous_system,fibroblast,False
CVCL_3955,CVCL_5033,0.6537372469902039,central_nervous_system,central_nervous_system,True
CVCL_3955,CVCL_5010,0.5670258402824402,central_nervous_system,central_nervous_system,True
CVCL_3955,CVCL_3957,0.565069854259491,central_nervous_system,central_nervous_system,True
CVCL_3955,CVCL_5069,0.5492021441459656,central_nervous_system,central_nervous_system,True
CVCL_3955,CVCL_4773,0.54862380027771,central_nervous_system,central_nervous_system,True
CVCL_3955,CVCL_8585,0.5126347541809082,central_nervous_system,central_nervous_system,True
CVCL_3956,CVCL_1117,0.5087605118751526,central_nervous_system,central_nervous_system,True
CVCL_3956,CVCL_1R16,0.498036652803421,central_nervous_system,central_nervous_system,True
CVCL_3956,CVCL_4W67,0.490037739276886,central_nervous_system,central_nervous_system,True
CVCL_3956,CVCL_1173,0.46540501713752747,central_nervous_system,central_nervous_system,True
CVCL_3956,CVCL_0836,0.457945317029953,central_nervous_system,fibroblast,False
CVCL_3956,CVCL_4773,0.4566524624824524,central_nervous_system,central_nervous_system,True
CVCL_3956,CVCL_3603,0.45219624042510986,central_nervous_system,thyroid,False
CVCL_3956,CVCL_3955,0.4497543275356293,central_nervous_system,central_nervous_system,True
CVCL_3956,CVCL_3960,0.4470909535884857,central_nervous_system,central_nervous_system,True
CVCL_3957,CVCL_8585,0.5778283476829529,central_nervous_system,central_nervous_system,True
CVCL_3957,CVCL_5033,0.5601679086685181,central_nervous_system,central_nervous_system,True
CVCL_3957,CVCL_5010,0.5332316160202026,central_nervous_system,central_nervous_system,True
CVCL_3957,CVCL_5069,0.5018379092216492,central_nervous_system,central_nervous_system,True
CVCL_3957,CVCL_0844,0.4805362820625305,central_nervous_system,central_nervous_system,True
CVCL_3957,CVCL_1117,0.4652206301689148,central_nervous_system,central_nervous_system,True
CVCL_3957,CVCL_1173,0.45877978205680847,central_nervous_system,central_nervous_system,True
CVCL_3957,CVCL_1715,0.4437730610370636,central_nervous_system,central_nervous_system,True
CVCL_3957,CVCL_4773,0.4261634945869446,central_nervous_system,central_nervous_system,True
CVCL_3958,CVCL_5033,0.4611559212207794,central_nervous_system,central_nervous_system,True
CVCL_3958,CVCL_2799,0.4560474157333374,central_nervous_system,central_nervous_system,True
CVCL_3958,CVCL_1608,0.43213218450546265,central_nervous_system,central_nervous_system,True
CVCL_3958,CVCL_5080,0.42740747332572937,central_nervous_system,central_nervous_system,True
CVCL_3958,CVCL_3075,0.42245614528656006,central_nervous_system,central_nervous_system,True
CVCL_3958,CVCL_6735,0.4151189625263214,central_nervous_system,central_nervous_system,True
CVCL_3958,CVCL_3957,0.414735347032547,central_nervous_system,central_nervous_system,True
CVCL_3958,CVCL_1323,0.4006010890007019,central_nervous_system,central_nervous_system,True
CVCL_3958,CVCL_RS25,0.3944427967071533,central_nervous_system,soft_tissue,False
CVCL_3958,CVCL_1117,0.389945924282074,central_nervous_system,central_nervous_system,True
CVCL_3959,CVCL_5069,0.45511147379875183,central_nervous_system,central_nervous_system,True
CVCL_3959,CVCL_1715,0.43386098742485046,central_nervous_system,central_nervous_system,True
CVCL_3959,CVCL_5033,0.4249833822250366,central_nervous_system,central_nervous_system,True
CVCL_3959,CVCL_5010,0.40817874670028687,central_nervous_system,central_nervous_system,True
CVCL_3959,CVCL_1796,0.4038838744163513,central_nervous_system,central_nervous_system,True
CVCL_3959,CVCL_1239,0.39430898427963257,central_nervous_system,central_nervous_system,True
CVCL_3959,CVCL_1323,0.39415431022644043,central_nervous_system,central_nervous_system,True
CVCL_3959,CVCL_0844,0.39386796951293945,central_nervous_system,central_nervous_system,True
CVCL_3959,CVCL_A758,0.3930665850639343,central_nervous_system,central_nervous_system,True
CVCL_3959,CVCL_1722,0.3759075403213501,central_nervous_system,central_nervous_system,True
CVCL_3959,CVCL_4773,0.3727196156978607,central_nervous_system,central_nervous_system,True
CVCL_3959,CVCL_1226,0.3723039925098419,central_nervous_system,central_nervous_system,True
CVCL_3959,CVCL_0401,0.3699227571487427,central_nervous_system,central_nervous_system,True
CVCL_3960,CVCL_4W66,0.5427372455596924,central_nervous_system,central_nervous_system,True
CVCL_3960,CVCL_5010,0.5232159495353699,central_nervous_system,central_nervous_system,True
CVCL_3960,CVCL_0844,0.5187073945999146,central_nervous_system,central_nervous_system,True
CVCL_3960,CVCL_1173,0.5014190077781677,central_nervous_system,central_nervous_system,True
CVCL_3960,CVCL_0715,0.4772922396659851,central_nervous_system,fibroblast,False
CVCL_3962,CVCL_B4KU,0.736117959022522,central_nervous_system,skin,False
CVCL_3962,CVCL_A341,0.7293446660041809,central_nervous_system,skin,False
CVCL_3962,CVCL_2075,0.7198182344436646,central_nervous_system,skin,False
CVCL_3962,CVCL_5951,0.7159516215324402,central_nervous_system,skin,False
CVCL_3996,CVCL_5081,0.4277108311653137,bile_duct,gastric,False
CVCL_3996,CVCL_1193,0.3508903682231903,bile_duct,bile_duct,True
CVCL_3996,CVCL_1531,0.3437606990337372,bile_duct,lung,False
CVCL_3996,CVCL_2214,0.32195112109184265,bile_duct,bile_duct,True
CVCL_3996,CVCL_1464,0.31261852383613586,bile_duct,lung,False
CVCL_3996,CVCL_2193,0.30932143330574036,bile_duct,cervix,False
CVCL_3996,CVCL_1138,0.3007681965827942,bile_duct,lung,False
CVCL_3996,CVCL_1517,0.29583659768104553,bile_duct,lung,False
CVCL_3996,CVCL_0023,0.29510051012039185,bile_duct,lung,False
CVCL_3996,CVCL_1530,0.29300642013549805,bile_duct,lung,False
CVCL_3996,CVCL_1195,0.2920207381248474,bile_duct,lung,False
CVCL_3996,CVCL_1508,0.2873743772506714,bile_duct,lung,False
CVCL_3996,CVCL_1574,0.2783890962600708,bile_duct,lung,False
CVCL_3996,CVCL_5136,0.2752534747123718,bile_duct,lung,False
CVCL_4056,CVCL_8147,0.6214849948883057,pancreas,pancreas,True
CVCL_4056,CVCL_A1VE,0.6176549792289734,pancreas,bile_duct,False
CVCL_4056,CVCL_2310,0.5991896390914917,pancreas,upper_aerodigestive,False
CVCL_4056,CVCL_1293,0.5977705121040344,pancreas,cervix,False
CVCL_4056,CVCL_1091,0.5893777012825012,pancreas,prostate,False
CVCL_4056,CVCL_3599,0.5869419574737549,pancreas,urinary_tract,False
CVCL_4056,CVCL_2312,0.583984375,pancreas,upper_aerodigestive,False
CVCL_4056,CVCL_2722,0.5829046368598938,pancreas,prostate,False
CVCL_4056,CVCL_1681,0.573666512966156,pancreas,upper_aerodigestive,False
CVCL_4056,CVCL_2224,0.5698434114456177,pancreas,upper_aerodigestive,False
CVCL_4056,CVCL_1107,0.5686454176902771,pancreas,upper_aerodigestive,False
CVCL_4381,CVCL_L280,0.39276596903800964,liver,embryo,False
CVCL_4381,CVCL_2956,0.38936492800712585,liver,liver,True
CVCL_4381,CVCL_1979,0.36415788531303406,liver,colorectal,False
CVCL_4381,CVCL_9980,0.33846741914749146,liver,colorectal,False
CVCL_4381,CVCL_8065,0.3382389545440674,liver,uterus,False
CVCL_4381,CVCL_3407,0.33813682198524475,liver,embryo,False
CVCL_4402,CVCL_1518,0.42472490668296814,lung,lung,True
CVCL_4402,CVCL_5128,0.3498985767364502,lung,lung,True
CVCL_4402,CVCL_1344,0.3175515830516815,lung,urinary_tract,False
CVCL_4402,CVCL_1226,0.3174706697463989,lung,central_nervous_system,False
CVCL_4402,CVCL_2447,0.31658270955085754,lung,thyroid,False
CVCL_4402,CVCL_0366,0.31030941009521484,lung,liver,False
CVCL_4402,CVCL_V606,0.3077540695667267,lung,urinary_tract,False
CVCL_4402,CVCL_4W66,0.3070184588432312,lung,central_nervous_system,False
CVCL_4402,CVCL_8198,0.3067220449447632,lung,bile_duct,False
CVCL_4613,CVCL_Y549,0.846407949924469,blood,blood,True
CVCL_4613,CVCL_Y548,0.7518949508666992,blood,blood,True
CVCL_4613,CVCL_Y547,0.7510268092155457,blood,blood,True
CVCL_4613,CVCL_2027,0.6700196266174316,blood,lymphocyte,False
CVCL_4640,CVCL_E115,0.47439026832580566,ovary,uterus,False
CVCL_4640,CVCL_1050,0.4691388010978699,ovary,kidney,False
CVCL_4640,CVCL_0294,0.4600246548652649,ovary,uterus,False
CVCL_4640,CVCL_DH05,0.4584959149360657,ovary,ovary,True
CVCL_4640,CVCL_1707,0.43852221965789795,ovary,uterus,False
CVCL_4640,CVCL_1911,0.4380537271499634,ovary,kidney,False
CVCL_4640,CVCL_2929,0.43644917011260986,ovary,uterus,False
CVCL_4640,CVCL_0293,0.4348151385784149,ovary,uterus,False
CVCL_4640,CVCL_1721,0.42951658368110657,ovary,urinary_tract,False
CVCL_4640,CVCL_3117,0.429468035697937,ovary,ovary,True
CVCL_4640,CVCL_1111,0.42821991443634033,ovary,kidney,False
CVCL_4640,CVCL_5953,0.4255410432815552,ovary,kidney,False
CVCL_4640,CVCL_1274,0.4221365451812744,ovary,uterus,False
CVCL_4644,CVCL_5100,0.36226677894592285,ovary,ovary,True
CVCL_4644,CVCL_5102,0.3559364676475525,ovary,liver,False
CVCL_4644,CVCL_0497,0.3513021767139435,ovary,liver,False
CVCL_4644,CVCL_4902,0.3430565595626831,ovary,bile_duct,False
CVCL_4644,CVCL_1508,0.331918329000473,ovary,lung,False
CVCL_4644,CVCL_1427,0.33111512660980225,ovary,lung,False
CVCL_4644,CVCL_A1VL,0.3283078968524933,ovary,skin,False
CVCL_4644,CVCL_2788,0.32527485489845276,ovary,liver,False
CVCL_4644,CVCL_1809,0.3216232657432556,ovary,bone,False
CVCL_4644,CVCL_1515,0.317581444978714,ovary,lung,False
CVCL_4644,CVCL_2955,0.3146398365497589,ovary,bile_duct,False
CVCL_4644,CVCL_1239,0.3113469183444977,ovary,central_nervous_system,False
CVCL_4644,CVCL_1475,0.30776169896125793,ovary,lung,False
CVCL_4644,CVCL_0250,0.3067202568054199,ovary,liver,False
CVCL_4644,CVCL_1738,0.30638620257377625,ovary,urinary_tract,False
CVCL_4645,CVCL_5044,0.7872837781906128,ovary,colorectal,False
CVCL_4645,CVCL_5078,0.777265191078186,ovary,colorectal,False
CVCL_4645,CVCL_8175,0.7503446340560913,ovary,colorectal,False
CVCL_4645,CVCL_5250,0.7475735545158386,ovary,colorectal,False
CVCL_4645,CVCL_9980,0.7456513047218323,ovary,colorectal,False
CVCL_4645,CVCL_5111,0.7300761938095093,ovary,colorectal,False
CVCL_4645,CVCL_5098,0.7140792608261108,ovary,colorectal,False
CVCL_4647,CVCL_B079,0.60567307472229,ovary,ovary,True
CVCL_4647,CVCL_1627,0.515082061290741,ovary,ovary,True
CVCL_4647,CVCL_4649,0.5008691549301147,ovary,ovary,True
CVCL_4647,CVCL_5096,0.4942644238471985,ovary,ovary,True
CVCL_4647,CVCL_6543,0.4836645722389221,ovary,uterus,False
CVCL_4647,CVCL_5014,0.4696062207221985,ovary,ovary,True
CVCL_4647,CVCL_1345,0.4647085666656494,ovary,ovary,True
CVCL_4647,CVCL_1882,0.46428894996643066,ovary,ovary,True
CVCL_4649,CVCL_5014,0.6293846368789673,ovary,ovary,True
CVCL_4649,CVCL_4655,0.5379508137702942,ovary,uterus,False
CVCL_4649,CVCL_6543,0.49511420726776123,ovary,uterus,False
CVCL_4655,CVCL_6543,0.5348122119903564,uterus,uterus,True
CVCL_4655,CVCL_0202,0.5039180517196655,uterus,ovary,False
CVCL_4655,CVCL_0465,0.5007926225662231,uterus,ovary,False
CVCL_4655,CVCL_5014,0.49786144495010376,uterus,ovary,False
CVCL_4656,CVCL_7146,0.4133358299732208,uterus,soft_tissue,False
CVCL_4656,CVCL_WU91,0.4105966091156006,uterus,soft_tissue,False
CVCL_4656,CVCL_1479,0.3673228621482849,uterus,lung,False
CVCL_4656,CVCL_1595,0.35572221875190735,uterus,lung,False
CVCL_4656,CVCL_1Y70,0.337300568819046,uterus,peripheral_nervous_system,False
CVCL_4656,CVCL_1174,0.3267160654067993,uterus,lung,False
CVCL_4656,CVCL_1577,0.32210856676101685,uterus,lung,False
CVCL_4656,CVCL_2034,0.2998991906642914,uterus,uterus,True
CVCL_4656,CVCL_1547,0.2982896566390991,uterus,lung,False
CVCL_4656,CVCL_WU67,0.2966333031654358,uterus,soft_tissue,False
CVCL_4657,CVCL_E115,0.5700448155403137,uterus,uterus,True
CVCL_4657,CVCL_5007,0.4881354570388794,uterus,uterus,True
CVCL_4657,CVCL_0235,0.47141778469085693,uterus,kidney,False
CVCL_4657,CVCL_2929,0.4671628773212433,uterus,uterus,True
CVCL_4657,CVCL_1111,0.4521908760070801,uterus,kidney,False
CVCL_4657,CVCL_4649,0.44900527596473694,uterus,ovary,False
CVCL_4657,CVCL_DH05,0.4479711949825287,uterus,ovary,False
CVCL_4657,CVCL_V607,0.44620782136917114,uterus,kidney,False
CVCL_4657,CVCL_4647,0.4420665204524994,uterus,ovary,False
CVCL_4657,CVCL_1791,0.42470628023147583,uterus,kidney,False
CVCL_4657,CVCL_5953,0.42215314507484436,uterus,kidney,False
CVCL_4657,CVCL_1721,0.4182485342025757,uterus,urinary_tract,False
CVCL_4658,CVCL_E063,0.5383973717689514,uterus,uterus,True
CVCL_4658,CVCL_DH06,0.5217322111129761,uterus,ovary,False
CVCL_4658,CVCL_5007,0.4810313582420349,uterus,uterus,True
CVCL_4717,CVCL_1482,0.4980238378047943,pancreas,lung,False
CVCL_4717,CVCL_1670,0.4852447509765625,pancreas,urinary_tract,False
CVCL_4717,CVCL_5034,0.4839831590652466,pancreas,pancreas,True
CVCL_4717,CVCL_2678,0.47857269644737244,pancreas,upper_aerodigestive,False
CVCL_4717,CVCL_0026,0.47347357869148254,pancreas,pancreas,True
CVCL_4717,CVCL_1634,0.4729703962802887,pancreas,pancreas,True
CVCL_4717,CVCL_0186,0.45082733035087585,pancreas,pancreas,True
CVCL_4717,CVCL_M261,0.44530805945396423,pancreas,bile_duct,False
CVCL_4718,CVCL_1670,0.5244700908660889,pancreas,urinary_tract,False
CVCL_4718,CVCL_0186,0.4904242157936096,pancreas,pancreas,True
CVCL_4718,CVCL_1767,0.48150911927223206,pancreas,esophagus,False
CVCL_4718,CVCL_2743,0.4779760539531708,pancreas,urinary_tract,False
CVCL_4718,CVCL_1083,0.4663159251213074,pancreas,urinary_tract,False
CVCL_4718,CVCL_4056,0.46272221207618713,pancreas,pancreas,True
CVCL_4718,CVCL_2229,0.46178460121154785,pancreas,upper_aerodigestive,False
CVCL_4718,CVCL_2677,0.4555567800998688,pancreas,prostate,False
CVCL_4718,CVCL_M466,0.45518815517425537,pancreas,pancreas,True
CVCL_4718,CVCL_0037,0.454435795545578,pancreas,skin,False
CVCL_4718,CVCL_2723,0.45194879174232483,pancreas,prostate,False
CVCL_4718,CVCL_1681,0.44977712631225586,pancreas,upper_aerodigestive,False
CVCL_4718,CVCL_L085,0.4484144151210785,pancreas,upper_aerodigestive,False
CVCL_4748,CVCL_0036,0.3384140431880951,prostate,urinary_tract,False
CVCL_4748,CVCL_1408,0.3047904670238495,prostate,breast,False
CVCL_4748,CVCL_1074,0.29797840118408203,prostate,breast,False
CVCL_4748,CVCL_1400,0.29794391989707947,prostate,breast,False
CVCL_4748,CVCL_1661,0.2941097021102905,prostate,breast,False
CVCL_4748,CVCL_1812,0.28888022899627686,prostate,breast,False
CVCL_4748,CVCL_0620,0.2765806317329407,prostate,breast,False
CVCL_4748,CVCL_2752,0.2716471552848816,prostate,urinary_tract,False
CVCL_4748,CVCL_2062,0.2691938579082489,prostate,breast,False
CVCL_4748,CVCL_3337,0.2691502869129181,prostate,esophagus,False
CVCL_4748,CVCL_0588,0.26738741993904114,prostate,breast,False
CVCL_4748,CVCL_0553,0.265362411737442,prostate,breast,False
CVCL_4773,CVCL_8585,0.5349122285842896,central_nervous_system,central_nervous_system,True
CVCL_4773,CVCL_1117,0.5224806666374207,central_nervous_system,central_nervous_system,True
CVCL_4773,CVCL_5033,0.5013182163238525,central_nervous_system,central_nervous_system,True
CVCL_4773,CVCL_5069,0.49367427825927734,central_nervous_system,central_nervous_system,True
CVCL_4773,CVCL_5010,0.48860403895378113,central_nervous_system,central_nervous_system,True
CVCL_4773,CVCL_4W67,0.4862718880176544,central_nervous_system,central_nervous_system,True
CVCL_4846,CVCL_1980,0.6581591963768005,gastric,colorectal,False
CVCL_4846,CVCL_5078,0.6571303606033325,gastric,colorectal,False
CVCL_4846,CVCL_0397,0.6455893516540527,gastric,colorectal,False
CVCL_4846,CVCL_EG22,0.6393770575523376,gastric,colorectal,False
CVCL_4846,CVCL_1982,0.6379235982894897,gastric,colorectal,False
CVCL_4846,CVCL_1708,0.6361088752746582,gastric,colorectal,False
CVCL_4846,CVCL_8175,0.6353607773780823,gastric,colorectal,False
CVCL_4846,CVCL_4645,0.6339964866638184,gastric,ovary,False
CVCL_4846,CVCL_5044,0.6262682676315308,gastric,colorectal,False
CVCL_4846,CVCL_5111,0.6142605543136597,gastric,colorectal,False
CVCL_4846,CVCL_2520,0.6138401031494141,gastric,colorectal,False
CVCL_4846,CVCL_5038,0.6092830896377563,gastric,bile_duct,False
CVCL_4849,CVCL_5723,0.4761349856853485,gastric,central_nervous_system,False
CVCL_4849,CVCL_0582,0.4121665954589844,gastric,thyroid,False
CVCL_4849,CVCL_8717,0.40991970896720886,gastric,central_nervous_system,False
CVCL_4849,CVCL_1734,0.3919483721256256,gastric,soft_tissue,False
CVCL_4849,CVCL_WU66,0.3910806179046631,gastric,bone,False
CVCL_4896,CVCL_A1VF,0.5436358451843262,bile_duct,bile_duct,True
CVCL_4896,CVCL_VV28,0.5204814076423645,bile_duct,bile_duct,True
CVCL_4896,CVCL_5008,0.5148068070411682,bile_duct,bile_duct,True
CVCL_4896,CVCL_A1VD,0.4937439560890198,bile_duct,bile_duct,True
CVCL_4896,CVCL_M467,0.48308828473091125,bile_duct,pancreas,False
CVCL_4896,CVCL_1111,0.4825887382030487,bile_duct,kidney,False
CVCL_4896,CVCL_1050,0.4609558582305908,bile_duct,kidney,False
CVCL_4896,CVCL_5089,0.458524227142334,bile_duct,liver,False
CVCL_4896,CVCL_V607,0.45825961232185364,bile_duct,kidney,False
CVCL_4896,CVCL_7937,0.45190343260765076,bile_duct,urinary_tract,False
CVCL_4896,CVCL_6899,0.4454074501991272,bile_duct,bile_duct,True
CVCL_4896,CVCL_5953,0.43387526273727417,bile_duct,kidney,False
CVCL_4897,CVCL_S507,0.4907486140727997,pancreas,pancreas,True
CVCL_4897,CVCL_M465,0.4873054325580597,pancreas,pancreas,True
CVCL_4897,CVCL_0026,0.4659676253795624,pancreas,pancreas,True
CVCL_4897,CVCL_5016,0.44977450370788574,pancreas,colorectal,False
CVCL_4897,CVCL_1119,0.43381577730178833,pancreas,pancreas,True
CVCL_4897,CVCL_1634,0.43097540736198425,pancreas,pancreas,True
CVCL_4897,CVCL_M469,0.42387884855270386,pancreas,pancreas,True
CVCL_4897,CVCL_8098,0.4236181974411011,pancreas,esophagus,False
CVCL_4897,CVCL_1633,0.4162139892578125,pancreas,pancreas,True
CVCL_4897,CVCL_1299,0.4101627767086029,pancreas,pancreas,True
CVCL_4897,CVCL_A1VG,0.40869536995887756,pancreas,bile_duct,False
CVCL_4897,CVCL_1640,0.4086640477180481,pancreas,lung,False
CVCL_4900,CVCL_5034,0.404117226600647,lung,pancreas,False
CVCL_4900,CVCL_5126,0.39693108201026917,lung,lung,True
CVCL_4900,CVCL_A1UI,0.3880358934402466,lung,bile_duct,False
CVCL_4900,CVCL_1546,0.3873891532421112,lung,lung,True
CVCL_4900,CVCL_1482,0.381704181432724,lung,lung,True
CVCL_4900,CVCL_V622,0.3809245526790619,lung,lung,True
CVCL_4900,CVCL_1652,0.3750123679637909,lung,lung,True
CVCL_4900,CVCL_1119,0.37337154150009155,lung,pancreas,False
CVCL_4900,CVCL_V626,0.3725949823856354,lung,prostate,False
CVCL_4900,CVCL_WS60,0.3668595552444458,lung,lung,True
CVCL_4900,CVCL_0324,0.36408841609954834,lung,bile_duct,False
CVCL_4902,CVCL_1492,0.38599893450737,bile_duct,lung,False
CVCL_4902,CVCL_8585,0.3847968578338623,bile_duct,central_nervous_system,False
CVCL_4902,CVCL_2955,0.38326090574264526,bile_duct,bile_duct,True
CVCL_4902,CVCL_3954,0.3784116804599762,bile_duct,central_nervous_system,False
CVCL_4902,CVCL_3001,0.3695235252380371,bile_duct,upper_aerodigestive,False
CVCL_4902,CVCL_1655,0.3660166263580322,bile_duct,lung,False
CVCL_4902,CVCL_1722,0.3562840521335602,bile_duct,central_nervous_system,False
CVCL_4902,CVCL_0497,0.34929099678993225,bile_duct,liver,False
CVCL_4902,CVCL_0630,0.3484393060207367,bile_duct,lung,False
CVCL_4996,CVCL_0455,0.4599856734275818,cervix,lung,False
CVCL_4996,CVCL_8705,0.40426015853881836,cervix,cervix,True
CVCL_4996,CVCL_1704,0.3938933312892914,cervix,cervix,True
CVCL_4996,CVCL_1293,0.3878232538700104,cervix,cervix,True
CVCL_4996,CVCL_1532,0.37345370650291443,cervix,lung,False
CVCL_4996,CVCL_1354,0.3529288172721863,cervix,esophagus,False
CVCL_4996,CVCL_1131,0.34825438261032104,cervix,esophagus,False
CVCL_4996,CVCL_1485,0.3316349387168884,cervix,lung,False
CVCL_4996,CVCL_1654,0.3214685022830963,cervix,lung,False
CVCL_4996,CVCL_1537,0.3200760781764984,cervix,lung,False
CVCL_4D13,CVCL_C301,0.7500688433647156,eye,eye,True
CVCL_4D13,CVCL_8607,0.7400696873664856,eye,eye,True
CVCL_4D13,CVCL_C307,0.7062085270881653,eye,eye,True
CVCL_4D13,CVCL_C302,0.676120400428772,eye,eye,True
CVCL_4D13,CVCL_C297,0.6628904342651367,eye,unknown,False
CVCL_4D13,CVCL_6939,0.6253429651260376,eye,eye,True
CVCL_4D13,CVCL_1779,0.618199348449707,eye,skin,False
CVCL_4D13,CVCL_0039,0.6098175048828125,eye,skin,False
CVCL_4D13,CVCL_1133,0.6048241257667542,eye,skin,False
CVCL_4D13,CVCL_1137,0.5917596817016602,eye,skin,False
CVCL_4D13,CVCL_5951,0.5856649279594421,eye,skin,False
CVCL_4D13,CVCL_2610,0.579326868057251,eye,skin,False
CVCL_4D13,CVCL_2950,0.5791738629341125,eye,skin,False
CVCL_4D13,CVCL_0550,0.5784177780151367,eye,skin,False
CVCL_4W58,CVCL_U760,0.3942875862121582,kidney,soft_tissue,False
CVCL_4W58,CVCL_U757,0.37625858187675476,kidney,soft_tissue,False
CVCL_4W58,CVCL_1479,0.3501713275909424,kidney,lung,False
CVCL_4W58,CVCL_7051,0.31560179591178894,kidney,soft_tissue,False
CVCL_4W58,CVCL_V616,0.3079375922679901,kidney,central_nervous_system,False
CVCL_4W58,CVCL_8717,0.2956256568431854,kidney,central_nervous_system,False
CVCL_4W58,CVCL_2601,0.28713932633399963,kidney,skin,False
CVCL_4W58,CVCL_8001,0.28049948811531067,kidney,soft_tissue,False
CVCL_4W58,CVCL_YU13,0.27876654267311096,kidney,peripheral_nervous_system,False
CVCL_4W58,CVCL_0077,0.2747528553009033,kidney,liver,False
CVCL_4W58,CVCL_1169,0.26979777216911316,kidney,central_nervous_system,False
CVCL_4W58,CVCL_AQ42,0.26750648021698,kidney,soft_tissue,False
CVCL_4W58,CVCL_3955,0.2670156955718994,kidney,central_nervous_system,False
CVCL_4W58,CVCL_0633,0.26621344685554504,kidney,central_nervous_system,False
CVCL_4W66,CVCL_5010,0.5209619998931885,central_nervous_system,central_nervous_system,True
CVCL_4W66,CVCL_1117,0.49781152606010437,central_nervous_system,central_nervous_system,True
CVCL_4W66,CVCL_3603,0.49602681398391724,central_nervous_system,thyroid,False
CVCL_4W66,CVCL_5069,0.48898452520370483,central_nervous_system,central_nervous_system,True
CVCL_4W66,CVCL_0844,0.4820379614830017,central_nervous_system,central_nervous_system,True
CVCL_4W66,CVCL_1795,0.47176066040992737,central_nervous_system,central_nervous_system,True
CVCL_4W66,CVCL_8481,0.45659303665161133,central_nervous_system,central_nervous_system,True
CVCL_4W66,CVCL_0715,0.4556485116481781,central_nervous_system,fibroblast,False
CVCL_4W66,CVCL_4W67,0.44607803225517273,central_nervous_system,central_nervous_system,True
CVCL_4W66,CVCL_0878,0.44460901618003845,central_nervous_system,fibroblast,False
CVCL_4W67,CVCL_1117,0.5021934509277344,central_nervous_system,central_nervous_system,True
CVCL_4W67,CVCL_1R16,0.4780220091342926,central_nervous_system,central_nervous_system,True
CVCL_4W67,CVCL_1715,0.44990649819374084,central_nervous_system,central_nervous_system,True
CVCL_4W67,CVCL_1233,0.4457220435142517,central_nervous_system,central_nervous_system,True
CVCL_4W67,CVCL_5069,0.4448154866695404,central_nervous_system,central_nervous_system,True
CVCL_4W67,CVCL_3955,0.4262796640396118,central_nervous_system,central_nervous_system,True
CVCL_4W67,CVCL_1795,0.42133086919784546,central_nervous_system,central_nervous_system,True
CVCL_4W67,CVCL_1722,0.4204885959625244,central_nervous_system,central_nervous_system,True
CVCL_4W68,CVCL_1117,0.5255177021026611,central_nervous_system,central_nervous_system,True
CVCL_4W68,CVCL_1722,0.4877375364303589,central_nervous_system,central_nervous_system,True
CVCL_4W68,CVCL_YU13,0.4781365394592285,central_nervous_system,peripheral_nervous_system,False
CVCL_4W68,CVCL_1093,0.4620288908481598,central_nervous_system,central_nervous_system,True
CVCL_4W68,CVCL_WS73,0.4604158103466034,central_nervous_system,central_nervous_system,True
CVCL_4W68,CVCL_0844,0.4562273919582367,central_nervous_system,central_nervous_system,True
CVCL_4W68,CVCL_3603,0.45569801330566406,central_nervous_system,thyroid,False
CVCL_4W68,CVCL_1173,0.44727471470832825,central_nervous_system,central_nervous_system,True
CVCL_4W68,CVCL_1795,0.44522857666015625,central_nervous_system,central_nervous_system,True
CVCL_4W68,CVCL_3955,0.44196638464927673,central_nervous_system,central_nervous_system,True
CVCL_4W68,CVCL_3960,0.4418873190879822,central_nervous_system,central_nervous_system,True
CVCL_4W68,CVCL_1608,0.44012537598609924,central_nervous_system,central_nervous_system,True
CVCL_4W68,CVCL_V617,0.436581552028656,central_nervous_system,fibroblast,False
CVCL_4W68,CVCL_4773,0.4352794289588928,central_nervous_system,central_nervous_system,True
CVCL_4W68,CVCL_1798,0.4314761757850647,central_nervous_system,central_nervous_system,True
CVCL_4Z30,CVCL_M151,0.7586175799369812,bone,bone,True
CVCL_4Z30,CVCL_6583,0.7331023812294006,bone,bone,True
CVCL_4Z30,CVCL_F531,0.7147571444511414,bone,bone,True
CVCL_4Z30,CVCL_V618,0.7038807272911072,bone,bone,True
CVCL_4Z30,CVCL_S740,0.6941292881965637,bone,bone,True
CVCL_4Z30,CVCL_0080,0.6771370768547058,bone,bone,True
CVCL_4Z30,CVCL_M153,0.667163610458374,bone,bone,True
CVCL_4Z30,CVCL_M150,0.6547503471374512,bone,bone,True
CVCL_4Z30,CVCL_4Z31,0.6448495984077454,bone,bone,True
CVCL_4Z31,CVCL_0080,0.6690462231636047,bone,bone,True
CVCL_4Z31,CVCL_F531,0.6622195243835449,bone,bone,True
CVCL_4Z31,CVCL_0530,0.6567975282669067,bone,bone,True
CVCL_4Z31,CVCL_6583,0.6564278602600098,bone,bone,True
CVCL_4Z31,CVCL_0627,0.6519539952278137,bone,bone,True
CVCL_4Z31,CVCL_V618,0.63872230052948,bone,bone,True
CVCL_4Z31,CVCL_S740,0.6293671131134033,bone,bone,True
CVCL_4Z31,CVCL_3177,0.6225766539573669,bone,peripheral_nervous_system,False
CVCL_4Z31,CVCL_2169,0.6182758808135986,bone,bone,True
CVCL_4Z31,CVCL_0B50,0.6117934584617615,bone,bone,True
CVCL_5002,CVCL_0544,0.6279610395431519,colorectal,colorectal,True
CVCL_5002,CVCL_1382,0.6194051504135132,colorectal,colorectal,True
CVCL_5002,CVCL_0545,0.6143483519554138,colorectal,colorectal,True
CVCL_5002,CVCL_5038,0.5991604328155518,colorectal,bile_duct,False
CVCL_5002,CVCL_8234,0.5982730388641357,colorectal,ovary,False
CVCL_5002,CVCL_1386,0.5967101454734802,colorectal,colorectal,True
CVCL_5002,CVCL_1718,0.5890327095985413,colorectal,colorectal,True
CVCL_5002,CVCL_5078,0.5856020450592041,colorectal,colorectal,True
CVCL_5002,CVCL_1708,0.5837664604187012,colorectal,colorectal,True
CVCL_5002,CVCL_8175,0.5801090002059937,colorectal,colorectal,True
CVCL_5002,CVCL_0626,0.5764662623405457,colorectal,colorectal,True
CVCL_5002,CVCL_4645,0.5757957696914673,colorectal,ovary,False
CVCL_5003,CVCL_1980,0.6820494532585144,colorectal,colorectal,True
CVCL_5003,CVCL_0397,0.6450749039649963,colorectal,colorectal,True
CVCL_5003,CVCL_5044,0.6408424973487854,colorectal,colorectal,True
CVCL_5003,CVCL_5111,0.623816192150116,colorectal,colorectal,True
CVCL_5003,CVCL_1982,0.6187291741371155,colorectal,colorectal,True
CVCL_5003,CVCL_5250,0.6138033866882324,colorectal,colorectal,True
CVCL_5003,CVCL_8175,0.6081367135047913,colorectal,colorectal,True
CVCL_5003,CVCL_0632,0.6070268154144287,colorectal,colorectal,True
CVCL_5003,CVCL_2520,0.6044529676437378,colorectal,colorectal,True
CVCL_5003,CVCL_5078,0.6043162941932678,colorectal,colorectal,True
CVCL_5003,CVCL_1151,0.6013987064361572,colorectal,colorectal,True
CVCL_5003,CVCL_1718,0.5950942039489746,colorectal,colorectal,True
CVCL_5003,CVCL_4645,0.5892179012298584,colorectal,ovary,False
CVCL_5003,CVCL_1708,0.5851905941963196,colorectal,colorectal,True
CVCL_5003,CVCL_1386,0.5832966566085815,colorectal,colorectal,True
CVCL_5005,CVCL_5006,0.6545107960700989,upper_aerodigestive,upper_aerodigestive,True
CVCL_5005,CVCL_1681,0.6052954792976379,upper_aerodigestive,upper_aerodigestive,True
CVCL_5005,CVCL_2312,0.5948190689086914,upper_aerodigestive,upper_aerodigestive,True
CVCL_5005,CVCL_L085,0.5935340523719788,upper_aerodigestive,upper_aerodigestive,True
CVCL_5005,CVCL_2229,0.5906388163566589,upper_aerodigestive,upper_aerodigestive,True
CVCL_5005,CVCL_1086,0.5784400701522827,upper_aerodigestive,upper_aerodigestive,True
CVCL_5005,CVCL_1107,0.5730840563774109,upper_aerodigestive,upper_aerodigestive,True
CVCL_5005,CVCL_E329,0.5628637671470642,upper_aerodigestive,bile_duct,False
CVCL_5006,CVCL_2229,0.6591631174087524,upper_aerodigestive,upper_aerodigestive,True
CVCL_5006,CVCL_1681,0.6031341552734375,upper_aerodigestive,upper_aerodigestive,True
CVCL_5006,CVCL_1107,0.5852963328361511,upper_aerodigestive,upper_aerodigestive,True
CVCL_5006,CVCL_2221,0.5813030004501343,upper_aerodigestive,upper_aerodigestive,True
CVCL_5006,CVCL_1289,0.5763559341430664,upper_aerodigestive,upper_aerodigestive,True
CVCL_5006,CVCL_0037,0.574971616268158,upper_aerodigestive,skin,False
CVCL_5006,CVCL_2807,0.5743460059165955,upper_aerodigestive,skin,False
CVCL_5006,CVCL_2232,0.5630282759666443,upper_aerodigestive,upper_aerodigestive,True
CVCL_5006,CVCL_3086,0.5590342879295349,upper_aerodigestive,upper_aerodigestive,True
CVCL_5006,CVCL_1102,0.555174708366394,upper_aerodigestive,upper_aerodigestive,True
CVCL_5007,CVCL_E115,0.5370463728904724,uterus,uterus,True
CVCL_5007,CVCL_E063,0.49945011734962463,uterus,uterus,True
CVCL_5007,CVCL_DH06,0.4754447638988495,uterus,ovary,False
CVCL_5007,CVCL_2927,0.4687889814376831,uterus,uterus,True
CVCL_5008,CVCL_5953,0.572705090045929,bile_duct,kidney,False
CVCL_5008,CVCL_VV28,0.5651592016220093,bile_duct,bile_duct,True
CVCL_5008,CVCL_V612,0.5405045747756958,bile_duct,kidney,False
CVCL_5008,CVCL_1065,0.5151352882385254,bile_duct,kidney,False
CVCL_5008,CVCL_V607,0.5135951638221741,bile_duct,kidney,False
CVCL_5008,CVCL_1111,0.5063120722770691,bile_duct,kidney,False
CVCL_5008,CVCL_V610,0.5050200819969177,bile_duct,kidney,False
CVCL_5008,CVCL_5957,0.482160747051239,bile_duct,kidney,False
CVCL_5008,CVCL_2985,0.4785652458667755,bile_duct,kidney,False
CVCL_5008,CVCL_1050,0.47835811972618103,bile_duct,kidney,False
CVCL_5008,CVCL_2742,0.47312095761299133,bile_duct,kidney,False
CVCL_5008,CVCL_1626,0.47307679057121277,bile_duct,kidney,False
CVCL_5008,CVCL_1555,0.47114628553390503,bile_duct,lung,False
CVCL_5010,CVCL_5069,0.7135191559791565,central_nervous_system,central_nervous_system,True
CVCL_5010,CVCL_5033,0.6259379982948303,central_nervous_system,central_nervous_system,True
CVCL_5014,CVCL_B079,0.4905334413051605,ovary,ovary,True
CVCL_5014,CVCL_2927,0.47391095757484436,ovary,uterus,False
CVCL_5015,CVCL_1648,0.48517194390296936,bile_duct,colorectal,False
CVCL_5015,CVCL_5101,0.48308277130126953,bile_duct,bile_duct,True
CVCL_5015,CVCL_0371,0.48267990350723267,bile_duct,gastric,False
CVCL_5015,CVCL_5002,0.4783700704574585,bile_duct,colorectal,False
CVCL_5015,CVCL_1636,0.4443035125732422,bile_duct,pancreas,False
CVCL_5015,CVCL_1603,0.4339316189289093,bile_duct,gastric,False
CVCL_5015,CVCL_0101,0.43308329582214355,bile_duct,gastric,False
CVCL_5015,CVCL_1987,0.43073737621307373,bile_duct,colorectal,False
CVCL_5015,CVCL_0237,0.4225197434425354,bile_duct,pancreas,False
CVCL_5015,CVCL_3084,0.42029452323913574,bile_duct,gastric,False
CVCL_5015,CVCL_5016,0.41657915711402893,bile_duct,colorectal,False
CVCL_5015,CVCL_5038,0.4118504822254181,bile_duct,bile_duct,True
CVCL_5015,CVCL_0471,0.40917515754699707,bile_duct,esophagus,False
CVCL_5016,CVCL_1648,0.5705285668373108,colorectal,colorectal,True
CVCL_5016,CVCL_0544,0.5325603485107422,colorectal,colorectal,True
CVCL_5016,CVCL_8764,0.49224597215652466,colorectal,colorectal,True
CVCL_5016,CVCL_0555,0.485549658536911,colorectal,colorectal,True
CVCL_5016,CVCL_5002,0.4811405837535858,colorectal,colorectal,True
CVCL_5016,CVCL_5038,0.4627564549446106,colorectal,bile_duct,False
CVCL_5016,CVCL_1382,0.4603116512298584,colorectal,colorectal,True
CVCL_5017,CVCL_1063,0.6867631673812866,upper_aerodigestive,epidermoid_carcinoma,False
CVCL_5017,CVCL_1091,0.6579108238220215,upper_aerodigestive,prostate,False
CVCL_5017,CVCL_6950,0.655523955821991,upper_aerodigestive,cervix,False
CVCL_5017,CVCL_2308,0.6536056399345398,upper_aerodigestive,upper_aerodigestive,True
CVCL_5017,CVCL_2313,0.6495428085327148,upper_aerodigestive,upper_aerodigestive,True
CVCL_5017,CVCL_2229,0.6424739956855774,upper_aerodigestive,upper_aerodigestive,True
CVCL_5017,CVCL_2722,0.6382767558097839,upper_aerodigestive,prostate,False
CVCL_5017,CVCL_1681,0.6349801421165466,upper_aerodigestive,upper_aerodigestive,True
CVCL_5017,CVCL_0037,0.6316314339637756,upper_aerodigestive,skin,False
CVCL_5027,CVCL_5250,0.5325844287872314,colorectal,colorectal,True
CVCL_5027,CVCL_2520,0.5279388427734375,colorectal,colorectal,True
CVCL_5027,CVCL_8175,0.5121804475784302,colorectal,colorectal,True
CVCL_5027,CVCL_5078,0.5087443590164185,colorectal,colorectal,True
CVCL_5027,CVCL_0544,0.5035238265991211,colorectal,colorectal,True
CVCL_5027,CVCL_1982,0.4846619665622711,colorectal,colorectal,True
CVCL_5027,CVCL_0632,0.45403382182121277,colorectal,colorectal,True
CVCL_5027,CVCL_1980,0.44200804829597473,colorectal,colorectal,True
CVCL_5027,CVCL_5098,0.44150787591934204,colorectal,colorectal,True
CVCL_5027,CVCL_1386,0.4406181275844574,colorectal,colorectal,True
CVCL_5027,CVCL_1718,0.43896305561065674,colorectal,colorectal,True
CVCL_5027,CVCL_5003,0.43572843074798584,colorectal,colorectal,True
CVCL_5027,CVCL_0555,0.43327653408050537,colorectal,colorectal,True
CVCL_5027,CVCL_9980,0.4285499155521393,colorectal,colorectal,True
CVCL_5027,CVCL_2749,0.428058922290802,colorectal,urinary_tract,False
CVCL_5031,CVCL_1980,0.6283918619155884,colorectal,colorectal,True
CVCL_5031,CVCL_5044,0.6192263960838318,colorectal,colorectal,True
CVCL_5031,CVCL_0076,0.5815724730491638,colorectal,gastric,False
CVCL_5031,CVCL_5111,0.5668744444847107,colorectal,colorectal,True
CVCL_5031,CVCL_5078,0.5657980442047119,colorectal,colorectal,True
CVCL_5031,CVCL_0397,0.5657203793525696,colorectal,colorectal,True
CVCL_5031,CVCL_1386,0.5656375288963318,colorectal,colorectal,True
CVCL_5031,CVCL_4645,0.5577676296234131,colorectal,ovary,False
CVCL_5031,CVCL_5098,0.5554108619689941,colorectal,colorectal,True
CVCL_5031,CVCL_4846,0.5522411465644836,colorectal,gastric,False
CVCL_5031,CVCL_8175,0.5502941608428955,colorectal,colorectal,True
CVCL_5031,CVCL_1982,0.5482127070426941,colorectal,colorectal,True
CVCL_5031,CVCL_0626,0.5444086194038391,colorectal,colorectal,True
CVCL_5033,CVCL_5069,0.5325496792793274,central_nervous_system,central_nervous_system,True
CVCL_5033,CVCL_5080,0.5216455459594727,central_nervous_system,central_nervous_system,True
CVCL_5033,CVCL_0844,0.5192749500274658,central_nervous_system,central_nervous_system,True
CVCL_5034,CVCL_A1UH,0.6093761324882507,pancreas,pancreas,True
CVCL_5034,CVCL_S507,0.5813621282577515,pancreas,pancreas,True
CVCL_5034,CVCL_5065,0.5716069936752319,pancreas,bile_duct,False
CVCL_5034,CVCL_A1VA,0.5362043976783752,pancreas,bile_duct,False
CVCL_5034,CVCL_A1VG,0.529771089553833,pancreas,bile_duct,False
CVCL_5034,CVCL_1681,0.5239816308021545,pancreas,upper_aerodigestive,False
CVCL_5038,CVCL_5078,0.7708941698074341,bile_duct,colorectal,False
CVCL_5038,CVCL_8175,0.7502095103263855,bile_duct,colorectal,False
CVCL_5038,CVCL_5250,0.7460085153579712,bile_duct,colorectal,False
CVCL_5038,CVCL_1980,0.7161391377449036,bile_duct,colorectal,False
CVCL_5038,CVCL_5044,0.7054212689399719,bile_duct,colorectal,False
CVCL_5038,CVCL_4645,0.7025159001350403,bile_duct,ovary,False
CVCL_5038,CVCL_1386,0.6961069703102112,bile_duct,colorectal,False
CVCL_5038,CVCL_9980,0.6959725618362427,bile_duct,colorectal,False
CVCL_5038,CVCL_1294,0.6959258317947388,bile_duct,colorectal,False
CVCL_5044,CVCL_5249,0.8334007263183594,colorectal,colorectal,True
CVCL_5044,CVCL_8176,0.7748895883560181,colorectal,colorectal,True
CVCL_5044,CVCL_5111,0.7741904258728027,colorectal,colorectal,True
CVCL_5044,CVCL_8175,0.7559387683868408,colorectal,colorectal,True
CVCL_5044,CVCL_5078,0.753409206867218,colorectal,colorectal,True
CVCL_5048,CVCL_1767,0.5108668804168701,bile_duct,esophagus,False
CVCL_5048,CVCL_1761,0.5030043125152588,bile_duct,esophagus,False
CVCL_5048,CVCL_2582,0.4828617572784424,bile_duct,lung,False
CVCL_5048,CVCL_3001,0.47834914922714233,bile_duct,upper_aerodigestive,False
CVCL_5048,CVCL_4056,0.4777204990386963,bile_duct,pancreas,False
CVCL_5048,CVCL_0186,0.476255863904953,bile_duct,pancreas,False
CVCL_5048,CVCL_1086,0.46007999777793884,bile_duct,upper_aerodigestive,False
CVCL_5048,CVCL_3160,0.45997354388237,bile_duct,upper_aerodigestive,False
CVCL_5048,CVCL_3336,0.45572835206985474,bile_duct,esophagus,False
CVCL_5048,CVCL_5071,0.45564115047454834,bile_duct,colorectal,False
CVCL_5048,CVCL_1763,0.4523192048072815,bile_duct,esophagus,False
CVCL_5048,CVCL_M261,0.4466627836227417,bile_duct,bile_duct,True
CVCL_5051,CVCL_6831,0.4906623363494873,pancreas,lung,False
CVCL_5051,CVCL_5160,0.3799639940261841,pancreas,lung,False
CVCL_5051,CVCL_1265,0.37783876061439514,pancreas,lung,False
CVCL_5051,CVCL_1546,0.3692168593406677,pancreas,lung,False
CVCL_5051,CVCL_5245,0.3542298376560211,pancreas,colorectal,False
CVCL_5051,CVCL_5034,0.3512367606163025,pancreas,pancreas,True
CVCL_5051,CVCL_1376,0.3506808280944824,pancreas,lung,False
CVCL_5054,CVCL_6186,0.5357183814048767,kidney,kidney,True
CVCL_5054,CVCL_5953,0.5349540114402771,kidney,kidney,True
CVCL_5054,CVCL_8788,0.5228151082992554,kidney,kidney,True
CVCL_5054,CVCL_V610,0.48982396721839905,kidney,kidney,True
CVCL_5054,CVCL_1065,0.46725374460220337,kidney,kidney,True
CVCL_5054,CVCL_2984,0.46073493361473083,kidney,kidney,True
CVCL_5054,CVCL_1647,0.4603593945503235,kidney,kidney,True
CVCL_5054,CVCL_5957,0.45220786333084106,kidney,kidney,True
CVCL_5054,CVCL_5952,0.4498756229877472,kidney,kidney,True
CVCL_5054,CVCL_1790,0.4274354875087738,kidney,kidney,True
CVCL_5054,CVCL_1721,0.4141369163990021,kidney,urinary_tract,False
CVCL_5054,CVCL_5008,0.3931841254234314,kidney,bile_duct,False
CVCL_5058,CVCL_5098,0.5746634006500244,colorectal,colorectal,True
CVCL_5058,CVCL_1982,0.559022068977356,colorectal,colorectal,True
CVCL_5058,CVCL_1708,0.5556191205978394,colorectal,colorectal,True
CVCL_5058,CVCL_5111,0.5520257353782654,colorectal,colorectal,True
CVCL_5058,CVCL_0397,0.5454593896865845,colorectal,colorectal,True
CVCL_5058,CVCL_0626,0.5419434905052185,colorectal,colorectal,True
CVCL_5058,CVCL_1386,0.5360311269760132,colorectal,colorectal,True
CVCL_5058,CVCL_4645,0.533318281173706,colorectal,ovary,False
CVCL_5058,CVCL_0399,0.5311668515205383,colorectal,colorectal,True
CVCL_5058,CVCL_1980,0.5066415667533875,colorectal,colorectal,True
CVCL_5058,CVCL_0544,0.5016840100288391,colorectal,colorectal,True
CVCL_5058,CVCL_5078,0.4965583384037018,colorectal,colorectal,True
CVCL_5058,CVCL_1648,0.49595513939857483,colorectal,colorectal,True
CVCL_5058,CVCL_9980,0.49186471104621887,colorectal,colorectal,True
CVCL_5058,CVCL_1294,0.491795152425766,colorectal,colorectal,True
CVCL_5059,CVCL_6748,0.36568236351013184,pancreas,pancreas,True
CVCL_5059,CVCL_1723,0.3265843093395233,pancreas,pancreas,True
CVCL_5059,CVCL_1551,0.3148817718029022,pancreas,lung,False
CVCL_5059,CVCL_3178,0.31345152854919434,pancreas,pancreas,True
CVCL_5059,CVCL_M469,0.30472707748413086,pancreas,pancreas,True
CVCL_5059,CVCL_1511,0.2892039120197296,pancreas,lung,False
CVCL_5059,CVCL_5081,0.2821725606918335,pancreas,gastric,False
CVCL_5059,CVCL_1628,0.2796021103858948,pancreas,ovary,False
CVCL_5059,CVCL_3338,0.2791908383369446,pancreas,colorectal,False
CVCL_5059,CVCL_1644,0.27632367610931396,pancreas,pancreas,True
CVCL_5059,CVCL_5034,0.2745666205883026,pancreas,pancreas,True
CVCL_5059,CVCL_0026,0.2738688588142395,pancreas,pancreas,True
CVCL_5059,CVCL_5131,0.2734432816505432,pancreas,lung,False
CVCL_5059,CVCL_3881,0.2714760899543762,pancreas,pancreas,True
CVCL_5063,CVCL_2585,0.41487833857536316,upper_aerodigestive,skin,False
CVCL_5063,CVCL_1197,0.40576568245887756,upper_aerodigestive,lung,False
CVCL_5063,CVCL_5133,0.3891492187976837,upper_aerodigestive,lung,False
CVCL_5063,CVCL_0497,0.38566359877586365,upper_aerodigestive,liver,False
CVCL_5063,CVCL_1187,0.38069602847099304,upper_aerodigestive,esophagus,False
CVCL_5063,CVCL_1655,0.37724167108535767,upper_aerodigestive,lung,False
CVCL_5063,CVCL_5048,0.37717244029045105,upper_aerodigestive,bile_duct,False
CVCL_5063,CVCL_0090,0.3769300878047943,upper_aerodigestive,liver,False
CVCL_5063,CVCL_2584,0.37544190883636475,upper_aerodigestive,skin,False
CVCL_5064,CVCL_0599,0.6111548542976379,central_nervous_system,skin,False
CVCL_5064,CVCL_0040,0.5524436831474304,central_nervous_system,skin,False
CVCL_5064,CVCL_2408,0.5388022661209106,central_nervous_system,skin,False
CVCL_5064,CVCL_0331,0.5259564518928528,central_nervous_system,skin,False
CVCL_5064,CVCL_1135,0.5229447484016418,central_nervous_system,skin,False
CVCL_5064,CVCL_0318,0.5228294134140015,central_nervous_system,skin,False
CVCL_5064,CVCL_A1VK,0.5158777832984924,central_nervous_system,skin,False
CVCL_5064,CVCL_A1VJ,0.5002079010009766,central_nervous_system,skin,False
CVCL_5064,CVCL_A1UE,0.4986598789691925,central_nervous_system,skin,False
CVCL_5064,CVCL_2606,0.4931974709033966,central_nervous_system,skin,False
CVCL_5064,CVCL_A341,0.4706718325614929,central_nervous_system,skin,False
CVCL_5064,CVCL_1438,0.4697112739086151,central_nervous_system,skin,False
CVCL_5065,CVCL_A1UH,0.5253671407699585,bile_duct,pancreas,False
CVCL_5065,CVCL_8147,0.4931846559047699,bile_duct,pancreas,False
CVCL_5065,CVCL_S507,0.48824164271354675,bile_duct,pancreas,False
CVCL_5065,CVCL_0237,0.4841514527797699,bile_duct,pancreas,False
CVCL_5065,CVCL_LM84,0.48110371828079224,bile_duct,pancreas,False
CVCL_5065,CVCL_M469,0.4715462028980255,bile_duct,pancreas,False
CVCL_5065,CVCL_1638,0.4690132439136505,bile_duct,pancreas,False
CVCL_5065,CVCL_A1VA,0.46623754501342773,bile_duct,bile_duct,True
CVCL_5069,CVCL_WU66,0.5788154006004333,central_nervous_system,bone,False
CVCL_5069,CVCL_A758,0.5453175902366638,central_nervous_system,central_nervous_system,True
CVCL_5071,CVCL_V586,0.6835845708847046,colorectal,lung,False
CVCL_5071,CVCL_5137,0.6570591330528259,colorectal,lung,False
CVCL_5071,CVCL_5480,0.6393226385116577,colorectal,lung,False
CVCL_5071,CVCL_2679,0.6226913928985596,colorectal,upper_aerodigestive,False
CVCL_5071,CVCL_C058,0.6110340356826782,colorectal,upper_aerodigestive,False
CVCL_5071,CVCL_6950,0.5972316861152649,colorectal,cervix,False
CVCL_5071,CVCL_1063,0.5678709149360657,colorectal,epidermoid_carcinoma,False
CVCL_5071,CVCL_1102,0.5678456425666809,colorectal,upper_aerodigestive,False
CVCL_5072,CVCL_EG22,0.621550440788269,gastric,colorectal,False
CVCL_5072,CVCL_8877,0.5895963907241821,gastric,gastric,True
CVCL_5072,CVCL_4846,0.5797953009605408,gastric,gastric,True
CVCL_5072,CVCL_1980,0.5531018376350403,gastric,colorectal,False
CVCL_5072,CVCL_1622,0.5286868810653687,gastric,esophagus,False
CVCL_5072,CVCL_4645,0.5189462900161743,gastric,ovary,False
CVCL_5072,CVCL_0076,0.5184708833694458,gastric,gastric,True
CVCL_5072,CVCL_1982,0.5182470083236694,gastric,colorectal,False
CVCL_5072,CVCL_5098,0.5175124406814575,gastric,colorectal,False
CVCL_5072,CVCL_0397,0.5139645338058472,gastric,colorectal,False
CVCL_5072,CVCL_5044,0.5080088376998901,gastric,colorectal,False
CVCL_5078,CVCL_8175,0.8712971806526184,colorectal,colorectal,True
CVCL_5078,CVCL_5250,0.8145266771316528,colorectal,colorectal,True
CVCL_5078,CVCL_9980,0.7567663788795471,colorectal,colorectal,True
CVCL_5078,CVCL_5111,0.7383630871772766,colorectal,colorectal,True
CVCL_5078,CVCL_5248,0.7336933016777039,colorectal,colorectal,True
CVCL_5079,CVCL_5044,0.565775454044342,gastric,colorectal,False
CVCL_5079,CVCL_2917,0.5463409423828125,gastric,colorectal,False
CVCL_5079,CVCL_0632,0.5431874394416809,gastric,colorectal,False
CVCL_5079,CVCL_1980,0.5320413708686829,gastric,colorectal,False
CVCL_5079,CVCL_8176,0.5155820846557617,gastric,colorectal,False
CVCL_5079,CVCL_9980,0.5155242085456848,gastric,colorectal,False
CVCL_5079,CVCL_5249,0.5137912034988403,gastric,colorectal,False
CVCL_5079,CVCL_8877,0.513335108757019,gastric,gastric,True
CVCL_5079,CVCL_1718,0.5116431713104248,gastric,colorectal,False
CVCL_5080,CVCL_1706,0.4130864441394806,central_nervous_system,central_nervous_system,True
CVCL_5080,CVCL_RS25,0.4042327105998993,central_nervous_system,soft_tissue,False
CVCL_5080,CVCL_3955,0.3841560184955597,central_nervous_system,central_nervous_system,True
CVCL_5080,CVCL_8585,0.38172608613967896,central_nervous_system,central_nervous_system,True
CVCL_5080,CVCL_1323,0.37466347217559814,central_nervous_system,central_nervous_system,True
CVCL_5080,CVCL_1173,0.37306129932403564,central_nervous_system,central_nervous_system,True
CVCL_5080,CVCL_1689,0.37259867787361145,central_nervous_system,central_nervous_system,True
CVCL_5080,CVCL_1169,0.3659563660621643,central_nervous_system,central_nervous_system,True
CVCL_5080,CVCL_1233,0.3580813705921173,central_nervous_system,central_nervous_system,True
CVCL_5081,CVCL_2193,0.34901565313339233,gastric,cervix,False
CVCL_5081,CVCL_1537,0.3320300877094269,gastric,lung,False
CVCL_5081,CVCL_0023,0.3123704791069031,gastric,lung,False
CVCL_5081,CVCL_1655,0.3039710819721222,gastric,lung,False
CVCL_5081,CVCL_1195,0.30004584789276123,gastric,lung,False
CVCL_5081,CVCL_1464,0.29859864711761475,gastric,lung,False
CVCL_5081,CVCL_2060,0.2925349771976471,gastric,lung,False
CVCL_5081,CVCL_0459,0.2885473668575287,gastric,lung,False
CVCL_5081,CVCL_1138,0.2864452302455902,gastric,lung,False
CVCL_5081,CVCL_1531,0.28120356798171997,gastric,lung,False
CVCL_5081,CVCL_1530,0.27541473507881165,gastric,lung,False
CVCL_5083,CVCL_1R16,0.4612071216106415,uterus,central_nervous_system,False
CVCL_5083,CVCL_1117,0.4453696310520172,uterus,central_nervous_system,False
CVCL_5083,CVCL_0844,0.4388454854488373,uterus,central_nervous_system,False
CVCL_5083,CVCL_YU13,0.43320536613464355,uterus,peripheral_nervous_system,False
CVCL_5083,CVCL_1795,0.4310227334499359,uterus,central_nervous_system,False
CVCL_5083,CVCL_V414,0.39960795640945435,uterus,soft_tissue,False
CVCL_5083,CVCL_0882,0.39497676491737366,uterus,fibroblast,False
CVCL_5083,CVCL_V617,0.3944450616836548,uterus,fibroblast,False
CVCL_5083,CVCL_0819,0.38865670561790466,uterus,fibroblast,False
CVCL_5083,CVCL_3603,0.385651171207428,uterus,thyroid,False
CVCL_5083,CVCL_2585,0.3771880567073822,uterus,skin,False
CVCL_5083,CVCL_1798,0.3771315813064575,uterus,central_nervous_system,False
CVCL_5083,CVCL_1173,0.37628090381622314,uterus,central_nervous_system,False
CVCL_5086,CVCL_5098,0.5652176737785339,gastric,colorectal,False
CVCL_5086,CVCL_9980,0.5213796496391296,gastric,colorectal,False
CVCL_5086,CVCL_1386,0.514752984046936,gastric,colorectal,False
CVCL_5086,CVCL_0545,0.5089943408966064,gastric,colorectal,False
CVCL_5086,CVCL_4645,0.502795934677124,gastric,ovary,False
CVCL_5086,CVCL_8234,0.5001714825630188,gastric,ovary,False
CVCL_5086,CVCL_5111,0.4987465739250183,gastric,colorectal,False
CVCL_5086,CVCL_0544,0.4902135133743286,gastric,colorectal,False
CVCL_5086,CVCL_1718,0.4901169240474701,gastric,colorectal,False
CVCL_5086,CVCL_8877,0.48902758955955505,gastric,gastric,True
CVCL_5086,CVCL_1980,0.48877421021461487,gastric,colorectal,False
CVCL_5086,CVCL_5038,0.488456130027771,gastric,bile_duct,False
CVCL_5086,CVCL_2520,0.48671478033065796,gastric,colorectal,False
CVCL_5086,CVCL_1648,0.4827972948551178,gastric,colorectal,False
CVCL_5086,CVCL_1622,0.48005563020706177,gastric,esophagus,False
CVCL_5087,CVCL_0359,0.3637300431728363,central_nervous_system,urinary_tract,False
CVCL_5087,CVCL_1523,0.3335670232772827,central_nervous_system,lung,False
CVCL_5087,CVCL_1427,0.31877636909484863,central_nervous_system,lung,False
CVCL_5087,CVCL_8065,0.30499494075775146,central_nervous_system,uterus,False
CVCL_5087,CVCL_1594,0.2985031306743622,central_nervous_system,lung,False
CVCL_5087,CVCL_2059,0.2983842194080353,central_nervous_system,lung,False
CVCL_5087,CVCL_1490,0.29598939418792725,central_nervous_system,lung,False
CVCL_5087,CVCL_1547,0.2935103476047516,central_nervous_system,lung,False
CVCL_5087,CVCL_5100,0.29178422689437866,central_nervous_system,ovary,False
CVCL_5087,CVCL_2596,0.2886408567428589,central_nervous_system,lung,False
CVCL_5087,CVCL_A1VL,0.2877689599990845,central_nervous_system,skin,False
CVCL_5087,CVCL_1311,0.28670501708984375,central_nervous_system,lung,False
CVCL_5089,CVCL_A1UZ,0.5647596120834351,liver,bile_duct,False
CVCL_5089,CVCL_5103,0.5300042629241943,liver,liver,True
CVCL_5089,CVCL_A1VD,0.5267583727836609,liver,bile_duct,False
CVCL_5089,CVCL_5102,0.5129418969154358,liver,liver,True
CVCL_5089,CVCL_A1VB,0.48274073004722595,liver,bile_duct,False
CVCL_5089,CVCL_5008,0.4653359353542328,liver,bile_duct,False
CVCL_5089,CVCL_A1VF,0.46184149384498596,liver,bile_duct,False
CVCL_5096,CVCL_1627,0.4764024019241333,ovary,ovary,True
CVCL_5096,CVCL_4649,0.4755917191505432,ovary,ovary,True
CVCL_5096,CVCL_0202,0.46689891815185547,ovary,ovary,True
CVCL_5096,CVCL_B079,0.4601336717605591,ovary,ovary,True
CVCL_5096,CVCL_2420,0.4578538239002228,ovary,ovary,True
CVCL_5096,CVCL_2419,0.4210582375526428,ovary,ovary,True
CVCL_5096,CVCL_2112,0.4146886467933655,ovary,uterus,False
CVCL_5096,CVCL_0532,0.41261976957321167,ovary,ovary,True
CVCL_5096,CVCL_1345,0.4091261625289917,ovary,ovary,True
CVCL_5096,CVCL_5014,0.40908142924308777,ovary,ovary,True
CVCL_5096,CVCL_5007,0.40745794773101807,ovary,uterus,False
CVCL_5098,CVCL_1980,0.7014138102531433,colorectal,colorectal,True
CVCL_5098,CVCL_5078,0.6767597198486328,colorectal,colorectal,True
CVCL_5098,CVCL_1708,0.6711272597312927,colorectal,colorectal,True
CVCL_5098,CVCL_5111,0.6705576777458191,colorectal,colorectal,True
CVCL_5098,CVCL_5250,0.6669497489929199,colorectal,colorectal,True
CVCL_5098,CVCL_1564,0.6638527512550354,colorectal,colorectal,True
CVCL_5098,CVCL_5038,0.6575666666030884,colorectal,bile_duct,False
CVCL_5098,CVCL_0545,0.6554369330406189,colorectal,colorectal,True
CVCL_5098,CVCL_0555,0.6473164558410645,colorectal,colorectal,True
CVCL_5098,CVCL_8175,0.6471743583679199,colorectal,colorectal,True
CVCL_5098,CVCL_9980,0.6469921469688416,colorectal,colorectal,True
CVCL_5098,CVCL_5044,0.6457233428955078,colorectal,colorectal,True
CVCL_5098,CVCL_1718,0.6411362290382385,colorectal,colorectal,True
CVCL_5100,CVCL_1652,0.47757869958877563,ovary,lung,False
CVCL_5100,CVCL_3158,0.43442073464393616,ovary,ovary,True
CVCL_5100,CVCL_1685,0.4138052463531494,ovary,upper_aerodigestive,False
CVCL_5100,CVCL_2465,0.40854209661483765,ovary,upper_aerodigestive,False
CVCL_5100,CVCL_1523,0.4053630530834198,ovary,lung,False
CVCL_5100,CVCL_0455,0.40248894691467285,ovary,lung,False
CVCL_5100,CVCL_1769,0.4017953872680664,ovary,bile_duct,False
CVCL_5100,CVCL_1483,0.38513848185539246,ovary,lung,False
CVCL_5100,CVCL_1105,0.3832051753997803,ovary,lung,False
CVCL_5100,CVCL_1095,0.3826386034488678,ovary,cervix,False
CVCL_5100,CVCL_1640,0.3815922439098358,ovary,lung,False
CVCL_5100,CVCL_V613,0.3806604743003845,ovary,central_nervous_system,False
CVCL_5100,CVCL_2308,0.3737320005893707,ovary,upper_aerodigestive,False
CVCL_5101,CVCL_1119,0.5109559893608093,bile_duct,pancreas,False
CVCL_5101,CVCL_LM84,0.46141284704208374,bile_duct,pancreas,False
CVCL_5101,CVCL_S507,0.4460919201374054,bile_duct,pancreas,False
CVCL_5101,CVCL_1638,0.4405815601348877,bile_duct,pancreas,False
CVCL_5101,CVCL_0026,0.43594852089881897,bile_duct,pancreas,False
CVCL_5102,CVCL_5103,0.564685046672821,liver,liver,True
CVCL_5102,CVCL_A1VD,0.5602710843086243,liver,bile_duct,False
CVCL_5102,CVCL_1850,0.4288024306297302,liver,pancreas,False
CVCL_5102,CVCL_4896,0.4226783215999603,liver,bile_duct,False
CVCL_5103,CVCL_5008,0.43546274304389954,liver,bile_duct,False
CVCL_5103,CVCL_6186,0.43159016966819763,liver,kidney,False
CVCL_5103,CVCL_A1VD,0.4296140968799591,liver,bile_duct,False
CVCL_5103,CVCL_1626,0.407393217086792,liver,kidney,False
CVCL_5103,CVCL_0364,0.40323352813720703,liver,liver,True
CVCL_5103,CVCL_4896,0.40244120359420776,liver,bile_duct,False
CVCL_5103,CVCL_1790,0.3947533369064331,liver,kidney,False
CVCL_5103,CVCL_2787,0.3834933936595917,liver,liver,True
CVCL_5105,CVCL_2229,0.6554594039916992,upper_aerodigestive,upper_aerodigestive,True
CVCL_5105,CVCL_1681,0.6268674731254578,upper_aerodigestive,upper_aerodigestive,True
CVCL_5105,CVCL_2221,0.625044047832489,upper_aerodigestive,upper_aerodigestive,True
CVCL_5105,CVCL_1063,0.5937014818191528,upper_aerodigestive,epidermoid_carcinoma,False
CVCL_5105,CVCL_1684,0.5918650031089783,upper_aerodigestive,upper_aerodigestive,True
CVCL_5105,CVCL_2310,0.5911973714828491,upper_aerodigestive,upper_aerodigestive,True
CVCL_5105,CVCL_2722,0.582152783870697,upper_aerodigestive,prostate,False
CVCL_5105,CVCL_U797,0.5811260342597961,upper_aerodigestive,skin,False
CVCL_5105,CVCL_2313,0.5769305229187012,upper_aerodigestive,upper_aerodigestive,True
CVCL_5105,CVCL_1335,0.5768865942955017,upper_aerodigestive,lung,False
CVCL_5105,CVCL_2679,0.5738847851753235,upper_aerodigestive,upper_aerodigestive,True
CVCL_5105,CVCL_1107,0.5720441937446594,upper_aerodigestive,upper_aerodigestive,True
CVCL_5111,CVCL_5249,0.7333789467811584,colorectal,colorectal,True
CVCL_5111,CVCL_9980,0.7198293209075928,colorectal,colorectal,True
CVCL_5111,CVCL_8175,0.7154511213302612,colorectal,colorectal,True
CVCL_5111,CVCL_1386,0.7091383337974548,colorectal,colorectal,True
CVCL_5111,CVCL_0555,0.7076578140258789,colorectal,colorectal,True
CVCL_5111,CVCL_5248,0.702988862991333,colorectal,colorectal,True
CVCL_5111,CVCL_0545,0.7001407742500305,colorectal,colorectal,True
CVCL_5112,CVCL_5016,0.4199352562427521,colorectal,colorectal,True
CVCL_5112,CVCL_5065,0.4056047797203064,colorectal,bile_duct,False
CVCL_5112,CVCL_1638,0.40281352400779724,colorectal,pancreas,False
CVCL_5112,CVCL_0313,0.4005691111087799,colorectal,pancreas,False
CVCL_5112,CVCL_5098,0.39008304476737976,colorectal,colorectal,True
CVCL_5112,CVCL_5034,0.3896434009075165,colorectal,pancreas,False
CVCL_5112,CVCL_0471,0.38933372497558594,colorectal,esophagus,False
CVCL_5112,CVCL_A1UH,0.384398877620697,colorectal,pancreas,False
CVCL_5112,CVCL_3881,0.38205793499946594,colorectal,pancreas,False
CVCL_5112,CVCL_0371,0.37458640336990356,colorectal,gastric,False
CVCL_5112,CVCL_1636,0.37350326776504517,colorectal,pancreas,False
CVCL_5112,CVCL_3338,0.3732393682003021,colorectal,colorectal,True
CVCL_5112,CVCL_3020,0.3697097599506378,colorectal,ovary,False
CVCL_5112,CVCL_1119,0.3684003949165344,colorectal,pancreas,False
CVCL_5112,CVCL_0237,0.36751851439476013,colorectal,pancreas,False
CVCL_5113,CVCL_1427,0.3894917666912079,lung,lung,True
CVCL_5113,CVCL_1537,0.33655020594596863,lung,lung,True
CVCL_5113,CVCL_1488,0.3037204146385193,lung,lung,True
CVCL_5113,CVCL_5133,0.29265347123146057,lung,lung,True
CVCL_5113,CVCL_1514,0.2884804904460907,lung,lung,True
CVCL_5113,CVCL_N588,0.28774935007095337,lung,soft_tissue,False
CVCL_5113,CVCL_2581,0.27730661630630493,lung,lung,True
CVCL_5113,CVCL_0366,0.2754484713077545,lung,liver,False
CVCL_5113,CVCL_1547,0.26872116327285767,lung,lung,True
CVCL_5113,CVCL_1089,0.2677513062953949,lung,cervix,False
CVCL_5113,CVCL_1497,0.26707419753074646,lung,lung,True
CVCL_5113,CVCL_0454,0.2654269337654114,lung,liver,False
CVCL_5126,CVCL_1482,0.4682634472846985,lung,lung,True
CVCL_5126,CVCL_6831,0.4581982493400574,lung,lung,True
CVCL_5126,CVCL_1652,0.4290541708469391,lung,lung,True
CVCL_5126,CVCL_1634,0.4084881842136383,lung,pancreas,False
CVCL_5127,CVCL_6831,0.4370726943016052,lung,lung,True
CVCL_5127,CVCL_1651,0.3798593580722809,lung,lung,True
CVCL_5127,CVCL_1524,0.3775703012943268,lung,lung,True
CVCL_5127,CVCL_1269,0.3648819625377655,lung,lung,True
CVCL_5127,CVCL_5160,0.3619803786277771,lung,lung,True
CVCL_5127,CVCL_5051,0.34775322675704956,lung,pancreas,False
CVCL_5127,CVCL_1550,0.34496358036994934,lung,lung,True
CVCL_5127,CVCL_3088,0.3420434296131134,lung,colorectal,False
CVCL_5127,CVCL_1552,0.34042084217071533,lung,lung,True
CVCL_5127,CVCL_1376,0.33248215913772583,lung,lung,True
CVCL_5127,CVCL_1265,0.31823819875717163,lung,lung,True
CVCL_5127,CVCL_3337,0.31463682651519775,lung,esophagus,False
CVCL_5128,CVCL_0463,0.36673790216445923,lung,lung,True
CVCL_5128,CVCL_1070,0.35297122597694397,lung,central_nervous_system,False
CVCL_5128,CVCL_4W66,0.34998977184295654,lung,central_nervous_system,False
CVCL_5129,CVCL_1516,0.5576881170272827,lung,lung,True
CVCL_5129,CVCL_1693,0.5443228483200073,lung,lung,True
CVCL_5129,CVCL_1175,0.5343455672264099,lung,lung,True
CVCL_5129,CVCL_1522,0.5278886556625366,lung,lung,True
CVCL_5129,CVCL_2418,0.524687647819519,lung,lung,True
CVCL_5129,CVCL_1565,0.5183740854263306,lung,lung,True
CVCL_5131,CVCL_1269,0.3557737171649933,lung,lung,True
CVCL_5131,CVCL_1731,0.3414725363254547,lung,lung,True
CVCL_5131,CVCL_5126,0.3410170078277588,lung,lung,True
CVCL_5131,CVCL_1511,0.3028314709663391,lung,lung,True
CVCL_5131,CVCL_1302,0.302195280790329,lung,lung,True
CVCL_5131,CVCL_2063,0.30170583724975586,lung,lung,True
CVCL_5131,CVCL_5135,0.294813871383667,lung,lung,True
CVCL_5131,CVCL_1285,0.29466190934181213,lung,lung,True
CVCL_5131,CVCL_1546,0.2923303246498108,lung,lung,True
CVCL_5131,CVCL_5051,0.28930699825286865,lung,pancreas,False
CVCL_5131,CVCL_1499,0.2776517868041992,lung,lung,True
CVCL_5131,CVCL_H525,0.276333212852478,lung,thyroid,False
CVCL_5132,CVCL_0037,0.40943437814712524,lung,skin,False
CVCL_5132,CVCL_5071,0.40588274598121643,lung,colorectal,False
CVCL_5132,CVCL_3336,0.3994216322898865,lung,esophagus,False
CVCL_5132,CVCL_1102,0.39209452271461487,lung,upper_aerodigestive,False
CVCL_5132,CVCL_1107,0.37885063886642456,lung,upper_aerodigestive,False
CVCL_5132,CVCL_2222,0.3777084946632385,lung,upper_aerodigestive,False
CVCL_5132,CVCL_C058,0.3722454309463501,lung,upper_aerodigestive,False
CVCL_5132,CVCL_1063,0.36509326100349426,lung,epidermoid_carcinoma,False
CVCL_5132,CVCL_2679,0.3642117381095886,lung,upper_aerodigestive,False
CVCL_5132,CVCL_3599,0.3636740744113922,lung,urinary_tract,False
CVCL_5132,CVCL_1083,0.3624258041381836,lung,urinary_tract,False
CVCL_5132,CVCL_2661,0.35791000723838806,lung,esophagus,False
CVCL_5132,CVCL_1761,0.3496478199958801,lung,esophagus,False
CVCL_5132,CVCL_3174,0.3485117554664612,lung,esophagus,False
CVCL_5132,CVCL_1765,0.34808847308158875,lung,esophagus,False
CVCL_5133,CVCL_5158,0.4425908029079437,lung,lung,True
CVCL_5133,CVCL_0543,0.3741910457611084,lung,bone,False
CVCL_5133,CVCL_5167,0.33202773332595825,lung,gastric,False
CVCL_5133,CVCL_3954,0.32316556572914124,lung,central_nervous_system,False
CVCL_5133,CVCL_1511,0.3158188760280609,lung,lung,True
CVCL_5133,CVCL_1219,0.3122596740722656,lung,thyroid,False
CVCL_5133,CVCL_2594,0.30670440196990967,lung,lung,True
CVCL_5133,CVCL_1546,0.30096766352653503,lung,lung,True
CVCL_5133,CVCL_1197,0.29959729313850403,lung,lung,True
CVCL_5134,CVCL_5126,0.3467482626438141,lung,lung,True
CVCL_5134,CVCL_2671,0.34470507502555847,lung,lung,True
CVCL_5134,CVCL_1465,0.32159027457237244,lung,lung,True
CVCL_5134,CVCL_1559,0.32120975852012634,lung,lung,True
CVCL_5134,CVCL_1550,0.3204794228076935,lung,lung,True
CVCL_5134,CVCL_2061,0.3194108009338379,lung,lung,True
CVCL_5134,CVCL_4900,0.31735870242118835,lung,lung,True
CVCL_5135,CVCL_WS59,0.32469654083251953,lung,kidney,False
CVCL_5135,CVCL_1731,0.3245183527469635,lung,lung,True
CVCL_5135,CVCL_5051,0.322412371635437,lung,pancreas,False
CVCL_5135,CVCL_0366,0.3208986520767212,lung,liver,False
CVCL_5135,CVCL_0359,0.3133912682533264,lung,urinary_tract,False
CVCL_5135,CVCL_0035,0.30893442034721375,lung,prostate,False
CVCL_5135,CVCL_1302,0.30541861057281494,lung,lung,True
CVCL_5135,CVCL_VU89,0.2959558963775635,lung,kidney,False
CVCL_5135,CVCL_2063,0.2928600013256073,lung,lung,True
CVCL_5135,CVCL_1285,0.28668105602264404,lung,lung,True
CVCL_5135,CVCL_1465,0.28530097007751465,lung,lung,True
CVCL_5136,CVCL_V607,0.48703503608703613,lung,kidney,False
CVCL_5136,CVCL_5008,0.4699259400367737,lung,bile_duct,False
CVCL_5136,CVCL_4896,0.39997929334640503,lung,bile_duct,False
CVCL_5136,CVCL_5089,0.3988224267959595,lung,liver,False
CVCL_5136,CVCL_0364,0.3803597688674927,lung,liver,False
CVCL_5136,CVCL_1530,0.3790680170059204,lung,lung,True
CVCL_5137,CVCL_V586,0.7016317844390869,lung,lung,True
CVCL_5137,CVCL_2661,0.622626006603241,lung,esophagus,False
CVCL_5137,CVCL_6950,0.5796346068382263,lung,cervix,False
CVCL_5137,CVCL_2679,0.5635848641395569,lung,upper_aerodigestive,False
CVCL_5137,CVCL_C058,0.5612562894821167,lung,upper_aerodigestive,False
CVCL_5137,CVCL_3174,0.5546077489852905,lung,esophagus,False
CVCL_5137,CVCL_1102,0.5488898158073425,lung,upper_aerodigestive,False
CVCL_5137,CVCL_5480,0.5449655055999756,lung,lung,True
CVCL_5137,CVCL_1763,0.5416902899742126,lung,esophagus,False
CVCL_5158,CVCL_5167,0.5124950408935547,lung,gastric,False
CVCL_5158,CVCL_1229,0.3828202486038208,lung,soft_tissue,False
CVCL_5158,CVCL_0543,0.3628089129924774,lung,bone,False
CVCL_5158,CVCL_2447,0.3589397072792053,lung,thyroid,False
CVCL_5158,CVCL_1375,0.35429468750953674,lung,lung,True
CVCL_5158,CVCL_2947,0.34424135088920593,lung,liver,False
CVCL_5158,CVCL_3954,0.3440949022769928,lung,central_nervous_system,False
CVCL_5158,CVCL_5063,0.3432503938674927,lung,upper_aerodigestive,False
CVCL_5158,CVCL_2960,0.3413742184638977,lung,thyroid,False
CVCL_5159,CVCL_1119,0.44641366600990295,lung,pancreas,False
CVCL_5159,CVCL_3178,0.414073646068573,lung,pancreas,False
CVCL_5159,CVCL_0237,0.39078688621520996,lung,pancreas,False
CVCL_5159,CVCL_1794,0.38469064235687256,lung,pancreas,False
CVCL_5159,CVCL_0320,0.37271973490715027,lung,colorectal,False
CVCL_5159,CVCL_0434,0.36234912276268005,lung,gastric,False
CVCL_5159,CVCL_3172,0.3551032841205597,lung,pancreas,False
CVCL_5159,CVCL_A1UH,0.35126030445098877,lung,pancreas,False
CVCL_5159,CVCL_LM84,0.34906280040740967,lung,pancreas,False
CVCL_5159,CVCL_6899,0.34331005811691284,lung,bile_duct,False
CVCL_5159,CVCL_0313,0.34161704778671265,lung,pancreas,False
CVCL_5159,CVCL_2090,0.3337065577507019,lung,pancreas,False
CVCL_5160,CVCL_6831,0.4855208098888397,lung,lung,True
CVCL_5160,CVCL_5245,0.4537656009197235,lung,colorectal,False
CVCL_5160,CVCL_L085,0.40843209624290466,lung,upper_aerodigestive,False
CVCL_5160,CVCL_1482,0.40413111448287964,lung,lung,True
CVCL_5167,CVCL_1229,0.3883804976940155,gastric,soft_tissue,False
CVCL_5167,CVCL_1492,0.36990153789520264,gastric,lung,False
CVCL_5167,CVCL_1292,0.35923534631729126,gastric,urinary_tract,False
CVCL_5167,CVCL_1375,0.35215893387794495,gastric,lung,False
CVCL_5167,CVCL_0317,0.35139498114585876,gastric,soft_tissue,False
CVCL_5167,CVCL_5048,0.32687222957611084,gastric,bile_duct,False
CVCL_5167,CVCL_2067,0.32410937547683716,gastric,breast,False
CVCL_5209,CVCL_E333,0.586354672908783,plasma_cell,plasma_cell,True
CVCL_5209,CVCL_5210,0.5092164278030396,plasma_cell,plasma_cell,True
CVCL_5210,CVCL_8792,0.5828354358673096,plasma_cell,plasma_cell,True
CVCL_5210,CVCL_E332,0.5376695394515991,plasma_cell,plasma_cell,True
CVCL_5210,CVCL_2030,0.5206076502799988,plasma_cell,plasma_cell,True
CVCL_5224,CVCL_2122,0.6497654914855957,blood,blood,True
CVCL_5224,CVCL_0614,0.6331326961517334,blood,blood,True
CVCL_5224,CVCL_2130,0.6174015998840332,blood,blood,True
CVCL_5224,CVCL_2191,0.594768762588501,blood,blood,True
CVCL_5224,CVCL_1433,0.5479997992515564,blood,blood,True
CVCL_5224,CVCL_1071,0.5369021892547607,blood,blood,True
CVCL_5224,CVCL_0217,0.5363159775733948,blood,blood,True
CVCL_5224,CVCL_1380,0.5264000296592712,blood,blood,True
CVCL_5245,CVCL_6831,0.5652922987937927,colorectal,lung,False
CVCL_5245,CVCL_1849,0.46673816442489624,colorectal,pancreas,False
CVCL_5245,CVCL_5034,0.4456297755241394,colorectal,pancreas,False
CVCL_5245,CVCL_1119,0.4256057143211365,colorectal,pancreas,False
CVCL_5245,CVCL_1482,0.40479668974876404,colorectal,lung,False
CVCL_5245,CVCL_1637,0.3986806273460388,colorectal,pancreas,False
CVCL_5248,CVCL_8175,0.7317294478416443,colorectal,colorectal,True
CVCL_5248,CVCL_5250,0.7246119976043701,colorectal,colorectal,True
CVCL_5248,CVCL_1564,0.6937567591667175,colorectal,colorectal,True
CVCL_5248,CVCL_0632,0.6811984777450562,colorectal,colorectal,True
CVCL_5248,CVCL_5038,0.6684667468070984,colorectal,bile_duct,False
CVCL_5248,CVCL_1980,0.6671013236045837,colorectal,colorectal,True
CVCL_5248,CVCL_5044,0.6652482748031616,colorectal,colorectal,True
CVCL_5248,CVCL_1708,0.6628637909889221,colorectal,colorectal,True
CVCL_5248,CVCL_9980,0.6597798466682434,colorectal,colorectal,True
CVCL_5248,CVCL_5249,0.6518059372901917,colorectal,colorectal,True
CVCL_5249,CVCL_8176,0.8562906980514526,colorectal,colorectal,True
CVCL_5249,CVCL_1980,0.7539040446281433,colorectal,colorectal,True
CVCL_5249,CVCL_8175,0.7052736282348633,colorectal,colorectal,True
CVCL_5249,CVCL_4645,0.6938678026199341,colorectal,ovary,False
CVCL_5249,CVCL_9980,0.6914992928504944,colorectal,colorectal,True
CVCL_5249,CVCL_1564,0.6827504634857178,colorectal,colorectal,True
CVCL_5249,CVCL_0555,0.6820452809333801,colorectal,colorectal,True
CVCL_5250,CVCL_8175,0.8260794281959534,colorectal,colorectal,True
CVCL_5250,CVCL_9980,0.7696348428726196,colorectal,colorectal,True
CVCL_5250,CVCL_5044,0.7291917204856873,colorectal,colorectal,True
CVCL_5423,CVCL_A758,0.38039636611938477,breast,central_nervous_system,False
CVCL_5423,CVCL_2447,0.37263932824134827,breast,thyroid,False
CVCL_5423,CVCL_1688,0.36461737751960754,breast,central_nervous_system,False
CVCL_5423,CVCL_8708,0.36385515332221985,breast,thyroid,False
CVCL_5423,CVCL_3959,0.341994971036911,breast,central_nervous_system,False
CVCL_5423,CVCL_WU66,0.3339208960533142,breast,bone,False
CVCL_5423,CVCL_A1VK,0.3223210871219635,breast,skin,False
CVCL_5423,CVCL_1239,0.31968486309051514,breast,central_nervous_system,False
CVCL_5423,CVCL_1052,0.3152836561203003,breast,central_nervous_system,False
CVCL_5423,CVCL_1229,0.3067924678325653,breast,soft_tissue,False
CVCL_5423,CVCL_1070,0.30442237854003906,breast,central_nervous_system,False
CVCL_5423,CVCL_A1VL,0.3030605912208557,breast,skin,False
CVCL_5480,CVCL_V586,0.5503973960876465,lung,lung,True
CVCL_5480,CVCL_3174,0.545920193195343,lung,esophagus,False
CVCL_5480,CVCL_2661,0.5262357592582703,lung,esophagus,False
CVCL_5480,CVCL_1349,0.5177814960479736,lung,esophagus,False
CVCL_5480,CVCL_1761,0.4996095597743988,lung,esophagus,False
CVCL_5480,CVCL_3336,0.4953879714012146,lung,esophagus,False
CVCL_5480,CVCL_1767,0.4531309902667999,lung,esophagus,False
CVCL_5480,CVCL_1289,0.4477011561393738,lung,upper_aerodigestive,False
CVCL_5480,CVCL_2784,0.447447270154953,lung,upper_aerodigestive,False
CVCL_5589,CVCL_M823,0.35106950998306274,breast,soft_tissue,False
CVCL_5589,CVCL_0863,0.339233934879303,breast,fibroblast,False
CVCL_5589,CVCL_8716,0.3335937261581421,breast,bone,False
CVCL_5589,CVCL_0871,0.32387760281562805,breast,soft_tissue,False
CVCL_5589,CVCL_0548,0.32145199179649353,breast,bone,False
CVCL_5589,CVCL_0543,0.3195349872112274,breast,bone,False
CVCL_5589,CVCL_WU66,0.31831273436546326,breast,bone,False
CVCL_5589,CVCL_1093,0.3121006190776825,breast,central_nervous_system,False
CVCL_5589,CVCL_J521,0.310211718082428,breast,unknown,False
CVCL_5589,CVCL_2420,0.3087998032569885,breast,ovary,False
CVCL_5589,CVCL_0846,0.30815643072128296,breast,fibroblast,False
CVCL_5589,CVCL_1R17,0.29842913150787354,breast,central_nervous_system,False
CVCL_5589,CVCL_2909,0.29754969477653503,breast,bone,False
CVCL_5591,CVCL_1400,0.48940834403038025,breast,breast,True
CVCL_5591,CVCL_1812,0.47943609952926636,breast,breast,True
CVCL_5591,CVCL_1661,0.4492573142051697,breast,breast,True
CVCL_5591,CVCL_0588,0.4168248176574707,breast,breast,True
CVCL_5591,CVCL_2319,0.4132666289806366,breast,breast,True
CVCL_5591,CVCL_0553,0.40753769874572754,breast,breast,True
CVCL_5591,CVCL_1782,0.38449206948280334,breast,breast,True
CVCL_5591,CVCL_1263,0.3690289258956909,breast,breast,True
CVCL_5594,CVCL_2458,0.5283796787261963,breast,upper_aerodigestive,False
CVCL_5594,CVCL_2308,0.5011129379272461,breast,upper_aerodigestive,False
CVCL_5594,CVCL_2465,0.4841465353965759,breast,upper_aerodigestive,False
CVCL_5594,CVCL_2312,0.4819899797439575,breast,upper_aerodigestive,False
CVCL_5594,CVCL_2457,0.4621153473854065,breast,upper_aerodigestive,False
CVCL_5594,CVCL_2314,0.4593912661075592,breast,upper_aerodigestive,False
CVCL_5594,CVCL_IZ34,0.45272982120513916,breast,breast,True
CVCL_5594,CVCL_2315,0.4350700378417969,breast,upper_aerodigestive,False
CVCL_5594,CVCL_2723,0.385982483625412,breast,prostate,False
CVCL_5594,CVCL_1634,0.37372079491615295,breast,pancreas,False
CVCL_5594,CVCL_2677,0.36470097303390503,breast,prostate,False
CVCL_5594,CVCL_2678,0.35185930132865906,breast,upper_aerodigestive,False
CVCL_5599,CVCL_LM84,0.47693124413490295,bile_duct,pancreas,False
CVCL_5599,CVCL_6899,0.46580609679222107,bile_duct,bile_duct,True
CVCL_5599,CVCL_A1VF,0.4547399878501892,bile_duct,bile_duct,True
CVCL_5599,CVCL_1633,0.44847095012664795,bile_duct,pancreas,False
CVCL_5599,CVCL_A1VI,0.44492319226264954,bile_duct,bile_duct,True
CVCL_5599,CVCL_0609,0.43315237760543823,bile_duct,lung,False
CVCL_5599,CVCL_0237,0.43149760365486145,bile_duct,pancreas,False
CVCL_5599,CVCL_3082,0.4296848773956299,bile_duct,gastric,False
CVCL_5599,CVCL_1622,0.4089626669883728,bile_duct,esophagus,False
CVCL_5599,CVCL_0434,0.4062809348106384,bile_duct,gastric,False
CVCL_5599,CVCL_1790,0.4054616689682007,bile_duct,kidney,False
CVCL_5599,CVCL_1119,0.40376049280166626,bile_duct,pancreas,False
CVCL_5599,CVCL_0026,0.39826837182044983,bile_duct,pancreas,False
CVCL_5599,CVCL_1603,0.3977183997631073,bile_duct,gastric,False
CVCL_5602,CVCL_2092,0.6890400648117065,peripheral_nervous_system,peripheral_nervous_system,True
CVCL_5602,CVCL_0346,0.6843748092651367,peripheral_nervous_system,peripheral_nervous_system,True
CVCL_5602,CVCL_1701,0.6797938346862793,peripheral_nervous_system,peripheral_nervous_system,True
CVCL_5602,CVCL_AX42,0.6765439510345459,peripheral_nervous_system,peripheral_nervous_system,True
CVCL_5602,CVCL_2143,0.674419105052948,peripheral_nervous_system,peripheral_nervous_system,True
CVCL_5602,CVCL_5627,0.6732277274131775,peripheral_nervous_system,peripheral_nervous_system,True
CVCL_5602,CVCL_1341,0.6699255108833313,peripheral_nervous_system,peripheral_nervous_system,True
CVCL_5602,CVCL_1123,0.667080283164978,peripheral_nervous_system,peripheral_nervous_system,True
CVCL_5602,CVCL_2141,0.6648502349853516,peripheral_nervous_system,peripheral_nervous_system,True
CVCL_5602,CVCL_1606,0.6612887978553772,peripheral_nervous_system,peripheral_nervous_system,True
CVCL_5602,CVCL_0528,0.6574969291687012,peripheral_nervous_system,peripheral_nervous_system,True
CVCL_5602,CVCL_1339,0.6517385244369507,peripheral_nervous_system,peripheral_nervous_system,True
CVCL_5627,CVCL_6594,0.8368598222732544,peripheral_nervous_system,peripheral_nervous_system,True
CVCL_5627,CVCL_AX49,0.7795305848121643,peripheral_nervous_system,peripheral_nervous_system,True
CVCL_5627,CVCL_AX42,0.7703176140785217,peripheral_nervous_system,peripheral_nervous_system,True
CVCL_5723,CVCL_8717,0.4995109438896179,central_nervous_system,central_nervous_system,True
CVCL_5723,CVCL_WU66,0.4919586777687073,central_nervous_system,bone,False
CVCL_5723,CVCL_0966,0.44816750288009644,central_nervous_system,fibroblast,False
CVCL_5723,CVCL_0844,0.4305970370769501,central_nervous_system,central_nervous_system,True
CVCL_5779,CVCL_1229,0.3650243878364563,central_nervous_system,soft_tissue,False
CVCL_5779,CVCL_0317,0.3554951250553131,central_nervous_system,soft_tissue,False
CVCL_5779,CVCL_1375,0.34972047805786133,central_nervous_system,lung,False
CVCL_5779,CVCL_1688,0.34966886043548584,central_nervous_system,central_nervous_system,True
CVCL_5779,CVCL_1608,0.3421490788459778,central_nervous_system,central_nervous_system,True
CVCL_5779,CVCL_8481,0.3370003402233124,central_nervous_system,central_nervous_system,True
CVCL_5779,CVCL_WS73,0.3362467885017395,central_nervous_system,central_nervous_system,True
CVCL_5779,CVCL_4W66,0.32985472679138184,central_nervous_system,central_nervous_system,True
CVCL_5779,CVCL_1167,0.32675111293792725,central_nervous_system,central_nervous_system,True
CVCL_5779,CVCL_8717,0.3136795163154602,central_nervous_system,central_nervous_system,True
CVCL_5779,CVCL_3960,0.30596789717674255,central_nervous_system,central_nervous_system,True
CVCL_5779,CVCL_0543,0.2965644598007202,central_nervous_system,bone,False
CVCL_5779,CVCL_0582,0.2949773967266083,central_nervous_system,thyroid,False
CVCL_5916,CVCL_VU81,0.8117531538009644,soft_tissue,soft_tissue,True
CVCL_5916,CVCL_A667,0.7884021997451782,soft_tissue,soft_tissue,True
CVCL_5916,CVCL_8752,0.7697874903678894,soft_tissue,soft_tissue,True
CVCL_5916,CVCL_RT33,0.7485219836235046,soft_tissue,soft_tissue,True
CVCL_5916,CVCL_L510,0.7352666258811951,soft_tissue,soft_tissue,True
CVCL_5916,CVCL_M599,0.6519781947135925,soft_tissue,soft_tissue,True
CVCL_5916,CVCL_A770,0.5490080714225769,soft_tissue,soft_tissue,True
CVCL_5916,CVCL_B255,0.39610666036605835,soft_tissue,soft_tissue,True
CVCL_5916,CVCL_1176,0.3958231806755066,soft_tissue,lung,False
CVCL_5916,CVCL_V415,0.39399534463882446,soft_tissue,soft_tissue,True
CVCL_5916,CVCL_1659,0.38941317796707153,soft_tissue,soft_tissue,True
CVCL_5916,CVCL_2141,0.3848296105861664,soft_tissue,peripheral_nervous_system,False
CVCL_5951,CVCL_B4KU,0.725738525390625,skin,skin,True
CVCL_5951,CVCL_A1UF,0.7129780054092407,skin,skin,True
CVCL_5952,CVCL_5957,0.5827044248580933,kidney,kidney,True
CVCL_5952,CVCL_6186,0.5718259215354919,kidney,kidney,True
CVCL_5952,CVCL_V612,0.5550234913825989,kidney,kidney,True
CVCL_5952,CVCL_5953,0.5439268946647644,kidney,kidney,True
CVCL_5952,CVCL_8788,0.5283980369567871,kidney,kidney,True
CVCL_5952,CVCL_2984,0.5216533541679382,kidney,kidney,True
CVCL_5952,CVCL_0235,0.5199506878852844,kidney,kidney,True
CVCL_5952,CVCL_1111,0.4987375736236572,kidney,kidney,True
CVCL_5952,CVCL_1065,0.48894086480140686,kidney,kidney,True
CVCL_5952,CVCL_1721,0.47877365350723267,kidney,urinary_tract,False
CVCL_5953,CVCL_V612,0.6917877197265625,kidney,kidney,True
CVCL_5953,CVCL_5957,0.6739885210990906,kidney,kidney,True
CVCL_5953,CVCL_V610,0.5767718553543091,kidney,kidney,True
CVCL_5953,CVCL_8788,0.5720047950744629,kidney,kidney,True
CVCL_5953,CVCL_6186,0.5699033737182617,kidney,kidney,True
CVCL_5957,CVCL_6186,0.6889052987098694,kidney,kidney,True
CVCL_5957,CVCL_8788,0.6776472926139832,kidney,kidney,True
CVCL_5957,CVCL_V610,0.619417667388916,kidney,kidney,True
CVCL_5957,CVCL_V607,0.5870538949966431,kidney,kidney,True
CVCL_5957,CVCL_V612,0.585453987121582,kidney,kidney,True
CVCL_6025,CVCL_1779,0.7117148637771606,skin,skin,True
CVCL_6025,CVCL_0039,0.699471652507782,skin,skin,True
CVCL_6025,CVCL_8784,0.6986258625984192,skin,skin,True
CVCL_6025,CVCL_2605,0.6819223165512085,skin,skin,True
CVCL_6025,CVCL_D828,0.6773389577865601,skin,skin,True
CVCL_6025,CVCL_5951,0.6755571365356445,skin,skin,True
CVCL_6025,CVCL_1692,0.6628037691116333,skin,skin,True
CVCL_6186,CVCL_V607,0.6902276873588562,kidney,kidney,True
CVCL_6186,CVCL_8788,0.663869321346283,kidney,kidney,True
CVCL_6186,CVCL_V610,0.6178508400917053,kidney,kidney,True
CVCL_6186,CVCL_V612,0.5874152779579163,kidney,kidney,True
CVCL_6543,CVCL_1627,0.5175389051437378,uterus,ovary,False
CVCL_6543,CVCL_0202,0.4886358380317688,uterus,ovary,False
CVCL_6543,CVCL_3114,0.4736541509628296,uterus,ovary,False
CVCL_6543,CVCL_2420,0.4680764973163605,uterus,ovary,False
CVCL_6543,CVCL_2422,0.4623422920703888,uterus,ovary,False
CVCL_6583,CVCL_M153,0.7577236890792847,bone,bone,True
CVCL_6583,CVCL_S740,0.7535006403923035,bone,bone,True
CVCL_6583,CVCL_M151,0.7352771162986755,bone,bone,True
CVCL_6583,CVCL_M150,0.7347738742828369,bone,bone,True
CVCL_6583,CVCL_V618,0.691047191619873,bone,bone,True
CVCL_6583,CVCL_F531,0.6689963936805725,bone,bone,True
CVCL_6594,CVCL_AX49,0.7468782663345337,peripheral_nervous_system,peripheral_nervous_system,True
CVCL_6735,CVCL_2799,0.46077191829681396,central_nervous_system,central_nervous_system,True
CVCL_6735,CVCL_5033,0.42093074321746826,central_nervous_system,central_nervous_system,True
CVCL_6735,CVCL_0021,0.41360950469970703,central_nervous_system,central_nervous_system,True
CVCL_6735,CVCL_2297,0.38891807198524475,central_nervous_system,central_nervous_system,True
CVCL_6735,CVCL_WS73,0.38609781861305237,central_nervous_system,central_nervous_system,True
CVCL_6735,CVCL_5010,0.3835473358631134,central_nervous_system,central_nervous_system,True
CVCL_6735,CVCL_4W68,0.37547582387924194,central_nervous_system,central_nervous_system,True
CVCL_6735,CVCL_0844,0.3627123236656189,central_nervous_system,central_nervous_system,True
CVCL_6748,CVCL_2090,0.3350844979286194,pancreas,pancreas,True
CVCL_6748,CVCL_1628,0.32868993282318115,pancreas,ovary,False
CVCL_6748,CVCL_H695,0.3247091770172119,pancreas,bile_duct,False
CVCL_6748,CVCL_5034,0.31888431310653687,pancreas,pancreas,True
CVCL_6748,CVCL_A1VB,0.3046884536743164,pancreas,bile_duct,False
CVCL_6748,CVCL_1738,0.29026174545288086,pancreas,urinary_tract,False
CVCL_6748,CVCL_M469,0.2892146408557892,pancreas,pancreas,True
CVCL_6748,CVCL_2786,0.2890450656414032,pancreas,liver,False
CVCL_6748,CVCL_5159,0.28634288907051086,pancreas,lung,False
CVCL_6748,CVCL_8708,0.2833092510700226,pancreas,thyroid,False
CVCL_6748,CVCL_5081,0.27286043763160706,pancreas,gastric,False
CVCL_6797,CVCL_1689,0.43233296275138855,skin,central_nervous_system,False
CVCL_6797,CVCL_A1VM,0.4257667362689972,skin,skin,True
CVCL_6797,CVCL_J521,0.3922047019004822,skin,unknown,False
CVCL_6797,CVCL_1666,0.3834344148635864,skin,skin,True
CVCL_6797,CVCL_1113,0.35057637095451355,skin,bone,False
CVCL_6797,CVCL_0332,0.34949055314064026,skin,breast,False
CVCL_6797,CVCL_2076,0.34941941499710083,skin,skin,True
CVCL_6797,CVCL_AU20,0.348347008228302,skin,peripheral_nervous_system,False
CVCL_6797,CVCL_2588,0.3449530601501465,skin,colorectal,False
CVCL_6797,CVCL_A1VQ,0.34349140524864197,skin,soft_tissue,False
CVCL_6797,CVCL_M823,0.34202665090560913,skin,soft_tissue,False
CVCL_6797,CVCL_0698,0.33863842487335205,skin,fibroblast,False
CVCL_6797,CVCL_0582,0.3369256556034088,skin,thyroid,False
CVCL_6805,CVCL_A341,0.7256766557693481,skin,skin,True
CVCL_6805,CVCL_1672,0.6813353300094604,skin,skin,True
CVCL_6805,CVCL_1036,0.6784397959709167,skin,skin,True
CVCL_6805,CVCL_0527,0.6567845940589905,skin,skin,True
CVCL_6805,CVCL_0526,0.6566780209541321,skin,skin,True
CVCL_6805,CVCL_2950,0.6430892944335938,skin,skin,True
CVCL_6805,CVCL_1438,0.6364569664001465,skin,skin,True
CVCL_6809,CVCL_A341,0.7112641334533691,skin,skin,True
CVCL_6809,CVCL_1036,0.6913540363311768,skin,skin,True
CVCL_6809,CVCL_3962,0.6858063340187073,skin,central_nervous_system,False
CVCL_6809,CVCL_0526,0.6850355267524719,skin,skin,True
CVCL_6809,CVCL_1303,0.6760584115982056,skin,skin,True
CVCL_6809,CVCL_1672,0.6663415431976318,skin,skin,True
CVCL_6809,CVCL_0445,0.6530211567878723,skin,skin,True
CVCL_6809,CVCL_2608,0.6472325325012207,skin,skin,True
CVCL_6809,CVCL_2950,0.6427320837974548,skin,skin,True
CVCL_6899,CVCL_A1VI,0.5117969512939453,bile_duct,bile_duct,True
CVCL_6899,CVCL_2520,0.49943432211875916,bile_duct,colorectal,False
CVCL_6899,CVCL_A1VF,0.46620625257492065,bile_duct,bile_duct,True
CVCL_6899,CVCL_LM84,0.4660927951335907,bile_duct,pancreas,False
CVCL_6899,CVCL_A1VD,0.46195724606513977,bile_duct,bile_duct,True
CVCL_6899,CVCL_9980,0.45088836550712585,bile_duct,colorectal,False
CVCL_6899,CVCL_0152,0.45066389441490173,bile_duct,pancreas,False
CVCL_6899,CVCL_0313,0.44608521461486816,bile_duct,pancreas,False
CVCL_6899,CVCL_5250,0.44602829217910767,bile_duct,colorectal,False
CVCL_6939,CVCL_C302,0.6931543350219727,eye,eye,True
CVCL_6939,CVCL_C307,0.613283634185791,eye,eye,True
CVCL_6939,CVCL_C297,0.607063889503479,eye,unknown,False
CVCL_6939,CVCL_1133,0.6030354499816895,eye,skin,False
CVCL_6939,CVCL_6025,0.6010031700134277,eye,skin,False
CVCL_6939,CVCL_C301,0.5929349064826965,eye,eye,True
CVCL_6939,CVCL_2609,0.5676928162574768,eye,skin,False
CVCL_6939,CVCL_0527,0.5642522573471069,eye,skin,False
CVCL_6939,CVCL_1303,0.5620977878570557,eye,skin,False
CVCL_6939,CVCL_1220,0.5612227916717529,eye,skin,False
CVCL_6939,CVCL_A1UF,0.5578475594520569,eye,skin,False
CVCL_6939,CVCL_2075,0.550348162651062,eye,skin,False
CVCL_6939,CVCL_D828,0.5318862199783325,eye,skin,False
CVCL_6939,CVCL_8607,0.5305437445640564,eye,eye,True
CVCL_6950,CVCL_2679,0.6884225606918335,cervix,upper_aerodigestive,False
CVCL_6950,CVCL_2661,0.6658083200454712,cervix,esophagus,False
CVCL_6950,CVCL_1107,0.6442314982414246,cervix,upper_aerodigestive,False
CVCL_6950,CVCL_2308,0.6434736847877502,cervix,upper_aerodigestive,False
CVCL_6950,CVCL_2722,0.6354925036430359,cervix,prostate,False
CVCL_6C44,CVCL_WU91,0.5684687495231628,soft_tissue,soft_tissue,True
CVCL_6C44,CVCL_YU13,0.45985427498817444,soft_tissue,peripheral_nervous_system,False
CVCL_6C44,CVCL_N588,0.4478570818901062,soft_tissue,soft_tissue,True
CVCL_6C44,CVCL_7146,0.436647891998291,soft_tissue,soft_tissue,True
CVCL_6C44,CVCL_N586,0.4356715679168701,soft_tissue,soft_tissue,True
CVCL_6C44,CVCL_2585,0.4252663850784302,soft_tissue,skin,False
CVCL_6C44,CVCL_0871,0.3933095335960388,soft_tissue,soft_tissue,True
CVCL_6C44,CVCL_VU69,0.3846798539161682,soft_tissue,ovary,False
CVCL_6C44,CVCL_1577,0.3829490542411804,soft_tissue,lung,False
CVCL_6C44,CVCL_1391,0.38132986426353455,soft_tissue,lung,False
CVCL_6C44,CVCL_0844,0.3777572214603424,soft_tissue,central_nervous_system,False
CVCL_7051,CVCL_8002,0.384223073720932,soft_tissue,soft_tissue,True
CVCL_7051,CVCL_U757,0.3678741455078125,soft_tissue,soft_tissue,True
CVCL_7051,CVCL_1595,0.3468628525733948,soft_tissue,lung,False
CVCL_7051,CVCL_V616,0.3407779335975647,soft_tissue,central_nervous_system,False
CVCL_7051,CVCL_0134,0.29934465885162354,soft_tissue,ovary,False
CVCL_7051,CVCL_WS70,0.29825088381767273,soft_tissue,soft_tissue,True
CVCL_7051,CVCL_1479,0.2914977967739105,soft_tissue,lung,False
CVCL_7051,CVCL_1515,0.2843290865421295,soft_tissue,lung,False
CVCL_7051,CVCL_M156,0.2834606468677521,soft_tissue,soft_tissue,True
CVCL_7051,CVCL_L088,0.28227952122688293,soft_tissue,lung,False
CVCL_7051,CVCL_0077,0.27803993225097656,soft_tissue,liver,False
CVCL_7051,CVCL_0542,0.27482643723487854,soft_tissue,adrenal_cortex,False
CVCL_7146,CVCL_WU91,0.6062853336334229,soft_tissue,soft_tissue,True
CVCL_7146,CVCL_N586,0.39090412855148315,soft_tissue,soft_tissue,True
CVCL_7146,CVCL_1Y70,0.35745635628700256,soft_tissue,peripheral_nervous_system,False
CVCL_7146,CVCL_N588,0.34270036220550537,soft_tissue,soft_tissue,True
CVCL_7146,CVCL_1174,0.31572413444519043,soft_tissue,lung,False
CVCL_7146,CVCL_2584,0.31467002630233765,soft_tissue,skin,False
CVCL_7146,CVCL_2585,0.3084721863269806,soft_tissue,skin,False
CVCL_7674,CVCL_LJ73,0.4361114501953125,upper_aerodigestive,ovary,False
CVCL_7674,CVCL_1175,0.39907318353652954,upper_aerodigestive,lung,False
CVCL_7674,CVCL_1141,0.39860761165618896,upper_aerodigestive,lung,False
CVCL_7674,CVCL_8876,0.3963588774204254,upper_aerodigestive,gastric,False
CVCL_7674,CVCL_1565,0.38116753101348877,upper_aerodigestive,lung,False
CVCL_7674,CVCL_5071,0.37698423862457275,upper_aerodigestive,colorectal,False
CVCL_7674,CVCL_2919,0.3766050338745117,upper_aerodigestive,cervix,False
CVCL_7674,CVCL_1391,0.37242433428764343,upper_aerodigestive,lung,False
CVCL_7674,CVCL_1387,0.3665510416030884,upper_aerodigestive,lung,False
CVCL_7674,CVCL_1480,0.36629587411880493,upper_aerodigestive,lung,False
CVCL_7674,CVCL_1473,0.3603515625,upper_aerodigestive,lung,False
CVCL_7674,CVCL_1454,0.35957443714141846,upper_aerodigestive,lung,False
CVCL_7674,CVCL_1539,0.35902076959609985,upper_aerodigestive,lung,False
CVCL_7935,CVCL_7937,0.816051185131073,urinary_tract,urinary_tract,True
CVCL_7935,CVCL_V607,0.6164078712463379,urinary_tract,kidney,False
CVCL_7935,CVCL_1721,0.5438266396522522,urinary_tract,urinary_tract,True
CVCL_7935,CVCL_1065,0.5211492776870728,urinary_tract,kidney,False
CVCL_7935,CVCL_2984,0.5210405588150024,urinary_tract,kidney,False
CVCL_7935,CVCL_6186,0.5192768573760986,urinary_tract,kidney,False
CVCL_7935,CVCL_5957,0.5172882080078125,urinary_tract,kidney,False
CVCL_7935,CVCL_1050,0.5119030475616455,urinary_tract,kidney,False
CVCL_7935,CVCL_V610,0.5041455626487732,urinary_tract,kidney,False
CVCL_7935,CVCL_1719,0.48884087800979614,urinary_tract,kidney,False
CVCL_7935,CVCL_0235,0.48606792092323303,urinary_tract,kidney,False
CVCL_7937,CVCL_V607,0.6244787573814392,urinary_tract,kidney,False
CVCL_7937,CVCL_1721,0.5218053460121155,urinary_tract,urinary_tract,True
CVCL_7937,CVCL_0235,0.5118877291679382,urinary_tract,kidney,False
CVCL_7937,CVCL_2984,0.4988539516925812,urinary_tract,kidney,False
CVCL_7937,CVCL_5957,0.4967639148235321,urinary_tract,kidney,False
CVCL_7937,CVCL_5953,0.4887784421443939,urinary_tract,kidney,False
CVCL_7937,CVCL_E115,0.4868413209915161,urinary_tract,uterus,False
CVCL_7937,CVCL_8788,0.48517340421676636,urinary_tract,kidney,False
CVCL_7937,CVCL_V610,0.4843616783618927,urinary_tract,kidney,False
CVCL_7937,CVCL_1791,0.4813591539859772,urinary_tract,kidney,False
CVCL_7937,CVCL_6186,0.4812397062778473,urinary_tract,kidney,False
CVCL_7970,CVCL_M465,0.43526825308799744,bile_duct,pancreas,False
CVCL_7970,CVCL_1299,0.42418697476387024,bile_duct,pancreas,False
CVCL_7970,CVCL_1635,0.37302878499031067,bile_duct,pancreas,False
CVCL_7970,CVCL_S507,0.362259179353714,bile_duct,pancreas,False
CVCL_7970,CVCL_0101,0.355037659406662,bile_duct,gastric,False
CVCL_7970,CVCL_1849,0.35199064016342163,bile_duct,pancreas,False
CVCL_7970,CVCL_0371,0.35048919916152954,bile_duct,gastric,False
CVCL_7970,CVCL_3338,0.3416514992713928,bile_duct,colorectal,False
CVCL_7970,CVCL_1636,0.3294623792171478,bile_duct,pancreas,False
CVCL_7970,CVCL_1637,0.32706281542778015,bile_duct,pancreas,False
CVCL_7970,CVCL_4897,0.3151201009750366,bile_duct,pancreas,False
CVCL_7970,CVCL_0026,0.31496143341064453,bile_duct,pancreas,False
CVCL_7970,CVCL_1639,0.31364837288856506,bile_duct,pancreas,False
CVCL_7970,CVCL_EG28,0.3135179579257965,bile_duct,colorectal,False
CVCL_7970,CVCL_LM84,0.3086787462234497,bile_duct,pancreas,False
CVCL_8000,CVCL_8007,0.5756690502166748,soft_tissue,soft_tissue,True
CVCL_8000,CVCL_WS70,0.36340534687042236,soft_tissue,soft_tissue,True
CVCL_8000,CVCL_M149,0.3313137888908386,soft_tissue,soft_tissue,True
CVCL_8000,CVCL_2585,0.3130059242248535,soft_tissue,skin,False
CVCL_8000,CVCL_1595,0.2987461984157562,soft_tissue,lung,False
CVCL_8000,CVCL_1479,0.29448458552360535,soft_tissue,lung,False
CVCL_8000,CVCL_1301,0.2870320677757263,soft_tissue,gastric,False
CVCL_8000,CVCL_1567,0.2860393822193146,soft_tissue,lung,False
CVCL_8000,CVCL_V616,0.28270888328552246,soft_tissue,central_nervous_system,False
CVCL_8000,CVCL_6C44,0.27684977650642395,soft_tissue,soft_tissue,True
CVCL_8000,CVCL_1755,0.27311578392982483,soft_tissue,soft_tissue,True
CVCL_8000,CVCL_0077,0.2728421688079834,soft_tissue,liver,False
CVCL_8001,CVCL_8005,0.3874407112598419,soft_tissue,soft_tissue,True
CVCL_8001,CVCL_1Y70,0.3523891270160675,soft_tissue,peripheral_nervous_system,False
CVCL_8001,CVCL_V616,0.3479408919811249,soft_tissue,central_nervous_system,False
CVCL_8001,CVCL_1577,0.3434600830078125,soft_tissue,lung,False
CVCL_8001,CVCL_0077,0.3426781892776489,soft_tissue,liver,False
CVCL_8001,CVCL_1479,0.34067073464393616,soft_tissue,lung,False
CVCL_8001,CVCL_0134,0.3095453381538391,soft_tissue,ovary,False
CVCL_8001,CVCL_VU69,0.3041591942310333,soft_tissue,ovary,False
CVCL_8001,CVCL_1595,0.3016493320465088,soft_tissue,lung,False
CVCL_8001,CVCL_U760,0.3008449673652649,soft_tissue,soft_tissue,True
CVCL_8001,CVCL_1174,0.2908535599708557,soft_tissue,lung,False
CVCL_8001,CVCL_2141,0.28951090574264526,soft_tissue,peripheral_nervous_system,False
CVCL_8001,CVCL_1679,0.2874268889427185,soft_tissue,lung,False
CVCL_8002,CVCL_U757,0.37412866950035095,soft_tissue,soft_tissue,True
CVCL_8002,CVCL_8005,0.3087543845176697,soft_tissue,soft_tissue,True
CVCL_8002,CVCL_1174,0.27776971459388733,soft_tissue,lung,False
CVCL_8002,CVCL_4W58,0.2638373076915741,soft_tissue,kidney,False
CVCL_8002,CVCL_WS70,0.2508426904678345,soft_tissue,soft_tissue,True
CVCL_8002,CVCL_1754,0.2457823008298874,soft_tissue,soft_tissue,True
CVCL_8002,CVCL_0077,0.24247923493385315,soft_tissue,liver,False
CVCL_8002,CVCL_1595,0.24230678379535675,soft_tissue,lung,False
CVCL_8002,CVCL_RS25,0.23810657858848572,soft_tissue,soft_tissue,True
CVCL_8002,CVCL_0270,0.2351672351360321,soft_tissue,kidney,False
CVCL_8002,CVCL_U760,0.23507481813430786,soft_tissue,soft_tissue,True
CVCL_8002,CVCL_0617,0.2343100905418396,soft_tissue,breast,False
CVCL_8002,CVCL_1490,0.2320331335067749,soft_tissue,lung,False
CVCL_8005,CVCL_M846,0.42739593982696533,soft_tissue,soft_tissue,True
CVCL_8005,CVCL_V616,0.3804119825363159,soft_tissue,central_nervous_system,False
CVCL_8005,CVCL_U760,0.3683382570743561,soft_tissue,soft_tissue,True
CVCL_8005,CVCL_N588,0.35389670729637146,soft_tissue,soft_tissue,True
CVCL_8005,CVCL_1Y70,0.34156298637390137,soft_tissue,peripheral_nervous_system,False
CVCL_8005,CVCL_1174,0.34136494994163513,soft_tissue,lung,False
CVCL_8005,CVCL_RS25,0.33502817153930664,soft_tissue,soft_tissue,True
CVCL_8005,CVCL_3407,0.33202046155929565,soft_tissue,embryo,False
CVCL_8005,CVCL_1479,0.32656535506248474,soft_tissue,lung,False
CVCL_8007,CVCL_1479,0.37772664427757263,soft_tissue,lung,False
CVCL_8007,CVCL_WS70,0.3596076965332031,soft_tissue,soft_tissue,True
CVCL_8007,CVCL_S987,0.34755226969718933,soft_tissue,ovary,False
CVCL_8007,CVCL_1679,0.3294624090194702,soft_tissue,lung,False
CVCL_8007,CVCL_M149,0.32865583896636963,soft_tissue,soft_tissue,True
CVCL_8007,CVCL_0077,0.32753273844718933,soft_tissue,liver,False
CVCL_8007,CVCL_1595,0.3215979337692261,soft_tissue,lung,False
CVCL_8007,CVCL_1577,0.3197266459465027,soft_tissue,lung,False
CVCL_8064,CVCL_2680,0.49557197093963623,thyroid,upper_aerodigestive,False
CVCL_8064,CVCL_IZ34,0.4790959656238556,thyroid,breast,False
CVCL_8064,CVCL_3086,0.45673874020576477,thyroid,upper_aerodigestive,False
CVCL_8064,CVCL_1634,0.4407203197479248,thyroid,pancreas,False
CVCL_8064,CVCL_WS60,0.4335653483867645,thyroid,lung,False
CVCL_8064,CVCL_1684,0.432134211063385,thyroid,upper_aerodigestive,False
CVCL_8064,CVCL_L083,0.4319097399711609,thyroid,upper_aerodigestive,False
CVCL_8064,CVCL_1652,0.4310052990913391,thyroid,lung,False
CVCL_8064,CVCL_1086,0.43045300245285034,thyroid,upper_aerodigestive,False
CVCL_8064,CVCL_1685,0.42873433232307434,thyroid,upper_aerodigestive,False
CVCL_8064,CVCL_1681,0.4216778576374054,thyroid,upper_aerodigestive,False
CVCL_8064,CVCL_1197,0.42153674364089966,thyroid,lung,False
CVCL_8065,CVCL_3152,0.3971390426158905,uterus,gastric,False
CVCL_8065,CVCL_L280,0.3911539614200592,uterus,embryo,False
CVCL_8065,CVCL_3158,0.36390864849090576,uterus,ovary,False
CVCL_8065,CVCL_3055,0.36111658811569214,uterus,gastric,False
CVCL_8065,CVCL_1497,0.3588121831417084,uterus,lung,False
CVCL_8065,CVCL_0025,0.35421183705329895,uterus,colorectal,False
CVCL_8067,CVCL_2253,0.3846539556980133,lung,cervix,False
CVCL_8067,CVCL_1086,0.3636350631713867,lung,upper_aerodigestive,False
CVCL_8067,CVCL_1293,0.3580637276172638,lung,cervix,False
CVCL_8067,CVCL_1769,0.3577112555503845,lung,bile_duct,False
CVCL_8067,CVCL_5034,0.35558953881263733,lung,pancreas,False
CVCL_8067,CVCL_3599,0.35442113876342773,lung,urinary_tract,False
CVCL_8067,CVCL_0324,0.35086849331855774,lung,bile_duct,False
CVCL_8067,CVCL_8930,0.3508637845516205,lung,upper_aerodigestive,False
CVCL_8067,CVCL_1652,0.3481539189815521,lung,lung,True
CVCL_8067,CVCL_4056,0.3474076986312866,lung,pancreas,False
CVCL_8067,CVCL_1091,0.3468206524848938,lung,prostate,False
CVCL_8067,CVCL_1634,0.34555187821388245,lung,pancreas,False
CVCL_8098,CVCL_1636,0.4727470874786377,esophagus,pancreas,False
CVCL_8098,CVCL_EG28,0.467801570892334,esophagus,colorectal,False
CVCL_8098,CVCL_1638,0.46061474084854126,esophagus,pancreas,False
CVCL_8098,CVCL_5016,0.4414399266242981,esophagus,colorectal,False
CVCL_8098,CVCL_5002,0.4395397901535034,esophagus,colorectal,False
CVCL_8098,CVCL_A1UI,0.4334690272808075,esophagus,bile_duct,False
CVCL_8098,CVCL_3020,0.42575275897979736,esophagus,ovary,False
CVCL_8147,CVCL_1767,0.5583131909370422,pancreas,esophagus,False
CVCL_8147,CVCL_1083,0.533277690410614,pancreas,urinary_tract,False
CVCL_8147,CVCL_1108,0.5304492115974426,pancreas,upper_aerodigestive,False
CVCL_8147,CVCL_3336,0.5263411402702332,pancreas,esophagus,False
CVCL_8147,CVCL_5005,0.5261268615722656,pancreas,upper_aerodigestive,False
CVCL_8147,CVCL_A1VE,0.5166600346565247,pancreas,bile_duct,False
CVCL_8147,CVCL_0186,0.5162046551704407,pancreas,pancreas,True
CVCL_8147,CVCL_1107,0.5060187578201294,pancreas,upper_aerodigestive,False
CVCL_8147,CVCL_0037,0.5014320015907288,pancreas,skin,False
CVCL_8147,CVCL_1091,0.49535295367240906,pancreas,prostate,False
CVCL_8175,CVCL_1980,0.7483412623405457,colorectal,colorectal,True
CVCL_8175,CVCL_9980,0.728839099407196,colorectal,colorectal,True
CVCL_8176,CVCL_8175,0.7195467352867126,colorectal,colorectal,True
CVCL_8176,CVCL_0555,0.7127257585525513,colorectal,colorectal,True
CVCL_8176,CVCL_9980,0.6999281048774719,colorectal,colorectal,True
CVCL_8176,CVCL_1980,0.6941837668418884,colorectal,colorectal,True
CVCL_8176,CVCL_1294,0.676056981086731,colorectal,colorectal,True
CVCL_8176,CVCL_5038,0.6704707145690918,colorectal,bile_duct,False
CVCL_8176,CVCL_5111,0.6649062037467957,colorectal,colorectal,True
CVCL_8176,CVCL_2873,0.6648127436637878,colorectal,colorectal,True
CVCL_8198,CVCL_8878,0.34247538447380066,bile_duct,ovary,False
CVCL_8198,CVCL_0608,0.309941828250885,bile_duct,lung,False
CVCL_8198,CVCL_1723,0.30661487579345703,bile_duct,pancreas,False
CVCL_8198,CVCL_8098,0.2756528854370117,bile_duct,esophagus,False
CVCL_8198,CVCL_8064,0.2667488753795624,bile_duct,thyroid,False
CVCL_8198,CVCL_3015,0.2636653482913971,bile_duct,lung,False
CVCL_8198,CVCL_5135,0.2612283229827881,bile_duct,lung,False
CVCL_8198,CVCL_1054,0.26111119985580444,bile_duct,thyroid,False
CVCL_8198,CVCL_0062,0.259889155626297,bile_duct,breast,False
CVCL_8198,CVCL_H695,0.2566330134868622,bile_duct,bile_duct,True
CVCL_8198,CVCL_1417,0.2565680742263794,bile_duct,gastric,False
CVCL_8198,CVCL_0324,0.24956341087818146,bile_duct,bile_duct,True
CVCL_8227,CVCL_S906,0.6722224950790405,blood,blood,True
CVCL_8227,CVCL_0103,0.6583107709884644,blood,blood,True
CVCL_8227,CVCL_0089,0.5968342423439026,blood,blood,True
CVCL_8234,CVCL_1648,0.5433164834976196,ovary,colorectal,False
CVCL_8234,CVCL_1294,0.5227851867675781,ovary,colorectal,False
CVCL_8234,CVCL_0545,0.507625937461853,ovary,colorectal,False
CVCL_8234,CVCL_5098,0.5044583082199097,ovary,colorectal,False
CVCL_8234,CVCL_0544,0.48894983530044556,ovary,colorectal,False
CVCL_8234,CVCL_2917,0.4834977388381958,ovary,colorectal,False
CVCL_8234,CVCL_1382,0.4737309217453003,ovary,colorectal,False
CVCL_8234,CVCL_1385,0.4711815118789673,ovary,colorectal,False
CVCL_8234,CVCL_0626,0.4654936194419861,ovary,colorectal,False
CVCL_8481,CVCL_1689,0.45473936200141907,central_nervous_system,central_nervous_system,True
CVCL_8481,CVCL_2799,0.43226853013038635,central_nervous_system,central_nervous_system,True
CVCL_8481,CVCL_1608,0.42761653661727905,central_nervous_system,central_nervous_system,True
CVCL_8481,CVCL_0844,0.42760464549064636,central_nervous_system,central_nervous_system,True
CVCL_8481,CVCL_1518,0.4216518998146057,central_nervous_system,lung,False
CVCL_8481,CVCL_0698,0.41065913438796997,central_nervous_system,fibroblast,False
CVCL_8481,CVCL_4W68,0.405000239610672,central_nervous_system,central_nervous_system,True
CVCL_8481,CVCL_2297,0.4010620415210724,central_nervous_system,central_nervous_system,True
CVCL_8481,CVCL_WS73,0.40074869990348816,central_nervous_system,central_nervous_system,True
CVCL_8481,CVCL_1R16,0.3963577449321747,central_nervous_system,central_nervous_system,True
CVCL_8585,CVCL_5033,0.5123713612556458,central_nervous_system,central_nervous_system,True
CVCL_8585,CVCL_5069,0.5079454779624939,central_nervous_system,central_nervous_system,True
CVCL_8585,CVCL_5010,0.495186984539032,central_nervous_system,central_nervous_system,True
CVCL_8585,CVCL_1117,0.4792226552963257,central_nervous_system,central_nervous_system,True
CVCL_8585,CVCL_0844,0.4789324700832367,central_nervous_system,central_nervous_system,True
CVCL_8585,CVCL_1715,0.46551623940467834,central_nervous_system,central_nervous_system,True
CVCL_8607,CVCL_C301,0.7805070877075195,eye,eye,True
CVCL_8607,CVCL_C307,0.637456476688385,eye,eye,True
CVCL_8607,CVCL_C302,0.6254922151565552,eye,eye,True
CVCL_8607,CVCL_0550,0.603425145149231,eye,skin,False
CVCL_8607,CVCL_C297,0.591120719909668,eye,unknown,False
CVCL_8607,CVCL_0039,0.5888934135437012,eye,skin,False
CVCL_8607,CVCL_1133,0.5786917805671692,eye,skin,False
CVCL_8607,CVCL_1282,0.5785747170448303,eye,skin,False
CVCL_8607,CVCL_2610,0.5782053470611572,eye,skin,False
CVCL_8607,CVCL_5951,0.5681622624397278,eye,skin,False
CVCL_8607,CVCL_2607,0.5562957525253296,eye,skin,False
CVCL_8607,CVCL_2950,0.5538113117218018,eye,skin,False
CVCL_8607,CVCL_1779,0.5534424781799316,eye,skin,False
CVCL_8705,CVCL_1808,0.5578554272651672,cervix,urinary_tract,False
CVCL_8705,CVCL_2229,0.5536168217658997,cervix,upper_aerodigestive,False
CVCL_8705,CVCL_2679,0.549462616443634,cervix,upper_aerodigestive,False
CVCL_8705,CVCL_2221,0.5430572628974915,cervix,upper_aerodigestive,False
CVCL_8705,CVCL_2222,0.5406259298324585,cervix,upper_aerodigestive,False
CVCL_8705,CVCL_1675,0.5397723913192749,cervix,upper_aerodigestive,False
CVCL_8705,CVCL_1681,0.539720892906189,cervix,upper_aerodigestive,False
CVCL_8705,CVCL_1682,0.5395470857620239,cervix,upper_aerodigestive,False
CVCL_8705,CVCL_5105,0.5371188521385193,cervix,upper_aerodigestive,False
CVCL_8705,CVCL_1063,0.5344706177711487,cervix,epidermoid_carcinoma,False
CVCL_8705,CVCL_2312,0.5330306887626648,cervix,upper_aerodigestive,False
CVCL_8705,CVCL_2681,0.5314629077911377,cervix,upper_aerodigestive,False
CVCL_8705,CVCL_2232,0.5306144952774048,cervix,upper_aerodigestive,False
CVCL_8705,CVCL_2457,0.5267148613929749,cervix,upper_aerodigestive,False
CVCL_8708,CVCL_WU66,0.4270079731941223,thyroid,bone,False
CVCL_8708,CVCL_1070,0.39318618178367615,thyroid,central_nervous_system,False
CVCL_8708,CVCL_2593,0.3893442153930664,thyroid,lung,False
CVCL_8708,CVCL_1674,0.37758851051330566,thyroid,soft_tissue,False
CVCL_8708,CVCL_5069,0.37181127071380615,thyroid,central_nervous_system,False
CVCL_8708,CVCL_0153,0.3701368570327759,thyroid,thyroid,True
CVCL_8708,CVCL_2955,0.3659416437149048,thyroid,bile_duct,False
CVCL_8708,CVCL_0366,0.36569327116012573,thyroid,liver,False
CVCL_8708,CVCL_1219,0.3636520802974701,thyroid,thyroid,True
CVCL_8708,CVCL_3954,0.35777604579925537,thyroid,central_nervous_system,False
CVCL_8708,CVCL_8721,0.35254546999931335,thyroid,uterus,False
CVCL_8716,CVCL_M823,0.4461674988269806,bone,soft_tissue,False
CVCL_8716,CVCL_A1UX,0.39763158559799194,bone,bone,True
CVCL_8716,CVCL_1743,0.3940752148628235,bone,fibroblast,False
CVCL_8716,CVCL_0863,0.3772912919521332,bone,fibroblast,False
CVCL_8716,CVCL_2585,0.3596360981464386,bone,skin,False
CVCL_8716,CVCL_WU91,0.3591133952140808,bone,soft_tissue,False
CVCL_8716,CVCL_0846,0.3548554480075836,bone,fibroblast,False
CVCL_8716,CVCL_0878,0.3517298102378845,bone,fibroblast,False
CVCL_8716,CVCL_0941,0.34868767857551575,bone,fibroblast,False
CVCL_8716,CVCL_1173,0.34839075803756714,bone,central_nervous_system,False
CVCL_8716,CVCL_V414,0.34805452823638916,bone,soft_tissue,False
CVCL_8717,CVCL_WS73,0.5216957330703735,central_nervous_system,central_nervous_system,True
CVCL_8717,CVCL_V617,0.49087902903556824,central_nervous_system,fibroblast,False
CVCL_8717,CVCL_0698,0.48756328225135803,central_nervous_system,fibroblast,False
CVCL_8717,CVCL_YU13,0.46244361996650696,central_nervous_system,peripheral_nervous_system,False
CVCL_8717,CVCL_0888,0.45738860964775085,central_nervous_system,fibroblast,False
CVCL_8717,CVCL_0814,0.45265433192253113,central_nervous_system,fibroblast,False
CVCL_8717,CVCL_A1UY,0.4502911865711212,central_nervous_system,soft_tissue,False
CVCL_8717,CVCL_0979,0.4474239647388458,central_nervous_system,fibroblast,False
CVCL_8717,CVCL_1608,0.44502219557762146,central_nervous_system,central_nervous_system,True
CVCL_8717,CVCL_0715,0.4400770664215088,central_nervous_system,fibroblast,False
CVCL_8717,CVCL_0966,0.42392051219940186,central_nervous_system,fibroblast,False
CVCL_8718,CVCL_0331,0.5254612565040588,central_nervous_system,skin,False
CVCL_8718,CVCL_A1UG,0.4953273832798004,central_nervous_system,skin,False
CVCL_8718,CVCL_1040,0.47631508111953735,central_nervous_system,skin,False
CVCL_8718,CVCL_0069,0.47542497515678406,central_nervous_system,skin,False
CVCL_8718,CVCL_1057,0.4593227505683899,central_nervous_system,skin,False
CVCL_8718,CVCL_0132,0.4538751244544983,central_nervous_system,skin,False
CVCL_8718,CVCL_0318,0.4526991546154022,central_nervous_system,skin,False
CVCL_8718,CVCL_8787,0.44838443398475647,central_nervous_system,skin,False
CVCL_8718,CVCL_A1VJ,0.4447568953037262,central_nervous_system,skin,False
CVCL_8718,CVCL_1059,0.4441271126270294,central_nervous_system,skin,False
CVCL_8718,CVCL_1036,0.4407022297382355,central_nervous_system,skin,False
CVCL_8718,CVCL_A1UE,0.4381633996963501,central_nervous_system,skin,False
CVCL_8718,CVCL_1706,0.43552398681640625,central_nervous_system,central_nervous_system,True
CVCL_8718,CVCL_0600,0.4344889521598816,central_nervous_system,skin,False
CVCL_8718,CVCL_0040,0.4333789050579071,central_nervous_system,skin,False
CVCL_8721,CVCL_2585,0.43752598762512207,uterus,skin,False
CVCL_8721,CVCL_0401,0.4190666377544403,uterus,central_nervous_system,False
CVCL_8721,CVCL_1167,0.40992438793182373,uterus,central_nervous_system,False
CVCL_8721,CVCL_B255,0.40140822529792786,uterus,soft_tissue,False
CVCL_8721,CVCL_2593,0.3994643986225128,uterus,lung,False
CVCL_8721,CVCL_4W66,0.38423293828964233,uterus,central_nervous_system,False
CVCL_8721,CVCL_1734,0.37770330905914307,uterus,soft_tissue,False
CVCL_8721,CVCL_WU66,0.3745286166667938,uterus,bone,False
CVCL_8721,CVCL_8585,0.36996203660964966,uterus,central_nervous_system,False
CVCL_8721,CVCL_1323,0.3690015375614166,uterus,central_nervous_system,False
CVCL_8721,CVCL_5069,0.3669871389865875,uterus,central_nervous_system,False
CVCL_8752,CVCL_A667,0.7460678219795227,soft_tissue,soft_tissue,True
CVCL_8752,CVCL_VU81,0.741414487361908,soft_tissue,soft_tissue,True
CVCL_8752,CVCL_L510,0.7073206305503845,soft_tissue,soft_tissue,True
CVCL_8752,CVCL_RT33,0.6578301787376404,soft_tissue,soft_tissue,True
CVCL_8752,CVCL_M599,0.5700377225875854,soft_tissue,soft_tissue,True
CVCL_8752,CVCL_A770,0.500590443611145,soft_tissue,soft_tissue,True
CVCL_8752,CVCL_B255,0.35822826623916626,soft_tissue,soft_tissue,True
CVCL_8752,CVCL_N820,0.35278555750846863,soft_tissue,soft_tissue,True
CVCL_8752,CVCL_1771,0.3503033518791199,soft_tissue,peripheral_nervous_system,False
CVCL_8752,CVCL_1234,0.3466643691062927,soft_tissue,peripheral_nervous_system,False
CVCL_8752,CVCL_2141,0.3438403904438019,soft_tissue,peripheral_nervous_system,False
CVCL_8764,CVCL_0555,0.6776540875434875,colorectal,colorectal,True
CVCL_8764,CVCL_5038,0.6427887678146362,colorectal,bile_duct,False
CVCL_8764,CVCL_5078,0.6419250965118408,colorectal,colorectal,True
CVCL_8764,CVCL_0544,0.6418605446815491,colorectal,colorectal,True
CVCL_8764,CVCL_1382,0.6389790773391724,colorectal,colorectal,True
CVCL_8764,CVCL_5250,0.6052218675613403,colorectal,colorectal,True
CVCL_8764,CVCL_1708,0.5889738202095032,colorectal,colorectal,True
CVCL_8764,CVCL_9980,0.5887993574142456,colorectal,colorectal,True
CVCL_8764,CVCL_1294,0.5847662091255188,colorectal,colorectal,True
CVCL_8764,CVCL_8175,0.5846067667007446,colorectal,colorectal,True
CVCL_8764,CVCL_1982,0.5705927014350891,colorectal,colorectal,True
CVCL_8764,CVCL_1648,0.5612359642982483,colorectal,colorectal,True
CVCL_8764,CVCL_5248,0.553045928478241,colorectal,colorectal,True
CVCL_8764,CVCL_5002,0.5511612892150879,colorectal,colorectal,True
CVCL_8784,CVCL_1779,0.7202982306480408,skin,skin,True
CVCL_8784,CVCL_1303,0.6908161640167236,skin,skin,True
CVCL_8784,CVCL_1133,0.6642550230026245,skin,skin,True
CVCL_8784,CVCL_2605,0.6505407691001892,skin,skin,True
CVCL_8784,CVCL_2609,0.6320005655288696,skin,skin,True
CVCL_8784,CVCL_5951,0.6318144202232361,skin,skin,True
CVCL_8784,CVCL_0039,0.6289471387863159,skin,skin,True
CVCL_8784,CVCL_0526,0.6277782917022705,skin,skin,True
CVCL_8784,CVCL_2950,0.621574342250824,skin,skin,True
CVCL_8784,CVCL_1692,0.6175432801246643,skin,skin,True
CVCL_8787,CVCL_0331,0.6017615795135498,skin,skin,True
CVCL_8787,CVCL_0318,0.5987337231636047,skin,skin,True
CVCL_8787,CVCL_A1VJ,0.5861673355102539,skin,skin,True
CVCL_8787,CVCL_1036,0.5854034423828125,skin,skin,True
CVCL_8787,CVCL_A1UE,0.58525151014328,skin,skin,True
CVCL_8787,CVCL_1057,0.5851048231124878,skin,skin,True
CVCL_8787,CVCL_1059,0.5740244388580322,skin,skin,True
CVCL_8787,CVCL_0599,0.5708869099617004,skin,skin,True
CVCL_8787,CVCL_1403,0.5668061971664429,skin,skin,True
CVCL_8787,CVCL_A1VK,0.5578343272209167,skin,skin,True
CVCL_8787,CVCL_1135,0.5476890206336975,skin,skin,True
CVCL_8787,CVCL_2606,0.5470646023750305,skin,skin,True
CVCL_8787,CVCL_A341,0.535763680934906,skin,skin,True
CVCL_8788,CVCL_V610,0.6757497191429138,kidney,kidney,True
CVCL_8788,CVCL_V607,0.5622190833091736,kidney,kidney,True
CVCL_8792,CVCL_E332,0.690438985824585,plasma_cell,plasma_cell,True
CVCL_8796,CVCL_H614,0.5431033372879028,lymphocyte,lymphocyte,True
CVCL_8796,CVCL_RL84,0.5384559631347656,lymphocyte,lymphocyte,True
CVCL_8796,CVCL_H637,0.47916966676712036,lymphocyte,lymphocyte,True
CVCL_8797,CVCL_2889,0.4785875678062439,lymphocyte,lymphocyte,True
CVCL_8797,CVCL_3032,0.4777400493621826,lymphocyte,lymphocyte,True
CVCL_8797,CVCL_2541,0.44068464636802673,lymphocyte,lymphocyte,True
CVCL_8797,CVCL_RL84,0.4400942921638489,lymphocyte,lymphocyte,True
CVCL_8797,CVCL_8796,0.432798832654953,lymphocyte,lymphocyte,True
CVCL_8797,CVCL_2016,0.41638612747192383,lymphocyte,lymphocyte,True
CVCL_8797,CVCL_0337,0.40720418095588684,lymphocyte,lymphocyte,True
CVCL_8797,CVCL_2976,0.37018659710884094,lymphocyte,lymphocyte,True
CVCL_8797,CVCL_3526,0.3653624951839447,lymphocyte,lymphocyte,True
CVCL_8797,CVCL_0566,0.3495663106441498,lymphocyte,plasma_cell,False
CVCL_8797,CVCL_1361,0.34679925441741943,lymphocyte,lymphocyte,True
CVCL_8797,CVCL_1319,0.34069183468818665,lymphocyte,lymphocyte,True
CVCL_8797,CVCL_1714,0.3387611210346222,lymphocyte,blood,False
CVCL_8797,CVCL_1362,0.33796748518943787,lymphocyte,lymphocyte,True
CVCL_8797,CVCL_1424,0.3365364074707031,lymphocyte,blood,False
CVCL_8800,CVCL_1179,0.6318206191062927,lymphocyte,lymphocyte,True
CVCL_8800,CVCL_B371,0.6292464733123779,lymphocyte,lymphocyte,True
CVCL_8800,CVCL_0511,0.6221929788589478,lymphocyte,lymphocyte,True
CVCL_8800,CVCL_2027,0.6198026537895203,lymphocyte,lymphocyte,True
CVCL_8800,CVCL_0539,0.6159057021141052,lymphocyte,lymphocyte,True
CVCL_8800,CVCL_1872,0.6129599809646606,lymphocyte,lymphocyte,True
CVCL_8800,CVCL_3302,0.6106151938438416,lymphocyte,lymphocyte,True
CVCL_8800,CVCL_0823,0.5974023938179016,lymphocyte,lymphocyte,True
CVCL_8800,CVCL_1889,0.5803510546684265,lymphocyte,lymphocyte,True
CVCL_8800,CVCL_2206,0.5737295746803284,lymphocyte,lymphocyte,True
CVCL_8800,CVCL_1870,0.5713046789169312,lymphocyte,blood,False
CVCL_8800,CVCL_1660,0.5644646286964417,lymphocyte,lymphocyte,True
CVCL_8800,CVCL_2539,0.5607163906097412,lymphocyte,lymphocyte,True
CVCL_8876,CVCL_LJ73,0.3520963490009308,gastric,ovary,False
CVCL_8876,CVCL_1987,0.34096217155456543,gastric,colorectal,False
CVCL_8876,CVCL_1566,0.34088653326034546,gastric,lung,False
CVCL_8876,CVCL_1717,0.3286016285419464,gastric,colorectal,False
CVCL_8876,CVCL_1188,0.32518765330314636,gastric,gastric,True
CVCL_8876,CVCL_1391,0.3008827865123749,gastric,lung,False
CVCL_8876,CVCL_5002,0.29982155561447144,gastric,colorectal,False
CVCL_8876,CVCL_8234,0.2993379235267639,gastric,ovary,False
CVCL_8876,CVCL_1175,0.29724910855293274,gastric,lung,False
CVCL_8876,CVCL_1565,0.2908930778503418,gastric,lung,False
CVCL_8876,CVCL_1498,0.2876136004924774,gastric,lung,False
CVCL_8876,CVCL_1725,0.2849825918674469,gastric,colorectal,False
CVCL_8877,CVCL_8175,0.6586548089981079,gastric,colorectal,False
CVCL_8877,CVCL_5078,0.6554086208343506,gastric,colorectal,False
CVCL_8877,CVCL_1980,0.6549382209777832,gastric,colorectal,False
CVCL_8877,CVCL_4645,0.6533545255661011,gastric,ovary,False
CVCL_8877,CVCL_5038,0.6452594995498657,gastric,bile_duct,False
CVCL_8877,CVCL_2520,0.6444273591041565,gastric,colorectal,False
CVCL_8877,CVCL_1982,0.6442964673042297,gastric,colorectal,False
CVCL_8877,CVCL_5044,0.6398420929908752,gastric,colorectal,False
CVCL_8877,CVCL_5250,0.6391069293022156,gastric,colorectal,False
CVCL_8877,CVCL_5111,0.6324341893196106,gastric,colorectal,False
CVCL_8877,CVCL_9980,0.6306940317153931,gastric,colorectal,False
CVCL_8877,CVCL_5098,0.6049560904502869,gastric,colorectal,False
CVCL_8878,CVCL_3509,0.36101460456848145,ovary,ovary,True
CVCL_8878,CVCL_8481,0.32459017634391785,ovary,central_nervous_system,False
CVCL_8878,CVCL_0317,0.30814653635025024,ovary,soft_tissue,False
CVCL_8878,CVCL_5723,0.30774208903312683,ovary,central_nervous_system,False
CVCL_8878,CVCL_1053,0.3024206757545471,ovary,thyroid,False
CVCL_8878,CVCL_1911,0.3013368248939514,ovary,kidney,False
CVCL_8878,CVCL_0582,0.3004958927631378,ovary,thyroid,False
CVCL_8878,CVCL_1518,0.2994956076145172,ovary,lung,False
CVCL_8878,CVCL_1229,0.29815468192100525,ovary,soft_tissue,False
CVCL_8878,CVCL_1723,0.29279544949531555,ovary,pancreas,False
CVCL_8878,CVCL_3156,0.2926284670829773,ovary,soft_tissue,False
CVCL_8929,CVCL_2462,0.6245377063751221,upper_aerodigestive,upper_aerodigestive,True
CVCL_8929,CVCL_2222,0.6194996237754822,upper_aerodigestive,upper_aerodigestive,True
CVCL_8929,CVCL_5017,0.615034818649292,upper_aerodigestive,upper_aerodigestive,True
CVCL_8929,CVCL_2661,0.6136192083358765,upper_aerodigestive,esophagus,False
CVCL_8929,CVCL_3599,0.610227108001709,upper_aerodigestive,urinary_tract,False
CVCL_8929,CVCL_2679,0.5998618006706238,upper_aerodigestive,upper_aerodigestive,True
CVCL_8929,CVCL_1091,0.593664824962616,upper_aerodigestive,prostate,False
CVCL_8929,CVCL_3086,0.5935848355293274,upper_aerodigestive,upper_aerodigestive,True
CVCL_8929,CVCL_2457,0.5921856760978699,upper_aerodigestive,upper_aerodigestive,True
CVCL_8929,CVCL_1108,0.5905730128288269,upper_aerodigestive,upper_aerodigestive,True
CVCL_8929,CVCL_2807,0.5889468789100647,upper_aerodigestive,skin,False
CVCL_8929,CVCL_1682,0.5872845649719238,upper_aerodigestive,upper_aerodigestive,True
CVCL_8929,CVCL_1063,0.5846039652824402,upper_aerodigestive,epidermoid_carcinoma,False
CVCL_8930,CVCL_1086,0.5247484445571899,upper_aerodigestive,upper_aerodigestive,True
CVCL_8930,CVCL_8929,0.5120806097984314,upper_aerodigestive,upper_aerodigestive,True
CVCL_8930,CVCL_1287,0.4940391480922699,upper_aerodigestive,upper_aerodigestive,True
CVCL_8930,CVCL_2680,0.4851763844490051,upper_aerodigestive,upper_aerodigestive,True
CVCL_8930,CVCL_L083,0.48281392455101013,upper_aerodigestive,upper_aerodigestive,True
CVCL_8930,CVCL_3086,0.475846529006958,upper_aerodigestive,upper_aerodigestive,True
CVCL_8930,CVCL_2457,0.4732305705547333,upper_aerodigestive,upper_aerodigestive,True
CVCL_8930,CVCL_U797,0.46591541171073914,upper_aerodigestive,skin,False
CVCL_8930,CVCL_WS60,0.4580959975719452,upper_aerodigestive,lung,False
CVCL_8930,CVCL_3599,0.45406365394592285,upper_aerodigestive,urinary_tract,False
CVCL_8930,CVCL_1684,0.4488767683506012,upper_aerodigestive,upper_aerodigestive,True
CVCL_8930,CVCL_1108,0.44479188323020935,upper_aerodigestive,upper_aerodigestive,True
CVCL_8930,CVCL_1685,0.4426375925540924,upper_aerodigestive,upper_aerodigestive,True
CVCL_8930,CVCL_2221,0.43337270617485046,upper_aerodigestive,upper_aerodigestive,True
CVCL_9980,CVCL_1980,0.7278853058815002,colorectal,colorectal,True
CVCL_9980,CVCL_5044,0.7232427597045898,colorectal,colorectal,True
CVCL_A1UE,CVCL_0318,0.6345770359039307,skin,skin,True
CVCL_A1UE,CVCL_A1VJ,0.6235238313674927,skin,skin,True
CVCL_A1UE,CVCL_A1VK,0.6132333278656006,skin,skin,True
CVCL_A1UE,CVCL_2408,0.5928734540939331,skin,skin,True
CVCL_A1UE,CVCL_1036,0.5878794193267822,skin,skin,True
CVCL_A1UE,CVCL_1135,0.5805288553237915,skin,skin,True
CVCL_A1UE,CVCL_0600,0.5782232284545898,skin,skin,True
CVCL_A1UE,CVCL_6809,0.5717331171035767,skin,skin,True
CVCL_A1UE,CVCL_1057,0.5641924142837524,skin,skin,True
CVCL_A1UF,CVCL_2608,0.7022516131401062,skin,skin,True
CVCL_A1UF,CVCL_D828,0.6959117650985718,skin,skin,True
CVCL_A1UF,CVCL_1779,0.6909967660903931,skin,skin,True
CVCL_A1UF,CVCL_1402,0.6812851428985596,skin,skin,True
CVCL_A1UF,CVCL_1672,0.6783375144004822,skin,skin,True
CVCL_A1UF,CVCL_1133,0.6783075928688049,skin,skin,True
CVCL_A1UF,CVCL_2605,0.6668421626091003,skin,skin,True
CVCL_A1UF,CVCL_2075,0.66411954164505,skin,skin,True
CVCL_A1UF,CVCL_2609,0.6590389013290405,skin,skin,True
CVCL_A1UF,CVCL_3962,0.6551379561424255,skin,central_nervous_system,False
CVCL_A1UF,CVCL_A341,0.6532845497131348,skin,skin,True
CVCL_A1UG,CVCL_0331,0.5705859661102295,skin,skin,True
CVCL_A1UG,CVCL_0600,0.5213515162467957,skin,skin,True
CVCL_A1UG,CVCL_A1VP,0.5197276473045349,skin,skin,True
CVCL_A1UG,CVCL_0599,0.5169378519058228,skin,skin,True
CVCL_A1UG,CVCL_1137,0.513384997844696,skin,skin,True
CVCL_A1UG,CVCL_0040,0.5121870636940002,skin,skin,True
CVCL_A1UG,CVCL_B3PJ,0.5029755234718323,skin,skin,True
CVCL_A1UG,CVCL_0132,0.5009928941726685,skin,skin,True
CVCL_A1UG,CVCL_3162,0.4978129267692566,skin,skin,True
CVCL_A1UG,CVCL_1057,0.49597540497779846,skin,skin,True
CVCL_A1UG,CVCL_A1VJ,0.48704466223716736,skin,skin,True
CVCL_A1UG,CVCL_A1VK,0.4787552058696747,skin,skin,True
CVCL_A1UG,CVCL_2765,0.47267812490463257,skin,skin,True
CVCL_A1UG,CVCL_0318,0.46455439925193787,skin,skin,True
CVCL_A1UH,CVCL_S507,0.6570178270339966,pancreas,pancreas,True
CVCL_A1UH,CVCL_M469,0.656019389629364,pancreas,pancreas,True
CVCL_A1UH,CVCL_A1VG,0.6376559138298035,pancreas,bile_duct,False
CVCL_A1UH,CVCL_LM84,0.5789692401885986,pancreas,pancreas,True
CVCL_A1UH,CVCL_M465,0.5338345766067505,pancreas,pancreas,True
CVCL_A1UI,CVCL_1636,0.4613545835018158,bile_duct,pancreas,False
CVCL_A1UI,CVCL_5016,0.4598894417285919,bile_duct,colorectal,False
CVCL_A1UI,CVCL_5034,0.43556270003318787,bile_duct,pancreas,False
CVCL_A1UI,CVCL_0026,0.4196603000164032,bile_duct,pancreas,False
CVCL_A1UI,CVCL_0471,0.4095434546470642,bile_duct,esophagus,False
CVCL_A1UI,CVCL_1603,0.4094305634498596,bile_duct,gastric,False
CVCL_A1UI,CVCL_1638,0.39503997564315796,bile_duct,pancreas,False
CVCL_A1UI,CVCL_1300,0.39071816205978394,bile_duct,pancreas,False
CVCL_A1UX,CVCL_3806,0.7579662203788757,bone,fibroblast,False
CVCL_A1UX,CVCL_0825,0.7074950933456421,bone,fibroblast,False
CVCL_A1UX,CVCL_0882,0.7035303711891174,bone,fibroblast,False
CVCL_A1UY,CVCL_0933,0.6591782569885254,soft_tissue,fibroblast,False
CVCL_A1UY,CVCL_0846,0.6545782685279846,soft_tissue,fibroblast,False
CVCL_A1UY,CVCL_0814,0.6461034417152405,soft_tissue,fibroblast,False
CVCL_A1UY,CVCL_0878,0.6441318988800049,soft_tissue,fibroblast,False
CVCL_A1UY,CVCL_0966,0.6430497169494629,soft_tissue,fibroblast,False
CVCL_A1UY,CVCL_A1UX,0.6385521292686462,soft_tissue,bone,False
CVCL_A1UY,CVCL_1031,0.6351431608200073,soft_tissue,fibroblast,False
CVCL_A1UY,CVCL_3605,0.6271337270736694,soft_tissue,fibroblast,False
CVCL_A1UY,CVCL_0941,0.6165575981140137,soft_tissue,fibroblast,False
CVCL_A1UY,CVCL_3806,0.6160910129547119,soft_tissue,fibroblast,False
CVCL_A1UY,CVCL_0928,0.612524151802063,soft_tissue,fibroblast,False
CVCL_A1UY,CVCL_0891,0.6036972403526306,soft_tissue,fibroblast,False
CVCL_A1UY,CVCL_0726,0.5985121726989746,soft_tissue,fibroblast,False
CVCL_A1UY,CVCL_0979,0.5912419557571411,soft_tissue,fibroblast,False
CVCL_A1UY,CVCL_0882,0.5808639526367188,soft_tissue,fibroblast,False
CVCL_A1UZ,CVCL_A1VB,0.5743246078491211,bile_duct,bile_duct,True
CVCL_A1UZ,CVCL_A1VA,0.5327609181404114,bile_duct,bile_duct,True
CVCL_A1UZ,CVCL_A1VF,0.4890446066856384,bile_duct,bile_duct,True
CVCL_A1UZ,CVCL_A1VI,0.45026475191116333,bile_duct,bile_duct,True
CVCL_A1UZ,CVCL_A1VD,0.4473687410354614,bile_duct,bile_duct,True
CVCL_A1UZ,CVCL_2805,0.4223223626613617,bile_duct,liver,False
CVCL_A1UZ,CVCL_0364,0.4207785129547119,bile_duct,liver,False
CVCL_A1UZ,CVCL_LM84,0.4151723086833954,bile_duct,pancreas,False
CVCL_A1UZ,CVCL_1119,0.4035049378871918,bile_duct,pancreas,False
CVCL_A1VA,CVCL_A1VB,0.5966652035713196,bile_duct,bile_duct,True
CVCL_A1VA,CVCL_S507,0.46491947770118713,bile_duct,pancreas,False
CVCL_A1VA,CVCL_A1UH,0.4648824632167816,bile_duct,pancreas,False
CVCL_A1VA,CVCL_1634,0.4608585238456726,bile_duct,pancreas,False
CVCL_A1VA,CVCL_1638,0.45845773816108704,bile_duct,pancreas,False
CVCL_A1VA,CVCL_A1VI,0.4545591473579407,bile_duct,bile_duct,True
CVCL_A1VA,CVCL_A1VF,0.4340800940990448,bile_duct,bile_duct,True
CVCL_A1VA,CVCL_0471,0.4256104826927185,bile_duct,esophagus,False
CVCL_A1VA,CVCL_0026,0.4230301082134247,bile_duct,pancreas,False
CVCL_A1VA,CVCL_3881,0.42239344120025635,bile_duct,pancreas,False
CVCL_A1VB,CVCL_1628,0.3944908678531647,bile_duct,ovary,False
CVCL_A1VB,CVCL_A1VF,0.38918691873550415,bile_duct,bile_duct,True
CVCL_A1VB,CVCL_0609,0.38806697726249695,bile_duct,lung,False
CVCL_A1VB,CVCL_5065,0.38405874371528625,bile_duct,bile_duct,True
CVCL_A1VB,CVCL_VV28,0.37931621074676514,bile_duct,bile_duct,True
CVCL_A1VB,CVCL_5034,0.3770902752876282,bile_duct,pancreas,False
CVCL_A1VB,CVCL_1119,0.37037360668182373,bile_duct,pancreas,False
CVCL_A1VB,CVCL_5103,0.3700087368488312,bile_duct,liver,False
CVCL_A1VB,CVCL_5008,0.3566729724407196,bile_duct,bile_duct,True
CVCL_A1VB,CVCL_A1VI,0.3470805585384369,bile_duct,bile_duct,True
CVCL_A1VB,CVCL_4896,0.3393270969390869,bile_duct,bile_duct,True
CVCL_A1VB,CVCL_1195,0.33539584279060364,bile_duct,lung,False
CVCL_A1VC,CVCL_1119,0.5248534679412842,bile_duct,pancreas,False
CVCL_A1VC,CVCL_A1VG,0.5182389616966248,bile_duct,bile_duct,True
CVCL_A1VC,CVCL_A1UH,0.4735744595527649,bile_duct,pancreas,False
CVCL_A1VC,CVCL_0237,0.44713178277015686,bile_duct,pancreas,False
CVCL_A1VC,CVCL_1634,0.4411729872226715,bile_duct,pancreas,False
CVCL_A1VC,CVCL_5034,0.43931981921195984,bile_duct,pancreas,False
CVCL_A1VC,CVCL_0186,0.43765872716903687,bile_duct,pancreas,False
CVCL_A1VC,CVCL_E329,0.42274364829063416,bile_duct,bile_duct,True
CVCL_A1VC,CVCL_1482,0.4222937524318695,bile_duct,lung,False
CVCL_A1VC,CVCL_S507,0.420526385307312,bile_duct,pancreas,False
CVCL_A1VC,CVCL_1300,0.4165166914463043,bile_duct,pancreas,False
CVCL_A1VC,CVCL_1681,0.4162924289703369,bile_duct,upper_aerodigestive,False
CVCL_A1VD,CVCL_A1VI,0.4846042990684509,bile_duct,bile_duct,True
CVCL_A1VE,CVCL_2229,0.6650320291519165,bile_duct,upper_aerodigestive,False
CVCL_A1VE,CVCL_2313,0.6567134261131287,bile_duct,upper_aerodigestive,False
CVCL_A1VE,CVCL_2722,0.648764967918396,bile_duct,prostate,False
CVCL_A1VE,CVCL_E329,0.6406352519989014,bile_duct,bile_duct,True
CVCL_A1VE,CVCL_2312,0.6051225662231445,bile_duct,upper_aerodigestive,False
CVCL_A1VE,CVCL_2462,0.5975735187530518,bile_duct,upper_aerodigestive,False
CVCL_A1VF,CVCL_A1VI,0.5645204186439514,bile_duct,bile_duct,True
CVCL_A1VF,CVCL_VV28,0.5148389935493469,bile_duct,bile_duct,True
CVCL_A1VF,CVCL_LM84,0.45160192251205444,bile_duct,pancreas,False
CVCL_A1VF,CVCL_7935,0.4254167973995209,bile_duct,urinary_tract,False
CVCL_A1VF,CVCL_5008,0.42311614751815796,bile_duct,bile_duct,True
CVCL_A1VF,CVCL_A1VD,0.419001042842865,bile_duct,bile_duct,True
CVCL_A1VF,CVCL_V607,0.4158826172351837,bile_duct,kidney,False
CVCL_A1VG,CVCL_S507,0.5886639356613159,bile_duct,pancreas,False
CVCL_A1VG,CVCL_LM83,0.5221523642539978,bile_duct,gastric,False
CVCL_A1VG,CVCL_M469,0.5060468316078186,bile_duct,pancreas,False
CVCL_A1VG,CVCL_E329,0.49199727177619934,bile_duct,bile_duct,True
CVCL_A1VG,CVCL_L085,0.48895910382270813,bile_duct,upper_aerodigestive,False
CVCL_A1VG,CVCL_LM84,0.4808937609195709,bile_duct,pancreas,False
CVCL_A1VH,CVCL_1638,0.4113539755344391,bile_duct,pancreas,False
CVCL_A1VH,CVCL_3810,0.4105028510093689,bile_duct,prostate,False
CVCL_A1VH,CVCL_1635,0.40927183628082275,bile_duct,pancreas,False
CVCL_A1VH,CVCL_1633,0.40762484073638916,bile_duct,pancreas,False
CVCL_A1VH,CVCL_1603,0.4009627103805542,bile_duct,gastric,False
CVCL_A1VH,CVCL_8098,0.3998289704322815,bile_duct,esophagus,False
CVCL_A1VH,CVCL_1383,0.38214144110679626,bile_duct,colorectal,False
CVCL_A1VH,CVCL_1639,0.37639880180358887,bile_duct,pancreas,False
CVCL_A1VH,CVCL_0471,0.37068405747413635,bile_duct,esophagus,False
CVCL_A1VH,CVCL_4897,0.3626338839530945,bile_duct,pancreas,False
CVCL_A1VH,CVCL_A1VC,0.3567478060722351,bile_duct,bile_duct,True
CVCL_A1VH,CVCL_M466,0.35536012053489685,bile_duct,pancreas,False
CVCL_A1VI,CVCL_LM84,0.5614856481552124,bile_duct,pancreas,False
CVCL_A1VI,CVCL_0313,0.44960951805114746,bile_duct,pancreas,False
CVCL_A1VI,CVCL_5065,0.4493076503276825,bile_duct,bile_duct,True
CVCL_A1VI,CVCL_A1UH,0.4487026631832123,bile_duct,pancreas,False
CVCL_A1VI,CVCL_4896,0.4326893389225006,bile_duct,bile_duct,True
CVCL_A1VI,CVCL_0434,0.4247613549232483,bile_duct,gastric,False
CVCL_A1VJ,CVCL_A1VK,0.9095159769058228,skin,skin,True
CVCL_A1VJ,CVCL_A1VL,0.7022378444671631,skin,skin,True
CVCL_A1VJ,CVCL_2408,0.6554052829742432,skin,skin,True
CVCL_A1VJ,CVCL_1135,0.6047143936157227,skin,skin,True
CVCL_A1VK,CVCL_2408,0.6823820471763611,skin,skin,True
CVCL_A1VK,CVCL_A1VL,0.6450023055076599,skin,skin,True
CVCL_A1VK,CVCL_1135,0.6209347248077393,skin,skin,True
CVCL_A1VK,CVCL_0599,0.6183440685272217,skin,skin,True
CVCL_A1VK,CVCL_1057,0.6128498315811157,skin,skin,True
CVCL_A1VL,CVCL_A1VM,0.5264702439308167,skin,skin,True
CVCL_A1VL,CVCL_0318,0.5008171796798706,skin,skin,True
CVCL_A1VL,CVCL_0393,0.46267086267471313,skin,central_nervous_system,False
CVCL_A1VL,CVCL_WU66,0.45017147064208984,skin,bone,False
CVCL_A1VL,CVCL_8787,0.4414078891277313,skin,skin,True
CVCL_A1VL,CVCL_A758,0.43079477548599243,skin,central_nervous_system,False
CVCL_A1VL,CVCL_0851,0.4291621148586273,skin,skin,True
CVCL_A1VL,CVCL_0331,0.41404715180397034,skin,skin,True
CVCL_A1VL,CVCL_J521,0.4122229814529419,skin,unknown,False
CVCL_A1VL,CVCL_0040,0.4043068289756775,skin,skin,True
CVCL_A1VM,CVCL_A1VJ,0.4768717586994171,skin,skin,True
CVCL_A1VM,CVCL_8787,0.45764851570129395,skin,skin,True
CVCL_A1VM,CVCL_A1VK,0.4383394122123718,skin,skin,True
CVCL_A1VM,CVCL_0950,0.4228169322013855,skin,skin,True
CVCL_A1VM,CVCL_0318,0.39987513422966003,skin,skin,True
CVCL_A1VM,CVCL_2606,0.3993317186832428,skin,skin,True
CVCL_A1VM,CVCL_1427,0.3928598463535309,skin,lung,False
CVCL_A1VM,CVCL_AU20,0.3744901716709137,skin,peripheral_nervous_system,False
CVCL_A1VM,CVCL_WU66,0.3648187220096588,skin,bone,False
CVCL_A1VM,CVCL_A758,0.3639472424983978,skin,central_nervous_system,False
CVCL_A1VN,CVCL_0527,0.670447826385498,skin,skin,True
CVCL_A1VN,CVCL_1307,0.6654895544052124,skin,skin,True
CVCL_A1VN,CVCL_2765,0.6431767344474792,skin,skin,True
CVCL_A1VN,CVCL_1097,0.6235362887382507,skin,skin,True
CVCL_A1VN,CVCL_A341,0.6105518341064453,skin,skin,True
CVCL_A1VN,CVCL_1057,0.6086698174476624,skin,skin,True
CVCL_A1VN,CVCL_1137,0.6076453924179077,skin,skin,True
CVCL_A1VN,CVCL_0318,0.6059263348579407,skin,skin,True
CVCL_A1VN,CVCL_2408,0.6056826710700989,skin,skin,True
CVCL_A1VN,CVCL_1036,0.602134108543396,skin,skin,True
CVCL_A1VN,CVCL_8784,0.6010141968727112,skin,skin,True
CVCL_A1VP,CVCL_B3PJ,0.9225941300392151,skin,skin,True
CVCL_A1VP,CVCL_1780,0.5584282279014587,skin,skin,True
CVCL_A1VP,CVCL_A1VN,0.542300820350647,skin,skin,True
CVCL_A1VP,CVCL_0318,0.5360638499259949,skin,skin,True
CVCL_A1VP,CVCL_A1VJ,0.5334749221801758,skin,skin,True
CVCL_A1VP,CVCL_A1VK,0.5326129794120789,skin,skin,True
CVCL_A1VP,CVCL_1057,0.5219369530677795,skin,skin,True
CVCL_A1VP,CVCL_2606,0.5198653936386108,skin,skin,True
CVCL_A1VP,CVCL_6805,0.5125506520271301,skin,skin,True
CVCL_A1VP,CVCL_1059,0.5065169930458069,skin,skin,True
CVCL_A1VP,CVCL_1036,0.5060287714004517,skin,skin,True
CVCL_A1VP,CVCL_1137,0.505786120891571,skin,skin,True
CVCL_A1VQ,CVCL_YU13,0.4954705536365509,soft_tissue,peripheral_nervous_system,False
CVCL_A1VQ,CVCL_M823,0.4788525402545929,soft_tissue,soft_tissue,True
CVCL_A1VQ,CVCL_3603,0.4727570414543152,soft_tissue,thyroid,False
CVCL_A1VQ,CVCL_0844,0.4555491507053375,soft_tissue,central_nervous_system,False
CVCL_A1VQ,CVCL_AU20,0.44821691513061523,soft_tissue,peripheral_nervous_system,False
CVCL_A1VQ,CVCL_A1UY,0.44021686911582947,soft_tissue,soft_tissue,True
CVCL_A1VQ,CVCL_2585,0.4202283024787903,soft_tissue,skin,False
CVCL_A1VQ,CVCL_0882,0.4185459017753601,soft_tissue,fibroblast,False
CVCL_A1VQ,CVCL_1093,0.4155668020248413,soft_tissue,central_nervous_system,False
CVCL_A1VQ,CVCL_1798,0.41514351963996887,soft_tissue,central_nervous_system,False
CVCL_A1VQ,CVCL_U614,0.41330844163894653,soft_tissue,soft_tissue,True
CVCL_A1VQ,CVCL_0715,0.40631309151649475,soft_tissue,fibroblast,False
CVCL_A1VQ,CVCL_0846,0.4041362702846527,soft_tissue,fibroblast,False
CVCL_A1VQ,CVCL_1167,0.40348243713378906,soft_tissue,central_nervous_system,False
CVCL_A1VR,CVCL_A1UY,0.4278254508972168,soft_tissue,soft_tissue,True
CVCL_A1VR,CVCL_0966,0.42535415291786194,soft_tissue,fibroblast,False
CVCL_A1VR,CVCL_0933,0.4245649576187134,soft_tissue,fibroblast,False
CVCL_A1VR,CVCL_0959,0.4011226296424866,soft_tissue,fibroblast,False
CVCL_A1VR,CVCL_1031,0.39321425557136536,soft_tissue,fibroblast,False
CVCL_A1VR,CVCL_0814,0.3919716775417328,soft_tissue,fibroblast,False
CVCL_A1VR,CVCL_0928,0.38954001665115356,soft_tissue,fibroblast,False
CVCL_A1VR,CVCL_V414,0.38571372628211975,soft_tissue,soft_tissue,True
CVCL_A1VR,CVCL_0941,0.38411322236061096,soft_tissue,fibroblast,False
CVCL_A1VR,CVCL_3806,0.3748664855957031,soft_tissue,fibroblast,False
CVCL_A1VR,CVCL_0825,0.3747135400772095,soft_tissue,fibroblast,False
CVCL_A1VR,CVCL_3605,0.36690908670425415,soft_tissue,fibroblast,False
CVCL_A1VR,CVCL_0871,0.3637252151966095,soft_tissue,soft_tissue,True
CVCL_A1VR,CVCL_DH18,0.3636128306388855,soft_tissue,ovary,False
CVCL_A1VR,CVCL_1038,0.36342737078666687,soft_tissue,fibroblast,False
CVCL_A1ZB,CVCL_1117,0.3355742394924164,bile_duct,central_nervous_system,False
CVCL_A1ZB,CVCL_2584,0.32391998171806335,bile_duct,skin,False
CVCL_A1ZB,CVCL_1796,0.32042205333709717,bile_duct,central_nervous_system,False
CVCL_A1ZB,CVCL_1R16,0.30160075426101685,bile_duct,central_nervous_system,False
CVCL_A1ZB,CVCL_YU13,0.2934749126434326,bile_duct,peripheral_nervous_system,False
CVCL_A1ZB,CVCL_2585,0.2931622564792633,bile_duct,skin,False
CVCL_A1ZB,CVCL_1167,0.2842766344547272,bile_duct,central_nervous_system,False
CVCL_A1ZB,CVCL_1113,0.27583596110343933,bile_duct,bone,False
CVCL_A1ZB,CVCL_0623,0.2739986479282379,bile_duct,breast,False
CVCL_A1ZB,CVCL_2588,0.27044832706451416,bile_duct,colorectal,False
CVCL_A1ZB,CVCL_1R15,0.26912322640419006,bile_duct,central_nervous_system,False
CVCL_A1ZB,CVCL_1798,0.2663661539554596,bile_duct,central_nervous_system,False
CVCL_A1ZB,CVCL_2297,0.2615535855293274,bile_duct,central_nervous_system,False
CVCL_A1ZB,CVCL_0022,0.2578011155128479,bile_duct,central_nervous_system,False
CVCL_A341,CVCL_0039,0.7073189616203308,skin,skin,True
CVCL_A352,CVCL_8717,0.34129732847213745,lung,central_nervous_system,False
CVCL_A352,CVCL_5723,0.33968162536621094,lung,central_nervous_system,False
CVCL_A352,CVCL_5128,0.3130311369895935,lung,lung,True
CVCL_A352,CVCL_0463,0.3128168284893036,lung,lung,True
CVCL_A352,CVCL_0623,0.30020979046821594,lung,breast,False
CVCL_A352,CVCL_1574,0.2980477511882782,lung,lung,True
CVCL_A352,CVCL_2059,0.29224908351898193,lung,lung,True
CVCL_A352,CVCL_1117,0.2799704968929291,lung,central_nervous_system,False
CVCL_A352,CVCL_0630,0.276806116104126,lung,lung,True
CVCL_A352,CVCL_1575,0.2752547860145569,lung,lung,True
CVCL_A352,CVCL_1655,0.27400729060173035,lung,lung,True
CVCL_A352,CVCL_1505,0.27053776383399963,lung,lung,True
CVCL_A352,CVCL_1226,0.2693203091621399,lung,central_nervous_system,False
CVCL_A429,CVCL_1289,0.5673157572746277,bile_duct,upper_aerodigestive,False
CVCL_A429,CVCL_2315,0.5461382865905762,bile_duct,upper_aerodigestive,False
CVCL_A429,CVCL_1763,0.5150089263916016,bile_duct,esophagus,False
CVCL_A429,CVCL_2312,0.5135560035705566,bile_duct,upper_aerodigestive,False
CVCL_A429,CVCL_1107,0.488347589969635,bile_duct,upper_aerodigestive,False
CVCL_A429,CVCL_2458,0.488219290971756,bile_duct,upper_aerodigestive,False
CVCL_A429,CVCL_6950,0.48473745584487915,bile_duct,cervix,False
CVCL_A429,CVCL_1808,0.48089849948883057,bile_duct,urinary_tract,False
CVCL_A429,CVCL_1335,0.47767797112464905,bile_duct,lung,False
CVCL_A429,CVCL_1767,0.476672500371933,bile_duct,esophagus,False
CVCL_A429,CVCL_3174,0.4763302505016327,bile_duct,esophagus,False
CVCL_A429,CVCL_1063,0.4703000485897064,bile_duct,epidermoid_carcinoma,False
CVCL_A429,CVCL_2807,0.46126073598861694,bile_duct,skin,False
CVCL_A584,CVCL_0076,0.5729035139083862,lung,gastric,False
CVCL_A584,CVCL_1982,0.5076087117195129,lung,colorectal,False
CVCL_A584,CVCL_EG22,0.4985060691833496,lung,colorectal,False
CVCL_A584,CVCL_4645,0.4577547013759613,lung,ovary,False
CVCL_A584,CVCL_1846,0.4522368013858795,lung,pancreas,False
CVCL_A584,CVCL_5129,0.4512268304824829,lung,lung,True
CVCL_A584,CVCL_1082,0.45060569047927856,lung,lung,True
CVCL_A584,CVCL_1386,0.44992440938949585,lung,colorectal,False
CVCL_A584,CVCL_0320,0.44424691796302795,lung,colorectal,False
CVCL_A584,CVCL_1980,0.4432010054588318,lung,colorectal,False
CVCL_A584,CVCL_5072,0.4378352463245392,lung,gastric,False
CVCL_A584,CVCL_1718,0.4327850341796875,lung,colorectal,False
CVCL_A584,CVCL_2438,0.43009641766548157,lung,lung,True
CVCL_A584,CVCL_1190,0.42914292216300964,lung,colorectal,False
CVCL_A667,CVCL_VU81,0.8108668327331543,soft_tissue,soft_tissue,True
CVCL_A667,CVCL_RT33,0.7895452976226807,soft_tissue,soft_tissue,True
CVCL_A667,CVCL_L510,0.732719898223877,soft_tissue,soft_tissue,True
CVCL_A667,CVCL_M599,0.5889323949813843,soft_tissue,soft_tissue,True
CVCL_A667,CVCL_A770,0.5083367228507996,soft_tissue,soft_tissue,True
CVCL_A667,CVCL_1234,0.3720325827598572,soft_tissue,peripheral_nervous_system,False
CVCL_A667,CVCL_2058,0.37093451619148254,soft_tissue,lung,False
CVCL_A667,CVCL_1701,0.3699101507663727,soft_tissue,peripheral_nervous_system,False
CVCL_A667,CVCL_1771,0.36600708961486816,soft_tissue,peripheral_nervous_system,False
CVCL_A667,CVCL_2141,0.36561721563339233,soft_tissue,peripheral_nervous_system,False
CVCL_A758,CVCL_WU66,0.4980795085430145,central_nervous_system,bone,False
CVCL_A758,CVCL_5010,0.4895288348197937,central_nervous_system,central_nervous_system,True
CVCL_A758,CVCL_1173,0.47857382893562317,central_nervous_system,central_nervous_system,True
CVCL_A758,CVCL_0844,0.4768420457839966,central_nervous_system,central_nervous_system,True
CVCL_A758,CVCL_1798,0.47377562522888184,central_nervous_system,central_nervous_system,True
CVCL_A758,CVCL_0863,0.44233420491218567,central_nervous_system,fibroblast,False
CVCL_A758,CVCL_3955,0.44102874398231506,central_nervous_system,central_nervous_system,True
CVCL_A758,CVCL_1715,0.4338521361351013,central_nervous_system,central_nervous_system,True
CVCL_A758,CVCL_3960,0.43264472484588623,central_nervous_system,central_nervous_system,True
CVCL_A770,CVCL_M599,0.7024446129798889,soft_tissue,soft_tissue,True
CVCL_A770,CVCL_L510,0.6634023785591125,soft_tissue,soft_tissue,True
CVCL_A770,CVCL_VU81,0.6363003253936768,soft_tissue,soft_tissue,True
CVCL_A770,CVCL_V415,0.5531965494155884,soft_tissue,soft_tissue,True
CVCL_A770,CVCL_RT33,0.5171371698379517,soft_tissue,soft_tissue,True
CVCL_A770,CVCL_B255,0.49232858419418335,soft_tissue,soft_tissue,True
CVCL_A770,CVCL_N820,0.3818485736846924,soft_tissue,soft_tissue,True
CVCL_A770,CVCL_5602,0.31758880615234375,soft_tissue,peripheral_nervous_system,False
CVCL_AQ42,CVCL_V616,0.2614721357822418,soft_tissue,central_nervous_system,False
CVCL_AQ42,CVCL_VU69,0.24348857998847961,soft_tissue,ovary,False
CVCL_AQ42,CVCL_0134,0.21821649372577667,soft_tissue,ovary,False
CVCL_AQ42,CVCL_1Y70,0.21682840585708618,soft_tissue,peripheral_nervous_system,False
CVCL_AQ42,CVCL_1058,0.21361128985881805,soft_tissue,soft_tissue,True
CVCL_AQ42,CVCL_7051,0.20818303525447845,soft_tissue,soft_tissue,True
CVCL_AQ42,CVCL_V415,0.20637147128582,soft_tissue,soft_tissue,True
CVCL_AQ42,CVCL_0077,0.1916147619485855,soft_tissue,liver,False
CVCL_AQ42,CVCL_1479,0.18642085790634155,soft_tissue,lung,False
CVCL_AQ42,CVCL_M149,0.18639445304870605,soft_tissue,soft_tissue,True
CVCL_AQ42,CVCL_A770,0.1778019815683365,soft_tissue,soft_tissue,True
CVCL_AQ42,CVCL_2255,0.17577515542507172,soft_tissue,fibroblast,False
CVCL_AQ42,CVCL_8005,0.17356204986572266,soft_tissue,soft_tissue,True
CVCL_AQ42,CVCL_0618,0.1729503870010376,soft_tissue,breast,False
CVCL_AU20,CVCL_0844,0.5435884594917297,peripheral_nervous_system,central_nervous_system,False
CVCL_AU20,CVCL_4773,0.46590933203697205,peripheral_nervous_system,central_nervous_system,False
CVCL_AU20,CVCL_YU13,0.4435749351978302,peripheral_nervous_system,peripheral_nervous_system,True
CVCL_AU20,CVCL_1427,0.4377899169921875,peripheral_nervous_system,lung,False
CVCL_AU20,CVCL_0871,0.43012067675590515,peripheral_nervous_system,soft_tissue,False
CVCL_AU20,CVCL_U614,0.42944809794425964,peripheral_nervous_system,soft_tissue,False
CVCL_AU20,CVCL_WU67,0.4163666069507599,peripheral_nervous_system,soft_tissue,False
CVCL_AU20,CVCL_1093,0.410527765750885,peripheral_nervous_system,central_nervous_system,False
CVCL_AU20,CVCL_1689,0.4102068245410919,peripheral_nervous_system,central_nervous_system,False
CVCL_AX42,CVCL_2092,0.727689802646637,peripheral_nervous_system,peripheral_nervous_system,True
CVCL_AX42,CVCL_6594,0.7139723896980286,peripheral_nervous_system,peripheral_nervous_system,True
CVCL_AX42,CVCL_0528,0.7093777656555176,peripheral_nervous_system,peripheral_nervous_system,True
CVCL_AX49,CVCL_AX42,0.6850612759590149,peripheral_nervous_system,peripheral_nervous_system,True
CVCL_B076,CVCL_1721,0.5913291573524475,kidney,urinary_tract,False
CVCL_B076,CVCL_1719,0.541130006313324,kidney,kidney,True
CVCL_B076,CVCL_1050,0.5369881391525269,kidney,kidney,True
CVCL_B076,CVCL_1791,0.533348560333252,kidney,kidney,True
CVCL_B076,CVCL_E115,0.5265953540802002,kidney,uterus,False
CVCL_B076,CVCL_V612,0.5091428160667419,kidney,kidney,True
CVCL_B076,CVCL_1111,0.5058243870735168,kidney,kidney,True
CVCL_B076,CVCL_5957,0.5018618702888489,kidney,kidney,True
CVCL_B076,CVCL_WS59,0.49830952286720276,kidney,kidney,True
CVCL_B076,CVCL_2984,0.4963935315608978,kidney,kidney,True
CVCL_B079,CVCL_0202,0.5111954808235168,ovary,ovary,True
CVCL_B079,CVCL_2422,0.48513782024383545,ovary,ovary,True
CVCL_B079,CVCL_1345,0.47071534395217896,ovary,ovary,True
CVCL_B079,CVCL_0465,0.45781296491622925,ovary,ovary,True
CVCL_B079,CVCL_1882,0.4554133117198944,ovary,ovary,True
CVCL_B079,CVCL_4649,0.45537880063056946,ovary,ovary,True
CVCL_B255,CVCL_M599,0.5106151700019836,soft_tissue,soft_tissue,True
CVCL_B255,CVCL_A1UY,0.4991849362850189,soft_tissue,soft_tissue,True
CVCL_B255,CVCL_L510,0.4848845899105072,soft_tissue,soft_tissue,True
CVCL_B255,CVCL_0871,0.4716968834400177,soft_tissue,soft_tissue,True
CVCL_B255,CVCL_0698,0.4371997117996216,soft_tissue,fibroblast,False
CVCL_B255,CVCL_V617,0.43500369787216187,soft_tissue,fibroblast,False
CVCL_B260,CVCL_VV27,0.44080308079719543,lung,bile_duct,False
CVCL_B260,CVCL_1652,0.4174528121948242,lung,lung,True
CVCL_B260,CVCL_1769,0.4124923646450043,lung,bile_duct,False
CVCL_B260,CVCL_3158,0.3930916488170624,lung,ovary,False
CVCL_B260,CVCL_1482,0.3898163437843323,lung,lung,True
CVCL_B260,CVCL_V613,0.385055273771286,lung,central_nervous_system,False
CVCL_B260,CVCL_4717,0.3727565407752991,lung,pancreas,False
CVCL_B371,CVCL_1087,0.7033966779708862,lymphocyte,lymphocyte,True
CVCL_B3PJ,CVCL_1780,0.6087384819984436,skin,skin,True
CVCL_B3PJ,CVCL_0318,0.5896576046943665,skin,skin,True
CVCL_B3PJ,CVCL_A1VN,0.5882049798965454,skin,skin,True
CVCL_B3PJ,CVCL_A1VJ,0.5762020349502563,skin,skin,True
CVCL_B3PJ,CVCL_A1VK,0.5751101970672607,skin,skin,True
CVCL_B3PJ,CVCL_1057,0.5612850189208984,skin,skin,True
CVCL_B3PJ,CVCL_1137,0.5502955913543701,skin,skin,True
CVCL_B3PJ,CVCL_1036,0.5497739315032959,skin,skin,True
CVCL_B3PJ,CVCL_2606,0.5423874855041504,skin,skin,True
CVCL_B3PJ,CVCL_6805,0.538470447063446,skin,skin,True
CVCL_B3PJ,CVCL_0331,0.5347447991371155,skin,skin,True
CVCL_B3PJ,CVCL_1059,0.532357931137085,skin,skin,True
CVCL_B3PK,CVCL_2010,0.2669214606285095,kidney,ovary,False
CVCL_B3PK,CVCL_2059,0.2544206976890564,kidney,lung,False
CVCL_B3PK,CVCL_1094,0.25293102860450745,kidney,cervix,False
CVCL_B3PK,CVCL_5087,0.24024759232997894,kidney,central_nervous_system,False
CVCL_B3PK,CVCL_1755,0.23757947981357574,kidney,soft_tissue,False
CVCL_B3PK,CVCL_1577,0.23475971817970276,kidney,lung,False
CVCL_B3PK,CVCL_1052,0.22791999578475952,kidney,central_nervous_system,False
CVCL_B3PK,CVCL_1221,0.22741107642650604,kidney,kidney,True
CVCL_B3PK,CVCL_1547,0.2261907011270523,kidney,lung,False
CVCL_B3PK,CVCL_8005,0.22387158870697021,kidney,soft_tissue,False
CVCL_B3PK,CVCL_1978,0.21575844287872314,kidney,colorectal,False
CVCL_B3PK,CVCL_WS70,0.21470238268375397,kidney,soft_tissue,False
CVCL_B3PK,CVCL_2930,0.20971211791038513,kidney,uterus,False
CVCL_B3PK,CVCL_1567,0.20926520228385925,kidney,lung,False
CVCL_B3PL,CVCL_YU13,0.3804641664028168,soft_tissue,peripheral_nervous_system,False
CVCL_B3PL,CVCL_1038,0.3388798236846924,soft_tissue,fibroblast,False
CVCL_B3PL,CVCL_6C44,0.326619029045105,soft_tissue,soft_tissue,True
CVCL_B3PL,CVCL_0531,0.3244607746601105,soft_tissue,peripheral_nervous_system,False
CVCL_B3PL,CVCL_1743,0.3195101320743561,soft_tissue,fibroblast,False
CVCL_B3PL,CVCL_F531,0.3188333213329315,soft_tissue,bone,False
CVCL_B3PL,CVCL_A1UX,0.31790658831596375,soft_tissue,bone,False
CVCL_B3PL,CVCL_1340,0.3169831335544586,soft_tissue,peripheral_nervous_system,False
CVCL_B3PL,CVCL_0941,0.3139958679676056,soft_tissue,fibroblast,False
CVCL_B3PL,CVCL_3806,0.31394296884536743,soft_tissue,fibroblast,False
CVCL_B3PL,CVCL_V616,0.30892354249954224,soft_tissue,central_nervous_system,False
CVCL_B3PL,CVCL_0891,0.3083624541759491,soft_tissue,fibroblast,False
CVCL_B3PL,CVCL_2799,0.306704580783844,soft_tissue,central_nervous_system,False
CVCL_B4KU,CVCL_2075,0.7259580492973328,skin,skin,True
CVCL_B4KU,CVCL_0039,0.6989327669143677,skin,skin,True
CVCL_B4KU,CVCL_1672,0.6904926896095276,skin,skin,True
CVCL_B4KU,CVCL_1303,0.6848131418228149,skin,skin,True
CVCL_B4KU,CVCL_2950,0.6811027526855469,skin,skin,True
CVCL_B4KV,CVCL_0101,0.4530014991760254,gastric,gastric,True
CVCL_B4KV,CVCL_4846,0.4523175358772278,gastric,gastric,True
CVCL_B4KV,CVCL_M469,0.4358561038970947,gastric,pancreas,False
CVCL_B4KV,CVCL_A1UH,0.43038409948349,gastric,pancreas,False
CVCL_B4KV,CVCL_0237,0.4297744631767273,gastric,pancreas,False
CVCL_B4KV,CVCL_M465,0.426298052072525,gastric,pancreas,False
CVCL_B4KV,CVCL_1299,0.4081346094608307,gastric,pancreas,False
CVCL_B4KV,CVCL_LM84,0.4075215756893158,gastric,pancreas,False
CVCL_B4KV,CVCL_A1VG,0.37784716486930847,gastric,bile_duct,False
CVCL_B4KV,CVCL_1622,0.37198197841644287,gastric,esophagus,False
CVCL_B4KV,CVCL_0371,0.35604795813560486,gastric,gastric,True
CVCL_B4KV,CVCL_1846,0.3531891405582428,gastric,pancreas,False
CVCL_B4KV,CVCL_3082,0.3468904495239258,gastric,gastric,True
CVCL_C058,CVCL_V586,0.6549264788627625,upper_aerodigestive,lung,False
CVCL_C058,CVCL_6950,0.6299096345901489,upper_aerodigestive,cervix,False
CVCL_C058,CVCL_2679,0.6127591729164124,upper_aerodigestive,upper_aerodigestive,True
CVCL_C058,CVCL_1102,0.6012288928031921,upper_aerodigestive,upper_aerodigestive,True
CVCL_C058,CVCL_2661,0.5912045240402222,upper_aerodigestive,esophagus,False
CVCL_C058,CVCL_2943,0.590241014957428,upper_aerodigestive,skin,False
CVCL_C058,CVCL_1060,0.5767955183982849,upper_aerodigestive,upper_aerodigestive,True
CVCL_C058,CVCL_1761,0.5756974220275879,upper_aerodigestive,esophagus,False
CVCL_C058,CVCL_1063,0.5635930895805359,upper_aerodigestive,epidermoid_carcinoma,False
CVCL_C058,CVCL_1108,0.5496957302093506,upper_aerodigestive,upper_aerodigestive,True
CVCL_C058,CVCL_2222,0.5475785136222839,upper_aerodigestive,upper_aerodigestive,True
CVCL_C058,CVCL_1107,0.544408917427063,upper_aerodigestive,upper_aerodigestive,True
CVCL_C297,CVCL_C301,0.7401779294013977,unknown,eye,False
CVCL_C297,CVCL_C302,0.6675234436988831,unknown,eye,False
CVCL_C297,CVCL_1692,0.6417185068130493,unknown,skin,False
CVCL_C297,CVCL_C307,0.6348799467086792,unknown,eye,False
CVCL_C297,CVCL_1133,0.6300889849662781,unknown,skin,False
CVCL_C297,CVCL_5951,0.5948867201805115,unknown,skin,False
CVCL_C297,CVCL_6025,0.5565490126609802,unknown,skin,False
CVCL_C297,CVCL_A1UF,0.5556920170783997,unknown,skin,False
CVCL_C297,CVCL_1779,0.5537127256393433,unknown,skin,False
CVCL_C297,CVCL_1282,0.5499770641326904,unknown,skin,False
CVCL_C297,CVCL_3962,0.5472495555877686,unknown,central_nervous_system,False
CVCL_C301,CVCL_C302,0.6902951598167419,eye,eye,True
CVCL_C301,CVCL_C307,0.6901546716690063,eye,eye,True
CVCL_C301,CVCL_0039,0.6607028841972351,eye,skin,False
CVCL_C301,CVCL_0550,0.6541360020637512,eye,skin,False
CVCL_C301,CVCL_5951,0.6433190703392029,eye,skin,False
CVCL_C301,CVCL_1779,0.6431183815002441,eye,skin,False
CVCL_C301,CVCL_1282,0.630910336971283,eye,skin,False
CVCL_C301,CVCL_2605,0.6265957951545715,eye,skin,False
CVCL_C301,CVCL_1134,0.6143332719802856,eye,skin,False
CVCL_C302,CVCL_C307,0.8072840571403503,eye,eye,True
CVCL_C302,CVCL_1133,0.6707251071929932,eye,skin,False
CVCL_C302,CVCL_6025,0.6193434000015259,eye,skin,False
CVCL_C302,CVCL_1033,0.6067934036254883,eye,skin,False
CVCL_C302,CVCL_2605,0.6018601059913635,eye,skin,False
CVCL_C302,CVCL_1220,0.5874281525611877,eye,skin,False
CVCL_C302,CVCL_1779,0.5846970081329346,eye,skin,False
CVCL_C302,CVCL_0039,0.5793829560279846,eye,skin,False
CVCL_C302,CVCL_0527,0.5757184028625488,eye,skin,False
CVCL_C303,CVCL_C304,0.6129400134086609,eye,eye,True
CVCL_C303,CVCL_WU66,0.43711841106414795,eye,bone,False
CVCL_C303,CVCL_0715,0.3979610502719879,eye,fibroblast,False
CVCL_C303,CVCL_5069,0.39585769176483154,eye,central_nervous_system,False
CVCL_C303,CVCL_0882,0.3879942297935486,eye,fibroblast,False
CVCL_C303,CVCL_0863,0.3852294087409973,eye,fibroblast,False
CVCL_C303,CVCL_0819,0.3808574378490448,eye,fibroblast,False
CVCL_C303,CVCL_0698,0.38029295206069946,eye,fibroblast,False
CVCL_C303,CVCL_2019,0.37898457050323486,eye,fibroblast,False
CVCL_C303,CVCL_2080,0.37682926654815674,eye,lung,False
CVCL_C303,CVCL_1311,0.37680989503860474,eye,lung,False
CVCL_C303,CVCL_2955,0.37645092606544495,eye,bile_duct,False
CVCL_C304,CVCL_0819,0.4186324179172516,eye,fibroblast,False
CVCL_C304,CVCL_0707,0.3859786093235016,eye,fibroblast,False
CVCL_C304,CVCL_1518,0.37935543060302734,eye,lung,False
CVCL_C304,CVCL_1427,0.37787407636642456,eye,lung,False
CVCL_C304,CVCL_YU13,0.375862181186676,eye,peripheral_nervous_system,False
CVCL_C304,CVCL_0715,0.37081965804100037,eye,fibroblast,False
CVCL_C304,CVCL_1117,0.3702089488506317,eye,central_nervous_system,False
CVCL_C304,CVCL_0882,0.37019988894462585,eye,fibroblast,False
CVCL_C304,CVCL_2955,0.3661120533943176,eye,bile_duct,False
CVCL_C304,CVCL_2080,0.36203742027282715,eye,lung,False
CVCL_C304,CVCL_0979,0.35814446210861206,eye,fibroblast,False
CVCL_C304,CVCL_1167,0.3566708564758301,eye,central_nervous_system,False
CVCL_C307,CVCL_0039,0.6774364113807678,eye,skin,False
CVCL_C307,CVCL_1779,0.6744701266288757,eye,skin,False
CVCL_C307,CVCL_1307,0.6426867246627808,eye,skin,False
CVCL_C307,CVCL_1303,0.6406715512275696,eye,skin,False
CVCL_C307,CVCL_1033,0.6380488872528076,eye,skin,False
CVCL_C307,CVCL_2605,0.637087345123291,eye,skin,False
CVCL_C307,CVCL_2608,0.6328302025794983,eye,skin,False
CVCL_C307,CVCL_1133,0.6317520141601562,eye,skin,False
CVCL_C307,CVCL_5951,0.6312350034713745,eye,skin,False
CVCL_D828,CVCL_2075,0.6928727626800537,skin,skin,True
CVCL_D828,CVCL_5951,0.6850855946540833,skin,skin,True
CVCL_D828,CVCL_1303,0.6757454872131348,skin,skin,True
CVCL_D828,CVCL_0445,0.6750612854957581,skin,skin,True
CVCL_D828,CVCL_2610,0.6693103909492493,skin,skin,True
CVCL_D828,CVCL_0526,0.6600533127784729,skin,skin,True
CVCL_DH05,CVCL_E115,0.595845639705658,ovary,uterus,False
CVCL_DH05,CVCL_1111,0.48531633615493774,ovary,kidney,False
CVCL_DH05,CVCL_V607,0.4723728895187378,ovary,kidney,False
CVCL_DH05,CVCL_0294,0.4719117283821106,ovary,uterus,False
CVCL_DH05,CVCL_1050,0.47162628173828125,ovary,kidney,False
CVCL_DH05,CVCL_1555,0.46571406722068787,ovary,lung,False
CVCL_DH05,CVCL_2682,0.46384838223457336,ovary,ovary,True
CVCL_DH05,CVCL_0235,0.4453802704811096,ovary,kidney,False
CVCL_DH05,CVCL_1615,0.4417559802532196,ovary,ovary,True
CVCL_DH05,CVCL_1719,0.4395572245121002,ovary,kidney,False
CVCL_DH05,CVCL_7937,0.42766255140304565,ovary,urinary_tract,False
CVCL_DH06,CVCL_E063,0.5084540843963623,ovary,uterus,False
CVCL_DH06,CVCL_2927,0.4680199921131134,ovary,uterus,False
CVCL_DH18,CVCL_WU66,0.3822524845600128,ovary,bone,False
CVCL_DH18,CVCL_5723,0.37716415524482727,ovary,central_nervous_system,False
CVCL_DH18,CVCL_0871,0.36052238941192627,ovary,soft_tissue,False
CVCL_DH18,CVCL_0153,0.3588360846042633,ovary,thyroid,False
CVCL_DH18,CVCL_1053,0.3558982014656067,ovary,thyroid,False
CVCL_DH18,CVCL_5128,0.3462923467159271,ovary,lung,False
CVCL_DH18,CVCL_1911,0.34452688694000244,ovary,kidney,False
CVCL_DH18,CVCL_YU13,0.33871519565582275,ovary,peripheral_nervous_system,False
CVCL_DH18,CVCL_E115,0.3282666504383087,ovary,uterus,False
CVCL_DH18,CVCL_2420,0.32384851574897766,ovary,ovary,True
CVCL_DH18,CVCL_5063,0.32175198197364807,ovary,upper_aerodigestive,False
CVCL_DH18,CVCL_1229,0.3203763961791992,ovary,soft_tissue,False
CVCL_E063,CVCL_2930,0.4632371962070465,uterus,uterus,True
CVCL_E115,CVCL_1050,0.5560593605041504,uterus,kidney,False
CVCL_E115,CVCL_1721,0.5554152131080627,uterus,urinary_tract,False
CVCL_E115,CVCL_V607,0.555008053779602,uterus,kidney,False
CVCL_E115,CVCL_1791,0.5309615731239319,uterus,kidney,False
CVCL_E329,CVCL_1681,0.5995486378669739,bile_duct,upper_aerodigestive,False
CVCL_E329,CVCL_1091,0.5852264165878296,bile_duct,prostate,False
CVCL_E329,CVCL_2310,0.5842211246490479,bile_duct,upper_aerodigestive,False
CVCL_E329,CVCL_1107,0.57431960105896,bile_duct,upper_aerodigestive,False
CVCL_E329,CVCL_2229,0.5729147791862488,bile_duct,upper_aerodigestive,False
CVCL_E329,CVCL_4056,0.5605067014694214,bile_duct,pancreas,False
CVCL_E329,CVCL_1767,0.5573909282684326,bile_duct,esophagus,False
CVCL_E329,CVCL_2723,0.5541497468948364,bile_duct,prostate,False
CVCL_E329,CVCL_2722,0.553650438785553,bile_duct,prostate,False
CVCL_E329,CVCL_3810,0.5431526303291321,bile_duct,prostate,False
CVCL_E329,CVCL_1083,0.5406423211097717,bile_duct,urinary_tract,False
CVCL_E329,CVCL_2313,0.5351814031600952,bile_duct,upper_aerodigestive,False
CVCL_E332,CVCL_2030,0.5335603952407837,plasma_cell,plasma_cell,True
CVCL_E332,CVCL_1625,0.5169361233711243,plasma_cell,plasma_cell,True
CVCL_E332,CVCL_1357,0.5026363134384155,plasma_cell,plasma_cell,True
CVCL_E332,CVCL_2539,0.48753395676612854,plasma_cell,lymphocyte,False
CVCL_E333,CVCL_1600,0.5642951726913452,plasma_cell,plasma_cell,True
CVCL_E333,CVCL_1806,0.5024546980857849,plasma_cell,plasma_cell,True
CVCL_E333,CVCL_2992,0.4996020197868347,plasma_cell,plasma_cell,True
CVCL_E333,CVCL_2123,0.48400580883026123,plasma_cell,plasma_cell,True
CVCL_E333,CVCL_5210,0.4809962213039398,plasma_cell,plasma_cell,True
CVCL_E333,CVCL_2030,0.476147323846817,plasma_cell,plasma_cell,True
CVCL_EG22,CVCL_1980,0.6649947762489319,colorectal,colorectal,True
CVCL_EG22,CVCL_1386,0.6296097636222839,colorectal,colorectal,True
CVCL_EG22,CVCL_5044,0.6153981685638428,colorectal,colorectal,True
CVCL_EG22,CVCL_5111,0.6025660634040833,colorectal,colorectal,True
CVCL_EG22,CVCL_0545,0.601155161857605,colorectal,colorectal,True
CVCL_EG22,CVCL_0397,0.6004348993301392,colorectal,colorectal,True
CVCL_EG22,CVCL_1982,0.5957664847373962,colorectal,colorectal,True
CVCL_EG22,CVCL_4645,0.5939487218856812,colorectal,ovary,False
CVCL_EG22,CVCL_1718,0.5911511778831482,colorectal,colorectal,True
CVCL_EG28,CVCL_VV27,0.46930259466171265,colorectal,bile_duct,False
CVCL_EG28,CVCL_0026,0.4601284861564636,colorectal,pancreas,False
CVCL_EG28,CVCL_0290,0.45790761709213257,colorectal,breast,False
CVCL_EG28,CVCL_S507,0.454857736825943,colorectal,pancreas,False
CVCL_EG28,CVCL_2977,0.44072383642196655,colorectal,urinary_tract,False
CVCL_EG28,CVCL_5002,0.43287211656570435,colorectal,colorectal,True
CVCL_EG34,CVCL_1634,0.39623042941093445,colorectal,pancreas,False
CVCL_EG34,CVCL_5065,0.36710527539253235,colorectal,bile_duct,False
CVCL_EG34,CVCL_A1VE,0.3648861050605774,colorectal,bile_duct,False
CVCL_EG34,CVCL_1091,0.3612561821937561,colorectal,prostate,False
CVCL_EG34,CVCL_1485,0.3488542437553406,colorectal,lung,False
CVCL_EG34,CVCL_5016,0.3472524583339691,colorectal,colorectal,True
CVCL_EG34,CVCL_0471,0.34587594866752625,colorectal,esophagus,False
CVCL_EG34,CVCL_2582,0.3402882218360901,colorectal,lung,False
CVCL_EG34,CVCL_M261,0.33952566981315613,colorectal,bile_duct,False
CVCL_EG34,CVCL_5034,0.3370874524116516,colorectal,pancreas,False
CVCL_EG34,CVCL_0237,0.33639445900917053,colorectal,pancreas,False
CVCL_EG34,CVCL_5101,0.33610033988952637,colorectal,bile_duct,False
CVCL_EG34,CVCL_1637,0.33301323652267456,colorectal,pancreas,False
CVCL_EG34,CVCL_0313,0.3328220546245575,colorectal,pancreas,False
CVCL_F531,CVCL_V618,0.702151358127594,bone,bone,True
CVCL_F531,CVCL_M150,0.6686733365058899,bone,bone,True
CVCL_F531,CVCL_S740,0.6517406702041626,bone,bone,True
CVCL_F531,CVCL_M151,0.6493381857872009,bone,bone,True
CVCL_H525,CVCL_1329,0.36763453483581543,thyroid,uterus,False
CVCL_H525,CVCL_2047,0.3668859601020813,thyroid,ovary,False
CVCL_H525,CVCL_2734,0.35894864797592163,thyroid,ovary,False
CVCL_H525,CVCL_0202,0.35824090242385864,thyroid,ovary,False
CVCL_H525,CVCL_2585,0.35662537813186646,thyroid,skin,False
CVCL_H525,CVCL_5126,0.3480694591999054,thyroid,lung,False
CVCL_H525,CVCL_1219,0.3476148247718811,thyroid,thyroid,True
CVCL_H525,CVCL_1491,0.34392479062080383,thyroid,lung,False
CVCL_H525,CVCL_1345,0.34303054213523865,thyroid,ovary,False
CVCL_H525,CVCL_4657,0.3368455171585083,thyroid,uterus,False
CVCL_H525,CVCL_1427,0.33267077803611755,thyroid,lung,False
CVCL_H525,CVCL_0235,0.32752734422683716,thyroid,kidney,False
CVCL_H525,CVCL_1405,0.3267882466316223,thyroid,uterus,False
CVCL_H525,CVCL_2419,0.3257947266101837,thyroid,ovary,False
CVCL_H614,CVCL_RL84,0.5815144777297974,lymphocyte,lymphocyte,True
CVCL_H614,CVCL_H637,0.4900638163089752,lymphocyte,lymphocyte,True
CVCL_H637,CVCL_3526,0.47898080945014954,lymphocyte,lymphocyte,True
CVCL_H637,CVCL_1319,0.4269319176673889,lymphocyte,lymphocyte,True
CVCL_H637,CVCL_1324,0.4136277735233307,lymphocyte,lymphocyte,True
CVCL_H695,CVCL_M466,0.3544488847255707,bile_duct,pancreas,False
CVCL_H695,CVCL_M469,0.3534618020057678,bile_duct,pancreas,False
CVCL_H695,CVCL_0026,0.32882750034332275,bile_duct,pancreas,False
CVCL_H695,CVCL_4897,0.3140307366847992,bile_duct,pancreas,False
CVCL_H695,CVCL_1551,0.3011099398136139,bile_duct,lung,False
CVCL_H695,CVCL_5034,0.28736382722854614,bile_duct,pancreas,False
CVCL_H695,CVCL_1300,0.28452345728874207,bile_duct,pancreas,False
CVCL_H695,CVCL_0250,0.2819317877292633,bile_duct,liver,False
CVCL_H695,CVCL_2090,0.2817198932170868,bile_duct,pancreas,False
CVCL_H695,CVCL_A1VG,0.28140899538993835,bile_duct,bile_duct,True
CVCL_H695,CVCL_1634,0.276618629693985,bile_duct,pancreas,False
CVCL_IW56,CVCL_8788,0.4998212158679962,ovary,kidney,False
CVCL_IW56,CVCL_V607,0.48880666494369507,ovary,kidney,False
CVCL_IW56,CVCL_0294,0.48531967401504517,ovary,uterus,False
CVCL_IW56,CVCL_6186,0.47738224267959595,ovary,kidney,False
CVCL_IW56,CVCL_1721,0.47372061014175415,ovary,urinary_tract,False
CVCL_IW56,CVCL_1111,0.4701092839241028,ovary,kidney,False
CVCL_IW56,CVCL_2984,0.4646576941013336,ovary,kidney,False
CVCL_IW56,CVCL_5957,0.45354124903678894,ovary,kidney,False
CVCL_IW56,CVCL_V610,0.44258442521095276,ovary,kidney,False
CVCL_IW56,CVCL_2985,0.4406804144382477,ovary,kidney,False
CVCL_IW56,CVCL_E115,0.4373880624771118,ovary,uterus,False
CVCL_IZ34,CVCL_WS60,0.6857607960700989,breast,lung,False
CVCL_IZ34,CVCL_2723,0.6353144645690918,breast,prostate,False
CVCL_IZ34,CVCL_1681,0.6259872913360596,breast,upper_aerodigestive,False
CVCL_IZ34,CVCL_2310,0.6190606355667114,breast,upper_aerodigestive,False
CVCL_IZ34,CVCL_1684,0.6186790466308594,breast,upper_aerodigestive,False
CVCL_IZ34,CVCL_2313,0.6144914627075195,breast,upper_aerodigestive,False
CVCL_IZ34,CVCL_1091,0.6119874119758606,breast,prostate,False
CVCL_IZ34,CVCL_2315,0.6059926748275757,breast,upper_aerodigestive,False
CVCL_IZ34,CVCL_2462,0.6054386496543884,breast,upper_aerodigestive,False
CVCL_IZ34,CVCL_2312,0.5938217639923096,breast,upper_aerodigestive,False
CVCL_J521,CVCL_1229,0.4078643023967743,unknown,soft_tissue,False
CVCL_J521,CVCL_1666,0.40069496631622314,unknown,skin,False
CVCL_J521,CVCL_2585,0.38355863094329834,unknown,skin,False
CVCL_J521,CVCL_2593,0.37583503127098083,unknown,lung,False
CVCL_J521,CVCL_0844,0.37347060441970825,unknown,central_nervous_system,False
CVCL_J521,CVCL_0600,0.3699432611465454,unknown,skin,False
CVCL_J521,CVCL_1040,0.3644876182079315,unknown,skin,False
CVCL_J521,CVCL_0463,0.3591524660587311,unknown,lung,False
CVCL_J521,CVCL_1036,0.3565661907196045,unknown,skin,False
CVCL_J521,CVCL_A1VJ,0.35641583800315857,unknown,skin,False
CVCL_L079,CVCL_8705,0.39522600173950195,upper_aerodigestive,cervix,False
CVCL_L079,CVCL_1131,0.37699586153030396,upper_aerodigestive,esophagus,False
CVCL_L079,CVCL_1808,0.36130550503730774,upper_aerodigestive,urinary_tract,False
CVCL_L079,CVCL_1681,0.3542066216468811,upper_aerodigestive,upper_aerodigestive,True
CVCL_L079,CVCL_1285,0.3507115840911865,upper_aerodigestive,lung,False
CVCL_L079,CVCL_5006,0.346086323261261,upper_aerodigestive,upper_aerodigestive,True
CVCL_L079,CVCL_2794,0.34585559368133545,upper_aerodigestive,uterus,False
CVCL_L079,CVCL_3087,0.34391820430755615,upper_aerodigestive,upper_aerodigestive,True
CVCL_L079,CVCL_1289,0.3426266610622406,upper_aerodigestive,upper_aerodigestive,True
CVCL_L079,CVCL_1759,0.33436498045921326,upper_aerodigestive,esophagus,False
CVCL_L083,CVCL_1086,0.5865591168403625,upper_aerodigestive,upper_aerodigestive,True
CVCL_L083,CVCL_3086,0.5680228471755981,upper_aerodigestive,upper_aerodigestive,True
CVCL_L083,CVCL_2680,0.5672830939292908,upper_aerodigestive,upper_aerodigestive,True
CVCL_L083,CVCL_M261,0.5297876000404358,upper_aerodigestive,bile_duct,False
CVCL_L083,CVCL_2229,0.5293442606925964,upper_aerodigestive,upper_aerodigestive,True
CVCL_L083,CVCL_3160,0.5230461359024048,upper_aerodigestive,upper_aerodigestive,True
CVCL_L083,CVCL_3599,0.5198798775672913,upper_aerodigestive,urinary_tract,False
CVCL_L083,CVCL_1681,0.5190998911857605,upper_aerodigestive,upper_aerodigestive,True
CVCL_L083,CVCL_1675,0.5128472447395325,upper_aerodigestive,upper_aerodigestive,True
CVCL_L083,CVCL_1767,0.5083947777748108,upper_aerodigestive,esophagus,False
CVCL_L083,CVCL_1761,0.5064799189567566,upper_aerodigestive,esophagus,False
CVCL_L083,CVCL_1684,0.5052656531333923,upper_aerodigestive,upper_aerodigestive,True
CVCL_L085,CVCL_2678,0.5836132168769836,upper_aerodigestive,upper_aerodigestive,True
CVCL_L085,CVCL_1108,0.5739248991012573,upper_aerodigestive,upper_aerodigestive,True
CVCL_L085,CVCL_1335,0.5533565878868103,upper_aerodigestive,lung,False
CVCL_L085,CVCL_5006,0.5493367910385132,upper_aerodigestive,upper_aerodigestive,True
CVCL_L085,CVCL_3336,0.5379121899604797,upper_aerodigestive,esophagus,False
CVCL_L085,CVCL_2679,0.5354200601577759,upper_aerodigestive,upper_aerodigestive,True
CVCL_L085,CVCL_3086,0.5200749039649963,upper_aerodigestive,upper_aerodigestive,True
CVCL_L085,CVCL_1761,0.51764976978302,upper_aerodigestive,esophagus,False
CVCL_L085,CVCL_1767,0.5171399712562561,upper_aerodigestive,esophagus,False
CVCL_L085,CVCL_1808,0.5168086886405945,upper_aerodigestive,urinary_tract,False
CVCL_L088,CVCL_1478,0.3755333423614502,lung,lung,True
CVCL_L088,CVCL_3954,0.3586837649345398,lung,central_nervous_system,False
CVCL_L088,CVCL_4849,0.3532927632331848,lung,gastric,False
CVCL_L088,CVCL_1574,0.3516639173030853,lung,lung,True
CVCL_L088,CVCL_2671,0.350197970867157,lung,lung,True
CVCL_L088,CVCL_0060,0.3492128849029541,lung,lung,True
CVCL_L280,CVCL_1542,0.3585582375526428,embryo,lung,False
CVCL_L280,CVCL_1595,0.3351728618144989,embryo,lung,False
CVCL_L280,CVCL_1577,0.3338829278945923,embryo,lung,False
CVCL_L280,CVCL_1174,0.3257559537887573,embryo,lung,False
CVCL_L280,CVCL_1591,0.3243313431739807,embryo,lung,False
CVCL_L280,CVCL_2734,0.3204492926597595,embryo,ovary,False
CVCL_L434,CVCL_0425,0.5942627787590027,blood,blood,True
CVCL_L434,CVCL_0388,0.5938733816146851,blood,blood,True
CVCL_L434,CVCL_2079,0.5794858932495117,blood,blood,True
CVCL_L434,CVCL_2037,0.5676847696304321,blood,blood,True
CVCL_L434,CVCL_3043,0.5657334327697754,blood,blood,True
CVCL_L434,CVCL_0379,0.5631482601165771,blood,blood,True
CVCL_L434,CVCL_2106,0.5595167875289917,blood,blood,True
CVCL_L434,CVCL_2150,0.548214316368103,blood,blood,True
CVCL_L434,CVCL_2120,0.5362098217010498,blood,blood,True
CVCL_L434,CVCL_2187,0.5333494544029236,blood,blood,True
CVCL_L434,CVCL_2086,0.5187152624130249,blood,blood,True
CVCL_L434,CVCL_0216,0.5160906314849854,blood,blood,True
CVCL_L510,CVCL_VU81,0.786382257938385,soft_tissue,soft_tissue,True
CVCL_L510,CVCL_M599,0.7276161909103394,soft_tissue,soft_tissue,True
CVCL_L510,CVCL_RT33,0.6798276901245117,soft_tissue,soft_tissue,True
CVCL_L510,CVCL_V415,0.5798429250717163,soft_tissue,soft_tissue,True
CVCL_L510,CVCL_N820,0.5020172595977783,soft_tissue,soft_tissue,True
CVCL_L510,CVCL_1161,0.3743756115436554,soft_tissue,central_nervous_system,False
CVCL_LJ73,CVCL_1175,0.40725845098495483,ovary,lung,False
CVCL_LJ73,CVCL_2919,0.3978707790374756,ovary,cervix,False
CVCL_LJ73,CVCL_1141,0.3772103488445282,ovary,lung,False
CVCL_LJ73,CVCL_1473,0.3468170166015625,ovary,lung,False
CVCL_LJ73,CVCL_1507,0.34474876523017883,ovary,lung,False
CVCL_LJ73,CVCL_1525,0.33921167254447937,ovary,lung,False
CVCL_LJ73,CVCL_1498,0.33889809250831604,ovary,lung,False
CVCL_LJ73,CVCL_2186,0.33594152331352234,ovary,lung,False
CVCL_LJ73,CVCL_1480,0.33316951990127563,ovary,lung,False
CVCL_LJ73,CVCL_1522,0.32954615354537964,ovary,lung,False
CVCL_LJ73,CVCL_1471,0.32736736536026,ovary,lung,False
CVCL_LK56,CVCL_0882,0.4500996172428131,soft_tissue,fibroblast,False
CVCL_LK56,CVCL_0871,0.44031384587287903,soft_tissue,soft_tissue,True
CVCL_LK56,CVCL_WU66,0.424670547246933,soft_tissue,bone,False
CVCL_LK56,CVCL_0966,0.42465853691101074,soft_tissue,fibroblast,False
CVCL_LK56,CVCL_0993,0.4095146059989929,soft_tissue,fibroblast,False
CVCL_LK56,CVCL_0698,0.40734508633613586,soft_tissue,fibroblast,False
CVCL_LK56,CVCL_0332,0.40630337595939636,soft_tissue,breast,False
CVCL_LK56,CVCL_1809,0.40408626198768616,soft_tissue,bone,False
CVCL_LK56,CVCL_0888,0.4002191126346588,soft_tissue,fibroblast,False
CVCL_LK56,CVCL_0726,0.3993419408798218,soft_tissue,fibroblast,False
CVCL_LK56,CVCL_2182,0.3945060968399048,soft_tissue,fibroblast,False
CVCL_LK56,CVCL_0715,0.39446693658828735,soft_tissue,fibroblast,False
CVCL_LK56,CVCL_0891,0.39198723435401917,soft_tissue,fibroblast,False
CVCL_LK56,CVCL_1038,0.3907310962677002,soft_tissue,fibroblast,False
CVCL_LK56,CVCL_0855,0.38362282514572144,soft_tissue,fibroblast,False
CVCL_LM83,CVCL_A1UH,0.4691477417945862,gastric,pancreas,False
CVCL_LM83,CVCL_0026,0.4401441216468811,gastric,pancreas,False
CVCL_LM83,CVCL_1400,0.4324623644351959,gastric,breast,False
CVCL_LM83,CVCL_4718,0.43215706944465637,gastric,pancreas,False
CVCL_LM83,CVCL_0237,0.4300282597541809,gastric,pancreas,False
CVCL_LM83,CVCL_S507,0.42591771483421326,gastric,pancreas,False
CVCL_LM83,CVCL_M466,0.4228682518005371,gastric,pancreas,False
CVCL_LM83,CVCL_1849,0.4207608997821808,gastric,pancreas,False
CVCL_LM83,CVCL_5034,0.4204495847225189,gastric,pancreas,False
CVCL_LM83,CVCL_2754,0.404168039560318,gastric,breast,False
CVCL_LM83,CVCL_2977,0.3956884741783142,gastric,urinary_tract,False
CVCL_LM83,CVCL_L085,0.38706180453300476,gastric,upper_aerodigestive,False
CVCL_LM84,CVCL_M469,0.5287113189697266,pancreas,pancreas,True
CVCL_LM84,CVCL_0320,0.5230059623718262,pancreas,colorectal,False
CVCL_LM84,CVCL_0313,0.5057975053787231,pancreas,pancreas,True
CVCL_LM84,CVCL_0371,0.481812447309494,pancreas,gastric,False
CVCL_M149,CVCL_3407,0.3740553855895996,soft_tissue,embryo,False
CVCL_M149,CVCL_1577,0.36271265149116516,soft_tissue,lung,False
CVCL_M149,CVCL_RS25,0.35100823640823364,soft_tissue,soft_tissue,True
CVCL_M149,CVCL_1755,0.3443008363246918,soft_tissue,soft_tissue,True
CVCL_M149,CVCL_1595,0.3384307026863098,soft_tissue,lung,False
CVCL_M149,CVCL_1451,0.33494141697883606,soft_tissue,embryo,False
CVCL_M149,CVCL_0542,0.331942617893219,soft_tissue,adrenal_cortex,False
CVCL_M149,CVCL_8005,0.31880614161491394,soft_tissue,soft_tissue,True
CVCL_M149,CVCL_L280,0.31664082407951355,soft_tissue,embryo,False
CVCL_M149,CVCL_1567,0.31139108538627625,soft_tissue,lung,False
CVCL_M149,CVCL_0134,0.2975510358810425,soft_tissue,ovary,False
CVCL_M150,CVCL_S740,0.7245523929595947,bone,bone,True
CVCL_M150,CVCL_V618,0.6427574753761292,bone,bone,True
CVCL_M150,CVCL_M153,0.6264126300811768,bone,bone,True
CVCL_M151,CVCL_0080,0.6594700813293457,bone,bone,True
CVCL_M151,CVCL_X981,0.651955246925354,bone,bone,True
CVCL_M151,CVCL_0627,0.642646074295044,bone,bone,True
CVCL_M151,CVCL_S740,0.617158830165863,bone,bone,True
CVCL_M151,CVCL_V618,0.6087374091148376,bone,bone,True
CVCL_M151,CVCL_M150,0.5941147804260254,bone,bone,True
CVCL_M151,CVCL_2169,0.5927742719650269,bone,bone,True
CVCL_M151,CVCL_0631,0.5868968367576599,bone,bone,True
CVCL_M151,CVCL_0530,0.5841644406318665,bone,bone,True
CVCL_M151,CVCL_0B48,0.5762587785720825,bone,bone,True
CVCL_M153,CVCL_S740,0.7710109353065491,bone,bone,True
CVCL_M153,CVCL_V618,0.7155554294586182,bone,bone,True
CVCL_M153,CVCL_0B50,0.6735430359840393,bone,bone,True
CVCL_M153,CVCL_0080,0.6614336967468262,bone,bone,True
CVCL_M153,CVCL_3177,0.6399518251419067,bone,peripheral_nervous_system,False
CVCL_M153,CVCL_2213,0.6296494603157043,bone,bone,True
CVCL_M153,CVCL_0B48,0.5865028500556946,bone,bone,True
CVCL_M155,CVCL_1476,0.3492368459701538,soft_tissue,lung,False
CVCL_M155,CVCL_1121,0.31597432494163513,soft_tissue,lung,False
CVCL_M155,CVCL_4996,0.31339845061302185,soft_tissue,cervix,False
CVCL_M155,CVCL_1547,0.27940231561660767,soft_tissue,lung,False
CVCL_M155,CVCL_1537,0.2753024399280548,soft_tissue,lung,False
CVCL_M155,CVCL_2918,0.2515677213668823,soft_tissue,cervix,False
CVCL_M155,CVCL_1654,0.2459496706724167,soft_tissue,lung,False
CVCL_M155,CVCL_AU20,0.23960895836353302,soft_tissue,peripheral_nervous_system,False
CVCL_M155,CVCL_1532,0.23865634202957153,soft_tissue,lung,False
CVCL_M155,CVCL_RT33,0.23714441061019897,soft_tissue,soft_tissue,True
CVCL_M155,CVCL_2916,0.2366587072610855,soft_tissue,cervix,False
CVCL_M155,CVCL_6C44,0.23508939146995544,soft_tissue,soft_tissue,True
CVCL_M155,CVCL_1Y70,0.23486250638961792,soft_tissue,peripheral_nervous_system,False
CVCL_M155,CVCL_1105,0.23165708780288696,soft_tissue,lung,False
CVCL_M155,CVCL_2193,0.23090261220932007,soft_tissue,cervix,False
CVCL_M156,CVCL_RS25,0.3613385260105133,soft_tissue,soft_tissue,True
CVCL_M156,CVCL_1755,0.33369264006614685,soft_tissue,soft_tissue,True
CVCL_M156,CVCL_U760,0.30233317613601685,soft_tissue,soft_tissue,True
CVCL_M156,CVCL_1577,0.2802365720272064,soft_tissue,lung,False
CVCL_M156,CVCL_1479,0.2735372483730316,soft_tissue,lung,False
CVCL_M156,CVCL_1279,0.27060699462890625,soft_tissue,gastric,False
CVCL_M156,CVCL_1406,0.27004384994506836,soft_tissue,uterus,False
CVCL_M156,CVCL_8001,0.26266834139823914,soft_tissue,soft_tissue,True
CVCL_M156,CVCL_1567,0.24281984567642212,soft_tissue,lung,False
CVCL_M156,CVCL_8007,0.24138495326042175,soft_tissue,soft_tissue,True
CVCL_M156,CVCL_0077,0.23656637966632843,soft_tissue,liver,False
CVCL_M156,CVCL_2914,0.2345190942287445,soft_tissue,lung,False
CVCL_M156,CVCL_M149,0.23395340144634247,soft_tissue,soft_tissue,True
CVCL_M261,CVCL_1083,0.5373862385749817,bile_duct,urinary_tract,False
CVCL_M261,CVCL_1063,0.5372418165206909,bile_duct,epidermoid_carcinoma,False
CVCL_M261,CVCL_2221,0.5280666351318359,bile_duct,upper_aerodigestive,False
CVCL_M261,CVCL_1107,0.527430534362793,bile_duct,upper_aerodigestive,False
CVCL_M261,CVCL_2229,0.5271240472793579,bile_duct,upper_aerodigestive,False
CVCL_M261,CVCL_0186,0.5243071913719177,bile_duct,pancreas,False
CVCL_M261,CVCL_1086,0.5203895568847656,bile_duct,upper_aerodigestive,False
CVCL_M261,CVCL_3086,0.5134387016296387,bile_duct,upper_aerodigestive,False
CVCL_M261,CVCL_1091,0.5108963847160339,bile_duct,prostate,False
CVCL_M261,CVCL_1287,0.5037401914596558,bile_duct,upper_aerodigestive,False
CVCL_M261,CVCL_1102,0.4989829659461975,bile_duct,upper_aerodigestive,False
CVCL_M261,CVCL_E329,0.49775028228759766,bile_duct,bile_duct,True
CVCL_M261,CVCL_1763,0.49329954385757446,bile_duct,esophagus,False
CVCL_M261,CVCL_2677,0.49211299419403076,bile_duct,prostate,False
CVCL_M465,CVCL_M469,0.5921921730041504,pancreas,pancreas,True
CVCL_M465,CVCL_S507,0.5313899517059326,pancreas,pancreas,True
CVCL_M465,CVCL_1119,0.49302178621292114,pancreas,pancreas,True
CVCL_M465,CVCL_5034,0.485785573720932,pancreas,pancreas,True
CVCL_M465,CVCL_1638,0.47911176085472107,pancreas,pancreas,True
CVCL_M465,CVCL_A1VG,0.4722621738910675,pancreas,bile_duct,False
CVCL_M466,CVCL_M469,0.5409839749336243,pancreas,pancreas,True
CVCL_M466,CVCL_S507,0.5185568332672119,pancreas,pancreas,True
CVCL_M466,CVCL_A1UH,0.46802565455436707,pancreas,pancreas,True
CVCL_M466,CVCL_5034,0.4670811593532562,pancreas,pancreas,True
CVCL_M466,CVCL_1638,0.46643710136413574,pancreas,pancreas,True
CVCL_M466,CVCL_1636,0.46121495962142944,pancreas,pancreas,True
CVCL_M466,CVCL_A1VG,0.4585758447647095,pancreas,bile_duct,False
CVCL_M467,CVCL_E115,0.4322209656238556,pancreas,uterus,False
CVCL_M467,CVCL_1111,0.43051624298095703,pancreas,kidney,False
CVCL_M467,CVCL_V607,0.42545217275619507,pancreas,kidney,False
CVCL_M467,CVCL_7935,0.41205763816833496,pancreas,urinary_tract,False
CVCL_M467,CVCL_5008,0.41112950444221497,pancreas,bile_duct,False
CVCL_M467,CVCL_7937,0.40186771750450134,pancreas,urinary_tract,False
CVCL_M467,CVCL_1065,0.39411988854408264,pancreas,kidney,False
CVCL_M467,CVCL_1050,0.3884700834751129,pancreas,kidney,False
CVCL_M467,CVCL_A1VF,0.38662803173065186,pancreas,bile_duct,False
CVCL_M467,CVCL_5957,0.3848567605018616,pancreas,kidney,False
CVCL_M467,CVCL_5089,0.38311830163002014,pancreas,liver,False
CVCL_M467,CVCL_DH05,0.38279059529304504,pancreas,ovary,False
CVCL_M467,CVCL_1850,0.378820538520813,pancreas,pancreas,True
CVCL_M467,CVCL_5953,0.3765563368797302,pancreas,kidney,False
CVCL_M469,CVCL_S507,0.5810576677322388,pancreas,pancreas,True
CVCL_M469,CVCL_0026,0.4741489887237549,pancreas,pancreas,True
CVCL_M469,CVCL_5034,0.47363606095314026,pancreas,pancreas,True
CVCL_M599,CVCL_VU81,0.7338394522666931,soft_tissue,soft_tissue,True
CVCL_M599,CVCL_V415,0.5651594400405884,soft_tissue,soft_tissue,True
CVCL_M599,CVCL_RT33,0.5075069069862366,soft_tissue,soft_tissue,True
CVCL_M599,CVCL_N820,0.4089110195636749,soft_tissue,soft_tissue,True
CVCL_M823,CVCL_0863,0.5015782713890076,soft_tissue,fibroblast,False
CVCL_M823,CVCL_1809,0.47490420937538147,soft_tissue,bone,False
CVCL_M823,CVCL_3603,0.4533107876777649,soft_tissue,thyroid,False
CVCL_M823,CVCL_1173,0.4514847695827484,soft_tissue,central_nervous_system,False
CVCL_M823,CVCL_WU66,0.4474591314792633,soft_tissue,bone,False
CVCL_M823,CVCL_A1UY,0.4422644376754761,soft_tissue,soft_tissue,True
CVCL_M823,CVCL_0871,0.43454763293266296,soft_tissue,soft_tissue,True
CVCL_M823,CVCL_5069,0.42915230989456177,soft_tissue,central_nervous_system,False
CVCL_M846,CVCL_2419,0.30396977066993713,soft_tissue,ovary,False
CVCL_M846,CVCL_2010,0.2697499990463257,soft_tissue,ovary,False
CVCL_M846,CVCL_3407,0.2610597014427185,soft_tissue,embryo,False
CVCL_M846,CVCL_0270,0.2570417523384094,soft_tissue,kidney,False
CVCL_M846,CVCL_2596,0.256756067276001,soft_tissue,lung,False
CVCL_M846,CVCL_2734,0.25664106011390686,soft_tissue,ovary,False
CVCL_M846,CVCL_8007,0.2535604238510132,soft_tissue,soft_tissue,True
CVCL_M846,CVCL_S987,0.24918119609355927,soft_tissue,ovary,False
CVCL_M846,CVCL_8001,0.24797974526882172,soft_tissue,soft_tissue,True
CVCL_M846,CVCL_1304,0.24304087460041046,soft_tissue,ovary,False
CVCL_M846,CVCL_1110,0.24249735474586487,soft_tissue,breast,False
CVCL_M846,CVCL_4W68,0.2400341033935547,soft_tissue,central_nervous_system,False
CVCL_M846,CVCL_5087,0.23662379384040833,soft_tissue,central_nervous_system,False
CVCL_N586,CVCL_N588,0.5256328582763672,soft_tissue,soft_tissue,True
CVCL_N586,CVCL_WU91,0.484475702047348,soft_tissue,soft_tissue,True
CVCL_N586,CVCL_1Y70,0.36657968163490295,soft_tissue,peripheral_nervous_system,False
CVCL_N586,CVCL_2585,0.34147146344184875,soft_tissue,skin,False
CVCL_N586,CVCL_1755,0.32683998346328735,soft_tissue,soft_tissue,True
CVCL_N586,CVCL_1174,0.31899040937423706,soft_tissue,lung,False
CVCL_N586,CVCL_2584,0.31873562932014465,soft_tissue,skin,False
CVCL_N586,CVCL_1577,0.31493428349494934,soft_tissue,lung,False
CVCL_N586,CVCL_0618,0.30854153633117676,soft_tissue,breast,False
CVCL_N586,CVCL_1092,0.30594730377197266,soft_tissue,breast,False
CVCL_N586,CVCL_0533,0.30447137355804443,soft_tissue,soft_tissue,True
CVCL_N586,CVCL_1503,0.3003299832344055,soft_tissue,lung,False
CVCL_N588,CVCL_WU91,0.3963523805141449,soft_tissue,soft_tissue,True
CVCL_N588,CVCL_1577,0.3662692606449127,soft_tissue,lung,False
CVCL_N588,CVCL_0871,0.3575497567653656,soft_tissue,soft_tissue,True
CVCL_N588,CVCL_3407,0.35276177525520325,soft_tissue,embryo,False
CVCL_N588,CVCL_1595,0.35260531306266785,soft_tissue,lung,False
CVCL_N588,CVCL_2585,0.3434591293334961,soft_tissue,skin,False
CVCL_N588,CVCL_2591,0.338001012802124,soft_tissue,lung,False
CVCL_N588,CVCL_YU13,0.33713996410369873,soft_tissue,peripheral_nervous_system,False
CVCL_N820,CVCL_V415,0.4549281597137451,soft_tissue,soft_tissue,True
CVCL_N820,CVCL_RT33,0.4098154306411743,soft_tissue,soft_tissue,True
CVCL_N820,CVCL_1659,0.39033234119415283,soft_tissue,soft_tissue,True
CVCL_N820,CVCL_B255,0.38086965680122375,soft_tissue,soft_tissue,True
CVCL_N820,CVCL_5916,0.37765803933143616,soft_tissue,soft_tissue,True
CVCL_N820,CVCL_VU81,0.36019229888916016,soft_tissue,soft_tissue,True
CVCL_N820,CVCL_A667,0.3562183082103729,soft_tissue,soft_tissue,True
CVCL_N820,CVCL_VU89,0.3334456980228424,soft_tissue,kidney,False
CVCL_RL84,CVCL_0337,0.5039580464363098,lymphocyte,lymphocyte,True
CVCL_RL84,CVCL_1870,0.48285624384880066,lymphocyte,blood,False
CVCL_RL84,CVCL_2022,0.48210084438323975,lymphocyte,blood,False
CVCL_RS25,CVCL_1503,0.3893841803073883,soft_tissue,lung,False
CVCL_RS25,CVCL_1458,0.38210853934288025,soft_tissue,lung,False
CVCL_RS25,CVCL_1510,0.3816242516040802,soft_tissue,lung,False
CVCL_RS25,CVCL_1Y70,0.3748130798339844,soft_tissue,peripheral_nervous_system,False
CVCL_RS25,CVCL_1702,0.3633507192134857,soft_tissue,peripheral_nervous_system,False
CVCL_RS25,CVCL_M153,0.3626170754432678,soft_tissue,bone,False
CVCL_RS25,CVCL_1391,0.36212825775146484,soft_tissue,lung,False
CVCL_RS25,CVCL_1595,0.3616378605365753,soft_tissue,lung,False
CVCL_RS25,CVCL_1542,0.35793212056159973,soft_tissue,lung,False
CVCL_RS25,CVCL_1405,0.35671189427375793,soft_tissue,uterus,False
CVCL_RS25,CVCL_U760,0.35230305790901184,soft_tissue,soft_tissue,True
CVCL_RT33,CVCL_VU81,0.749140739440918,soft_tissue,soft_tissue,True
CVCL_RT33,CVCL_V415,0.36531862616539,soft_tissue,soft_tissue,True
CVCL_RT33,CVCL_B255,0.3276812434196472,soft_tissue,soft_tissue,True
CVCL_RT33,CVCL_1Y70,0.32536256313323975,soft_tissue,peripheral_nervous_system,False
CVCL_RT33,CVCL_1176,0.3240911662578583,soft_tissue,lung,False
CVCL_S740,CVCL_V618,0.7534183859825134,bone,bone,True
CVCL_S906,CVCL_1409,0.6491612195968628,blood,blood,True
CVCL_S906,CVCL_0091,0.6431622505187988,blood,blood,True
CVCL_S906,CVCL_1835,0.6404069066047668,blood,blood,True
CVCL_S906,CVCL_0103,0.6044334173202515,blood,blood,True
CVCL_S906,CVCL_1410,0.5971364974975586,blood,blood,True
CVCL_S906,CVCL_0181,0.5864271521568298,blood,blood,True
CVCL_S906,CVCL_1426,0.5839287042617798,blood,blood,True
CVCL_S906,CVCL_2119,0.5573863387107849,blood,blood,True
CVCL_S906,CVCL_0064,0.5562328100204468,blood,blood,True
CVCL_S906,CVCL_0614,0.5491246581077576,blood,blood,True
CVCL_S987,CVCL_1595,0.3778662085533142,ovary,lung,False
CVCL_S987,CVCL_2034,0.3634850084781647,ovary,uterus,False
CVCL_S987,CVCL_0542,0.33391547203063965,ovary,adrenal_cortex,False
CVCL_S987,CVCL_1577,0.3323362171649933,ovary,lung,False
CVCL_S987,CVCL_1479,0.31567567586898804,ovary,lung,False
CVCL_S987,CVCL_1174,0.31352636218070984,ovary,lung,False
CVCL_S987,CVCL_0060,0.30598753690719604,ovary,lung,False
CVCL_S987,CVCL_2734,0.29128506779670715,ovary,ovary,True
CVCL_U613,CVCL_WS59,0.5677462816238403,soft_tissue,kidney,False
CVCL_U613,CVCL_VU89,0.461173415184021,soft_tissue,kidney,False
CVCL_U613,CVCL_U614,0.4584823250770569,soft_tissue,soft_tissue,True
CVCL_U613,CVCL_0582,0.40146198868751526,soft_tissue,thyroid,False
CVCL_U613,CVCL_2593,0.3950924575328827,soft_tissue,lung,False
CVCL_U613,CVCL_WS73,0.3946790397167206,soft_tissue,central_nervous_system,False
CVCL_U613,CVCL_1721,0.39098358154296875,soft_tissue,urinary_tract,False
CVCL_U613,CVCL_2585,0.38841214776039124,soft_tissue,skin,False
CVCL_U613,CVCL_4647,0.3855714797973633,soft_tissue,ovary,False
CVCL_U613,CVCL_0234,0.38433101773262024,soft_tissue,kidney,False
CVCL_U613,CVCL_2682,0.38151466846466064,soft_tissue,ovary,False
CVCL_U613,CVCL_4849,0.38029828667640686,soft_tissue,gastric,False
CVCL_U614,CVCL_A1UY,0.4539821743965149,soft_tissue,soft_tissue,True
CVCL_U614,CVCL_0932,0.4202553927898407,soft_tissue,fibroblast,False
CVCL_U614,CVCL_0863,0.41773295402526855,soft_tissue,fibroblast,False
CVCL_U614,CVCL_0844,0.4128395915031433,soft_tissue,central_nervous_system,False
CVCL_U614,CVCL_0871,0.40802448987960815,soft_tissue,soft_tissue,True
CVCL_U614,CVCL_1809,0.4028852581977844,soft_tissue,bone,False
CVCL_U614,CVCL_WS73,0.39777934551239014,soft_tissue,central_nervous_system,False
CVCL_U614,CVCL_8585,0.3972964584827423,soft_tissue,central_nervous_system,False
CVCL_U614,CVCL_0966,0.39720842242240906,soft_tissue,fibroblast,False
CVCL_U614,CVCL_0401,0.39379119873046875,soft_tissue,central_nervous_system,False
CVCL_U757,CVCL_U760,0.33254972100257874,soft_tissue,soft_tissue,True
CVCL_U757,CVCL_8005,0.3065167963504791,soft_tissue,soft_tissue,True
CVCL_U757,CVCL_V616,0.3043246567249298,soft_tissue,central_nervous_system,False
CVCL_U757,CVCL_RS25,0.2800605595111847,soft_tissue,soft_tissue,True
CVCL_U757,CVCL_1479,0.2677347958087921,soft_tissue,lung,False
CVCL_U757,CVCL_1058,0.2598869800567627,soft_tissue,soft_tissue,True
CVCL_U757,CVCL_2218,0.2446041703224182,soft_tissue,thyroid,False
CVCL_U757,CVCL_1174,0.2407829612493515,soft_tissue,lung,False
CVCL_U757,CVCL_C303,0.23960325121879578,soft_tissue,eye,False
CVCL_U757,CVCL_0077,0.23950813710689545,soft_tissue,liver,False
CVCL_U757,CVCL_1379,0.23106136918067932,soft_tissue,prostate,False
CVCL_U757,CVCL_0270,0.23072542250156403,soft_tissue,kidney,False
CVCL_U760,CVCL_1174,0.3977472484111786,soft_tissue,lung,False
CVCL_U760,CVCL_6C44,0.3717799782752991,soft_tissue,soft_tissue,True
CVCL_U760,CVCL_1577,0.3601028323173523,soft_tissue,lung,False
CVCL_U760,CVCL_V616,0.3503265976905823,soft_tissue,central_nervous_system,False
CVCL_U760,CVCL_1567,0.34413379430770874,soft_tissue,lung,False
CVCL_U760,CVCL_1755,0.34408652782440186,soft_tissue,soft_tissue,True
CVCL_U760,CVCL_1595,0.3334779441356659,soft_tissue,lung,False
CVCL_U760,CVCL_1Y70,0.3334548771381378,soft_tissue,peripheral_nervous_system,False
CVCL_U797,CVCL_2681,0.6035269498825073,skin,upper_aerodigestive,False
CVCL_U797,CVCL_1063,0.5837533473968506,skin,epidermoid_carcinoma,False
CVCL_U797,CVCL_2943,0.5600326061248779,skin,skin,True
CVCL_U797,CVCL_1108,0.5599313974380493,skin,upper_aerodigestive,False
CVCL_U797,CVCL_2229,0.5584729313850403,skin,upper_aerodigestive,False
CVCL_U797,CVCL_1682,0.5572699308395386,skin,upper_aerodigestive,False
CVCL_U797,CVCL_3086,0.5557544827461243,skin,upper_aerodigestive,False
CVCL_U797,CVCL_1681,0.5532938241958618,skin,upper_aerodigestive,False
CVCL_U797,CVCL_1086,0.551334023475647,skin,upper_aerodigestive,False
CVCL_U797,CVCL_2661,0.5468658208847046,skin,esophagus,False
CVCL_U797,CVCL_2679,0.544445812702179,skin,upper_aerodigestive,False
CVCL_U797,CVCL_2680,0.5424208641052246,skin,upper_aerodigestive,False
CVCL_V414,CVCL_0941,0.6479735970497131,soft_tissue,fibroblast,False
CVCL_V414,CVCL_0846,0.6264192461967468,soft_tissue,fibroblast,False
CVCL_V414,CVCL_0928,0.623535692691803,soft_tissue,fibroblast,False
CVCL_V414,CVCL_0933,0.6181195974349976,soft_tissue,fibroblast,False
CVCL_V414,CVCL_3806,0.6143596768379211,soft_tissue,fibroblast,False
CVCL_V414,CVCL_0814,0.6127663850784302,soft_tissue,fibroblast,False
CVCL_V414,CVCL_0726,0.6120294332504272,soft_tissue,fibroblast,False
CVCL_V414,CVCL_1031,0.5936627388000488,soft_tissue,fibroblast,False
CVCL_V414,CVCL_A1UX,0.5933132767677307,soft_tissue,bone,False
CVCL_V414,CVCL_1743,0.5924165844917297,soft_tissue,fibroblast,False
CVCL_V414,CVCL_3605,0.5882823467254639,soft_tissue,fibroblast,False
CVCL_V414,CVCL_0882,0.5815753936767578,soft_tissue,fibroblast,False
CVCL_V414,CVCL_0878,0.5772428512573242,soft_tissue,fibroblast,False
CVCL_V414,CVCL_A1UY,0.5695334076881409,soft_tissue,soft_tissue,True
CVCL_V415,CVCL_VU81,0.43837854266166687,soft_tissue,soft_tissue,True
CVCL_V415,CVCL_B255,0.4288475811481476,soft_tissue,soft_tissue,True
CVCL_V415,CVCL_A667,0.33416515588760376,soft_tissue,soft_tissue,True
CVCL_V415,CVCL_A1UY,0.3281901180744171,soft_tissue,soft_tissue,True
CVCL_V415,CVCL_8752,0.32398876547813416,soft_tissue,soft_tissue,True
CVCL_V586,CVCL_2679,0.6547397375106812,lung,upper_aerodigestive,False
CVCL_V586,CVCL_6950,0.6338080763816833,lung,cervix,False
CVCL_V586,CVCL_5017,0.6061490178108215,lung,upper_aerodigestive,False
CVCL_V586,CVCL_2222,0.6008977293968201,lung,upper_aerodigestive,False
CVCL_V586,CVCL_1063,0.6000552773475647,lung,epidermoid_carcinoma,False
CVCL_V586,CVCL_1682,0.5951498746871948,lung,upper_aerodigestive,False
CVCL_V605,CVCL_6186,0.485729843378067,kidney,kidney,True
CVCL_V605,CVCL_V607,0.48289552330970764,kidney,kidney,True
CVCL_V605,CVCL_1065,0.4715877175331116,kidney,kidney,True
CVCL_V605,CVCL_1050,0.47076693177223206,kidney,kidney,True
CVCL_V605,CVCL_1111,0.4599192142486572,kidney,kidney,True
CVCL_V605,CVCL_1791,0.4411446452140808,kidney,kidney,True
CVCL_V605,CVCL_1721,0.4255422353744507,kidney,urinary_tract,False
CVCL_V605,CVCL_1056,0.4178239703178406,kidney,kidney,True
CVCL_V605,CVCL_2985,0.40404972434043884,kidney,kidney,True
CVCL_V605,CVCL_V610,0.4038861095905304,kidney,kidney,True
CVCL_V605,CVCL_5957,0.39829227328300476,kidney,kidney,True
CVCL_V605,CVCL_8788,0.3889830410480499,kidney,kidney,True
CVCL_V605,CVCL_V612,0.3889302909374237,kidney,kidney,True
CVCL_V605,CVCL_2986,0.3864988386631012,kidney,kidney,True
CVCL_V606,CVCL_2588,0.3515909016132355,urinary_tract,colorectal,False
CVCL_V606,CVCL_8721,0.32642051577568054,urinary_tract,uterus,False
CVCL_V606,CVCL_1229,0.32099613547325134,urinary_tract,soft_tissue,False
CVCL_V606,CVCL_1430,0.3110314905643463,urinary_tract,lung,False
CVCL_V606,CVCL_1167,0.30575597286224365,urinary_tract,central_nervous_system,False
CVCL_V606,CVCL_1070,0.28583264350891113,urinary_tract,central_nervous_system,False
CVCL_V606,CVCL_0153,0.2816683053970337,urinary_tract,thyroid,False
CVCL_V606,CVCL_0042,0.28106802701950073,urinary_tract,bone,False
CVCL_V606,CVCL_2585,0.2797123193740845,urinary_tract,skin,False
CVCL_V606,CVCL_1518,0.2770557105541229,urinary_tract,lung,False
CVCL_V606,CVCL_4W66,0.27514714002609253,urinary_tract,central_nervous_system,False
CVCL_V607,CVCL_V610,0.5986409783363342,kidney,kidney,True
CVCL_V607,CVCL_V612,0.5630146265029907,kidney,kidney,True
CVCL_V611,CVCL_1911,0.39767614006996155,kidney,kidney,True
CVCL_V611,CVCL_V605,0.3754153251647949,kidney,kidney,True
CVCL_V611,CVCL_8788,0.35631826519966125,kidney,kidney,True
CVCL_V611,CVCL_1626,0.3510063588619232,kidney,kidney,True
CVCL_V611,CVCL_2985,0.34616029262542725,kidney,kidney,True
CVCL_V611,CVCL_5957,0.3350134491920471,kidney,kidney,True
CVCL_V611,CVCL_A1VB,0.33084017038345337,kidney,bile_duct,False
CVCL_V611,CVCL_1056,0.3214329481124878,kidney,kidney,True
CVCL_V611,CVCL_0366,0.320198655128479,kidney,liver,False
CVCL_V611,CVCL_1616,0.32013392448425293,kidney,ovary,False
CVCL_V611,CVCL_1311,0.3161134421825409,kidney,lung,False
CVCL_V611,CVCL_V610,0.3131374418735504,kidney,kidney,True
CVCL_V611,CVCL_6186,0.310489296913147,kidney,kidney,True
CVCL_V611,CVCL_1065,0.3090605139732361,kidney,kidney,True
CVCL_V611,CVCL_V607,0.30760401487350464,kidney,kidney,True
CVCL_V613,CVCL_1652,0.48648756742477417,central_nervous_system,lung,False
CVCL_V613,CVCL_3158,0.42378634214401245,central_nervous_system,ovary,False
CVCL_V613,CVCL_1483,0.41059327125549316,central_nervous_system,lung,False
CVCL_V613,CVCL_L083,0.41021084785461426,central_nervous_system,upper_aerodigestive,False
CVCL_V616,CVCL_VU69,0.431013286113739,central_nervous_system,ovary,False
CVCL_V616,CVCL_YU13,0.39700475335121155,central_nervous_system,peripheral_nervous_system,False
CVCL_V616,CVCL_1479,0.37650156021118164,central_nervous_system,lung,False
CVCL_V616,CVCL_6C44,0.37033405900001526,central_nervous_system,soft_tissue,False
CVCL_V616,CVCL_2584,0.3294118046760559,central_nervous_system,skin,False
CVCL_V616,CVCL_3612,0.3098352551460266,central_nervous_system,ovary,False
CVCL_V616,CVCL_0077,0.3081652820110321,central_nervous_system,liver,False
CVCL_V617,CVCL_0942,0.6750121712684631,fibroblast,fibroblast,True
CVCL_V617,CVCL_2182,0.6549373865127563,fibroblast,fibroblast,True
CVCL_V617,CVCL_0966,0.6314027905464172,fibroblast,fibroblast,True
CVCL_V617,CVCL_0715,0.6313669681549072,fibroblast,fibroblast,True
CVCL_V617,CVCL_0891,0.621264636516571,fibroblast,fibroblast,True
CVCL_V617,CVCL_WS73,0.6179860234260559,fibroblast,central_nervous_system,False
CVCL_V617,CVCL_0882,0.6092622876167297,fibroblast,fibroblast,True
CVCL_V617,CVCL_0814,0.600697934627533,fibroblast,fibroblast,True
CVCL_V622,CVCL_0026,0.4157133400440216,lung,pancreas,False
CVCL_V622,CVCL_1633,0.4081459939479828,lung,pancreas,False
CVCL_V622,CVCL_1639,0.39419323205947876,lung,pancreas,False
CVCL_V622,CVCL_0237,0.39010927081108093,lung,pancreas,False
CVCL_V622,CVCL_3004,0.3868021070957184,lung,pancreas,False
CVCL_V622,CVCL_6831,0.3792133331298828,lung,lung,True
CVCL_V622,CVCL_1119,0.37399646639823914,lung,pancreas,False
CVCL_V622,CVCL_5101,0.3692247271537781,lung,bile_duct,False
CVCL_V622,CVCL_1634,0.36796191334724426,lung,pancreas,False
CVCL_V622,CVCL_5160,0.36705321073532104,lung,lung,True
CVCL_V622,CVCL_1524,0.36607593297958374,lung,lung,True
CVCL_V626,CVCL_WS60,0.644532322883606,prostate,lung,False
CVCL_V626,CVCL_1091,0.4827037751674652,prostate,prostate,True
CVCL_V626,CVCL_U797,0.48159992694854736,prostate,skin,False
CVCL_V626,CVCL_1288,0.47435638308525085,prostate,upper_aerodigestive,False
CVCL_V626,CVCL_IZ34,0.4698867201805115,prostate,breast,False
CVCL_V626,CVCL_2457,0.4686930775642395,prostate,upper_aerodigestive,False
CVCL_V626,CVCL_1681,0.45774367451667786,prostate,upper_aerodigestive,False
CVCL_V626,CVCL_1685,0.4317042827606201,prostate,upper_aerodigestive,False
CVCL_V626,CVCL_1684,0.42500415444374084,prostate,upper_aerodigestive,False
CVCL_V626,CVCL_2680,0.41760990023612976,prostate,upper_aerodigestive,False
CVCL_V626,CVCL_2723,0.417226642370224,prostate,prostate,True
CVCL_V626,CVCL_8929,0.4102783203125,prostate,upper_aerodigestive,False
CVCL_V626,CVCL_1652,0.39303267002105713,prostate,lung,False
CVCL_V626,CVCL_1108,0.3927323520183563,prostate,upper_aerodigestive,False
CVCL_V626,CVCL_1682,0.3922622799873352,prostate,upper_aerodigestive,False
CVCL_VU69,CVCL_1174,0.3805461823940277,ovary,lung,False
CVCL_VU69,CVCL_1456,0.37883245944976807,ovary,lung,False
CVCL_VU69,CVCL_1595,0.36874642968177795,ovary,lung,False
CVCL_VU69,CVCL_1510,0.35944095253944397,ovary,lung,False
CVCL_VU79,CVCL_1124,0.5070205330848694,central_nervous_system,peripheral_nervous_system,False
CVCL_VU79,CVCL_1568,0.5044193863868713,central_nervous_system,lung,False
CVCL_VU79,CVCL_1132,0.48701465129852295,central_nervous_system,uterus,False
CVCL_VU79,CVCL_2141,0.484481543302536,central_nervous_system,peripheral_nervous_system,False
CVCL_VU79,CVCL_2143,0.4596331715583801,central_nervous_system,peripheral_nervous_system,False
CVCL_VU79,CVCL_0024,0.44028908014297485,central_nervous_system,lung,False
CVCL_VU79,CVCL_1507,0.43373996019363403,central_nervous_system,lung,False
CVCL_VU79,CVCL_1542,0.4268331229686737,central_nervous_system,lung,False
CVCL_VU81,CVCL_B255,0.4321225583553314,soft_tissue,soft_tissue,True
CVCL_VU81,CVCL_1659,0.3745139241218567,soft_tissue,soft_tissue,True
CVCL_VU81,CVCL_1176,0.35807639360427856,soft_tissue,lung,False
CVCL_VU89,CVCL_WS59,0.6949253082275391,kidney,kidney,True
CVCL_VU89,CVCL_WS73,0.5158517360687256,kidney,central_nervous_system,False
CVCL_VU89,CVCL_V617,0.5145622491836548,kidney,fibroblast,False
CVCL_VU89,CVCL_0698,0.5115693211555481,kidney,fibroblast,False
CVCL_VU89,CVCL_0891,0.4537682831287384,kidney,fibroblast,False
CVCL_VU89,CVCL_0966,0.4520926773548126,kidney,fibroblast,False
CVCL_VU89,CVCL_0871,0.43861377239227295,kidney,soft_tissue,False
CVCL_VU89,CVCL_1911,0.43849021196365356,kidney,kidney,True
CVCL_VU89,CVCL_WU66,0.43592745065689087,kidney,bone,False
CVCL_VU89,CVCL_1809,0.4346356689929962,kidney,bone,False
CVCL_VV27,CVCL_2465,0.505814254283905,bile_duct,upper_aerodigestive,False
CVCL_VV27,CVCL_5005,0.4982324242591858,bile_duct,upper_aerodigestive,False
CVCL_VV27,CVCL_1131,0.48907533288002014,bile_duct,esophagus,False
CVCL_VV27,CVCL_2678,0.4850722849369049,bile_duct,upper_aerodigestive,False
CVCL_VV27,CVCL_0419,0.4398951530456543,bile_duct,breast,False
CVCL_VV27,CVCL_2977,0.4304398000240326,bile_duct,urinary_tract,False
CVCL_VV27,CVCL_0314,0.42806434631347656,bile_duct,skin,False
CVCL_VV28,CVCL_1065,0.41700470447540283,bile_duct,kidney,False
CVCL_VV28,CVCL_5953,0.39260628819465637,bile_duct,kidney,False
CVCL_VV28,CVCL_5089,0.392029345035553,bile_duct,liver,False
CVCL_VV28,CVCL_5599,0.3889269232749939,bile_duct,bile_duct,True
CVCL_VV28,CVCL_6899,0.37448155879974365,bile_duct,bile_duct,True
CVCL_VV28,CVCL_1850,0.3669297397136688,bile_duct,pancreas,False
CVCL_VV28,CVCL_5103,0.3649861812591553,bile_duct,liver,False
CVCL_VV28,CVCL_2985,0.36194908618927,bile_duct,kidney,False
CVCL_WS59,CVCL_1721,0.4805310070514679,kidney,urinary_tract,False
CVCL_WS59,CVCL_1067,0.4589977264404297,kidney,kidney,True
CVCL_WS59,CVCL_1647,0.4359121024608612,kidney,kidney,True
CVCL_WS59,CVCL_2682,0.4304690957069397,kidney,ovary,False
CVCL_WS59,CVCL_E115,0.4232329726219177,kidney,uterus,False
CVCL_WS59,CVCL_B255,0.4085102081298828,kidney,soft_tissue,False
CVCL_WS59,CVCL_0234,0.40369242429733276,kidney,kidney,True
CVCL_WS59,CVCL_5953,0.401174396276474,kidney,kidney,True
CVCL_WS59,CVCL_1051,0.39129844307899475,kidney,kidney,True
CVCL_WS59,CVCL_2593,0.3907724618911743,kidney,lung,False
CVCL_WS60,CVCL_3810,0.5961937308311462,lung,prostate,False
CVCL_WS60,CVCL_1685,0.5859546661376953,lung,upper_aerodigestive,False
CVCL_WS60,CVCL_2457,0.5827636122703552,lung,upper_aerodigestive,False
CVCL_WS60,CVCL_1091,0.5794486403465271,lung,prostate,False
CVCL_WS60,CVCL_2722,0.5781428217887878,lung,prostate,False
CVCL_WS60,CVCL_1681,0.5751668214797974,lung,upper_aerodigestive,False
CVCL_WS60,CVCL_2723,0.5665854811668396,lung,prostate,False
CVCL_WS60,CVCL_1684,0.5351070761680603,lung,upper_aerodigestive,False
CVCL_WS60,CVCL_1086,0.5282374024391174,lung,upper_aerodigestive,False
CVCL_WS60,CVCL_U797,0.5111056566238403,lung,skin,False
CVCL_WS60,CVCL_2310,0.5011942982673645,lung,upper_aerodigestive,False
CVCL_WS60,CVCL_1634,0.4983210563659668,lung,pancreas,False
CVCL_WS60,CVCL_2308,0.49580806493759155,lung,upper_aerodigestive,False
CVCL_WS70,CVCL_8005,0.31945598125457764,soft_tissue,soft_tissue,True
CVCL_WS70,CVCL_0542,0.3165663480758667,soft_tissue,adrenal_cortex,False
CVCL_WS70,CVCL_2010,0.31248199939727783,soft_tissue,ovary,False
CVCL_WS70,CVCL_VU69,0.2841697037220001,soft_tissue,ovary,False
CVCL_WS70,CVCL_1515,0.2788454592227936,soft_tissue,lung,False
CVCL_WS70,CVCL_1655,0.27062201499938965,soft_tissue,lung,False
CVCL_WS70,CVCL_2585,0.2667732834815979,soft_tissue,skin,False
CVCL_WS70,CVCL_1567,0.2645774483680725,soft_tissue,lung,False
CVCL_WS70,CVCL_V616,0.26111820340156555,soft_tissue,central_nervous_system,False
CVCL_WS70,CVCL_5007,0.26046547293663025,soft_tissue,uterus,False
CVCL_WS73,CVCL_0698,0.5272484421730042,central_nervous_system,fibroblast,False
CVCL_WS73,CVCL_1117,0.5107607841491699,central_nervous_system,central_nervous_system,True
CVCL_WS73,CVCL_0844,0.5102341175079346,central_nervous_system,central_nervous_system,True
CVCL_WS73,CVCL_3603,0.50733882188797,central_nervous_system,thyroid,False
CVCL_WS73,CVCL_0979,0.5050854086875916,central_nervous_system,fibroblast,False
CVCL_WS73,CVCL_0942,0.48590272665023804,central_nervous_system,fibroblast,False
CVCL_WS73,CVCL_2019,0.47545814514160156,central_nervous_system,fibroblast,False
CVCL_WS73,CVCL_1795,0.4672276973724365,central_nervous_system,central_nervous_system,True
CVCL_WU66,CVCL_A1UY,0.5521324276924133,bone,soft_tissue,False
CVCL_WU66,CVCL_0871,0.5175570249557495,bone,soft_tissue,False
CVCL_WU66,CVCL_0966,0.5101565718650818,bone,fibroblast,False
CVCL_WU66,CVCL_YU13,0.5059478878974915,bone,peripheral_nervous_system,False
CVCL_WU66,CVCL_0846,0.5042960047721863,bone,fibroblast,False
CVCL_WU66,CVCL_0979,0.4994845688343048,bone,fibroblast,False
CVCL_WU66,CVCL_0698,0.4982847273349762,bone,fibroblast,False
CVCL_WU66,CVCL_0844,0.49798959493637085,bone,central_nervous_system,False
CVCL_WU66,CVCL_V414,0.4972100257873535,bone,soft_tissue,False
CVCL_WU67,CVCL_0871,0.46207910776138306,soft_tissue,soft_tissue,True
CVCL_WU67,CVCL_0844,0.4303493797779083,soft_tissue,central_nervous_system,False
CVCL_WU67,CVCL_1R16,0.42112937569618225,soft_tissue,central_nervous_system,False
CVCL_WU67,CVCL_5010,0.40570637583732605,soft_tissue,central_nervous_system,False
CVCL_WU67,CVCL_1093,0.4026964604854584,soft_tissue,central_nervous_system,False
CVCL_WU67,CVCL_3960,0.40246739983558655,soft_tissue,central_nervous_system,False
CVCL_WU67,CVCL_0698,0.40178951621055603,soft_tissue,fibroblast,False
CVCL_WU67,CVCL_WU91,0.4003828465938568,soft_tissue,soft_tissue,True
CVCL_WU67,CVCL_1798,0.39891329407691956,soft_tissue,central_nervous_system,False
CVCL_WU67,CVCL_5069,0.3974936902523041,soft_tissue,central_nervous_system,False
CVCL_WU67,CVCL_A1VQ,0.39713209867477417,soft_tissue,soft_tissue,True
CVCL_WU67,CVCL_M823,0.39686140418052673,soft_tissue,soft_tissue,True
CVCL_WU67,CVCL_B255,0.39582887291908264,soft_tissue,soft_tissue,True
CVCL_WU67,CVCL_1Y70,0.3928043842315674,soft_tissue,peripheral_nervous_system,False
CVCL_WU91,CVCL_1503,0.4200887382030487,soft_tissue,lung,False
CVCL_WU91,CVCL_2105,0.4182051420211792,soft_tissue,peripheral_nervous_system,False
CVCL_WU91,CVCL_2584,0.4060170352458954,soft_tissue,skin,False
CVCL_WU91,CVCL_2141,0.40430009365081787,soft_tissue,peripheral_nervous_system,False
CVCL_WU91,CVCL_YU13,0.3990756571292877,soft_tissue,peripheral_nervous_system,False
CVCL_WU91,CVCL_1411,0.3946291208267212,soft_tissue,bone,False
CVCL_WU91,CVCL_6583,0.3854052424430847,soft_tissue,bone,False
CVCL_X504,CVCL_1222,0.6974701881408691,lymphocyte,lymphocyte,True
CVCL_X504,CVCL_1861,0.6773484349250793,lymphocyte,lymphocyte,True
CVCL_X504,CVCL_B371,0.6735623478889465,lymphocyte,lymphocyte,True
CVCL_X504,CVCL_1087,0.6693578362464905,lymphocyte,lymphocyte,True
CVCL_X504,CVCL_1186,0.658144474029541,lymphocyte,lymphocyte,True
CVCL_X981,CVCL_F531,0.6465815901756287,bone,bone,True
CVCL_X981,CVCL_4Z30,0.6444374918937683,bone,bone,True
CVCL_X981,CVCL_6583,0.6441407799720764,bone,bone,True
CVCL_X981,CVCL_S740,0.6267386674880981,bone,bone,True
CVCL_X981,CVCL_0627,0.6209042072296143,bone,bone,True
CVCL_X981,CVCL_2213,0.6144242286682129,bone,bone,True
CVCL_X981,CVCL_V618,0.607059121131897,bone,bone,True
CVCL_X981,CVCL_M150,0.606611967086792,bone,bone,True
CVCL_X981,CVCL_0631,0.6008363366127014,bone,bone,True
CVCL_X981,CVCL_4Z31,0.5991519689559937,bone,bone,True
CVCL_X981,CVCL_3177,0.5981737375259399,bone,peripheral_nervous_system,False
CVCL_X981,CVCL_0B48,0.5953697562217712,bone,bone,True
CVCL_Y019,CVCL_1234,0.41329407691955566,blood,peripheral_nervous_system,False
CVCL_Y019,CVCL_1458,0.41017425060272217,blood,lung,False
CVCL_Y019,CVCL_2105,0.39847075939178467,blood,peripheral_nervous_system,False
CVCL_Y019,CVCL_1503,0.39026230573654175,blood,lung,False
CVCL_Y019,CVCL_2058,0.3785983622074127,blood,lung,False
CVCL_Y019,CVCL_1Y70,0.37388846278190613,blood,peripheral_nervous_system,False
CVCL_Y019,CVCL_1176,0.3737461566925049,blood,lung,False
CVCL_Y019,CVCL_1124,0.3683284521102905,blood,peripheral_nervous_system,False
CVCL_Y019,CVCL_1350,0.3655511438846588,blood,esophagus,False
CVCL_Y019,CVCL_1771,0.36261922121047974,blood,peripheral_nervous_system,False
CVCL_Y019,CVCL_1701,0.3623195290565491,blood,peripheral_nervous_system,False
CVCL_Y545,CVCL_Y548,0.6962697505950928,blood,blood,True
CVCL_Y545,CVCL_Y549,0.668887734413147,blood,blood,True
CVCL_Y545,CVCL_1870,0.6604692339897156,blood,blood,True
CVCL_Y545,CVCL_4613,0.6505406498908997,blood,blood,True
CVCL_Y545,CVCL_Y547,0.6453362703323364,blood,blood,True
CVCL_Y545,CVCL_1818,0.6305719017982483,blood,lymphocyte,False
CVCL_Y545,CVCL_1319,0.6250514984130859,blood,lymphocyte,False
CVCL_Y545,CVCL_0823,0.6242983341217041,blood,lymphocyte,False
CVCL_Y545,CVCL_2027,0.6223160028457642,blood,lymphocyte,False
CVCL_Y545,CVCL_1861,0.6220704317092896,blood,lymphocyte,False
CVCL_Y547,CVCL_Y549,0.7430105209350586,blood,blood,True
CVCL_Y547,CVCL_Y548,0.7077900767326355,blood,blood,True
CVCL_Y547,CVCL_3386,0.6501485109329224,blood,plasma_cell,False
CVCL_Y547,CVCL_1818,0.6239646673202515,blood,lymphocyte,False
CVCL_Y547,CVCL_0823,0.5896380543708801,blood,lymphocyte,False
CVCL_Y547,CVCL_2027,0.56390380859375,blood,lymphocyte,False
CVCL_Y547,CVCL_3169,0.5478930473327637,blood,lymphocyte,False
CVCL_Y548,CVCL_Y549,0.7904993295669556,blood,blood,True
CVCL_YU13,CVCL_0844,0.5440518856048584,peripheral_nervous_system,central_nervous_system,False
CVCL_YU13,CVCL_0871,0.5364222526550293,peripheral_nervous_system,soft_tissue,False
CVCL_YU13,CVCL_1117,0.5231216549873352,peripheral_nervous_system,central_nervous_system,False
CVCL_YU13,CVCL_0531,0.4878997206687927,peripheral_nervous_system,peripheral_nervous_system,True
CVCL_YU13,CVCL_1722,0.47361502051353455,peripheral_nervous_system,central_nervous_system,False
